username,comment,total_like,total_reply,is_reply,reply_to,parent_comment
gitasarisonyasinagaaa,❤️❤️❤️✌️✌️✌️,0,0,0,,
zaskia_nada_ka,Aaa ganteng nya si malaikat tampan satu ini,0,0,0,,
daha_ramdhani_,😍😍ka fero gnteng bngt,0,0,0,,
stors_shavia,Orang cerdas pilih Prabowo-gibran dong,0,0,0,,
vina.gustina.739,2,0,0,0,,
posumahjeksen,Ok gassss❤️✌️,0,0,0,,
afikaaa__auliaa,ALL IN PRABOWO GIBRAN 👏👏,0,0,0,,
iyan_mrd3,yg bilang gapunya prestasi gapunya gagasan emg kalian bisa bikin Indonesia maju? pemikiran kalian juga masih tawuran wkwk mindset kalian buruk bgt ayo dong liat prestasi pa Prabowo apaa dia aja bisa di takuti dan disegani beberapa negara,0,0,0,,
gidaltiolivia,❤️✌,0,0,0,,
moms_atazkia,✌️✌️✌️✌️✌️✌️❤️❤️❤️❤️❤️❤️❤️❤️,0,0,0,,
desyfitrianingsih_,🔥,0,0,0,,
sa_lsa3500,Anis Ganjar maf ya gak pilih my like Prabowo Gibran soryy ya,0,0,0,,
pakdegunanto,Kalau parkir air gimana sama KTP angin program orang mumet😂😂😂😂😂😂😂koplak,0,0,0,,
pakdegunanto,Ya tetep✌✌✌✌✌,0,0,0,,
its.okay11111,All IN PRABOWO GIBRAN ✌️❤️,0,0,0,,
dhiyah285,✌️✌️✌️,0,0,0,,
ptraa_lost,Modal joget sm gemoy😂,0,0,0,,
taminah923,Beautiful i love blue 02,0,0,0,,
gilan384,Aniss juga cuma bisa nhomong gaa ada gagasan yg pastii mna buktiiiiinyaaa nissss,0,0,0,,
gilan384,Polonya prabowo  yeeesss lahh aniss lewattt  jokowi goooooo mantulllll,0,0,0,,
dyah_kusuma4,Gas poll 02 ✌️🇮🇩,0,0,0,,
mulyati.eet,😍😍,0,0,0,,
indonglopulalan,✌️✌️✌️✌️✌️✌️,0,0,0,,
mayaevita_,All in Prabowo Gibran! Menyala 14 Februari 🔥,6,0,0,,
nzwaanjanii,Masa pemimpin ko yg joget2,0,0,0,,
andi_s.w18,Gak mendidik lah capres sama wakil sama aja kurang gagasan,0,0,0,,
mhmm_doni0,Malu 😨😰😔,0,0,0,,
ameliaazzahra9825,Prabowo 🙌🙌,0,0,0,,
milophobia,#asalbukanprabowo #asalbukanprabowo #asalbukanprabowo #asalbukanprabowo #asalbukanprabowo,0,0,0,,
ngareacon,"Prabowo dulu 🥶 🔥
Prabowo sekarang 🙃😳",0,0,0,,
adrianamanurung,Joget gemoyy,0,0,0,,
ulacerita,Jalan pintas menuju kehancuran adalah pilih 02.,0,0,0,,
inisa.__,Dibayar berapa bang😂,0,0,0,,
wahidsalam90s,ini kampanye apa acara inbox si🤣,0,0,0,,
langit_biru512,Lagi ngebayangin Kalo meninggal pas joget gmna ya😢,0,0,0,,
_ekhy06,Butuh pemimpin bukan badut🔥,0,0,0,,
mr_oktob,goyangin aja trus..walau 3x nyalon kalah trosss😂,0,0,0,,
ohpram,Kebanyakan goyang otak lu nanti kosong😂,0,0,0,,
sambospeed_,02 cocok jadi pemimpin senam aja udah🤣,0,0,0,,
vhani10,Anak siapa it gemoy Masya Allah 02 1 putaran,0,0,0,,
karsonoali_,All in one☝️,0,0,0,,
najwanabbb,All in Prabowo😍😍❤️❤️,0,0,0,,
ahmadsaipulhajat0107,Joget joget besoknya setruk😢,0,0,0,,
aku_nanag3,01yes😍😍,1,0,0,,
devfran_rayy,"Kami tidak perlu hidup sehat, tapi yang kami perlu presiden akal yang sehat bukan yang joget ketika pidato, all in 01❤️🔥🔥🔥",0,0,0,,
herunuryana24,#salamperubahan☝️,0,0,0,,
makatitayvonne,Kan sdh bisa dilihat di jejap debat capres dan wapres,0,0,0,,
amamfchrrzie_,Bersama Prabowo menuju Indonesia Mukbang 😂,0,0,0,,
anto_asy27,"Nnt kalian bkl heran kok bs tetao kalah..
Karna prabowo capres abadi",0,0,0,,
fatahilah_23,Yang penting cuan,0,0,0,,
badrunnafis_albarawi,"Astaghfirullah, Ya Allah jauhkanlah kami dari segala fitnah dan dusta, semoga pak Anis terpilih menjadi presiden pada pilpres 2024, pak Anis terbaik dari yang baik, amin ya rabbal 'alamin",0,0,0,,
badrunnafis_albarawi,"Astaghfirullah, Ya Allah jauhkanlah kami dari segala fitnah dan dusta, semoga pak Anis terpilih menjadi presiden pada pilpres 2024, pak Anis terbaik dari yang baik, amin ya rabbal 'alamin",0,0,0,,
khusnulngibat,Amin 🤲,0,0,0,,
erikawth,Cuma bisa joged2???😂😂😂,0,0,0,,
wahyu_rolen,"Ditanya perlindungan kaum perempuan di jawab makan gratis sama gizi 😂😂😂rugi dong 🔥🔥,nanam singkong ngabisin triliunan rugi dong kalo tempat saya lempar ke tanah hidup tu singkong,all in Amin ❤️",0,0,0,,
cahaya_redup.0,"Anis dikatain jual agama? Kau yg buta pengetahuan. Setiap pemimpin itu memang harus beragama, bukan yg ke kuburan malah sembah sujud🗿 dasar wowo gemoy",0,0,0,,
ahmadzams,Klw pendukung 02 algoritmanya jogat joget musik² ngebeat.. klw pendukung 01 algoritmanya kata2 motivasi dr pak anies yg bsa menambah ilmu dan wawasan.. krna isinya gagasan² dan ide² brilyan.. 😂,0,0,0,,
ilhammangka,"Masih jauh dari acara ""DESAK ANIS""",0,0,0,,
kholidsansori,AM1N (ANIES MUHAIMIN) ☝️,0,0,0,,
rrrafffchaunima,"Sbnrnya artis2 tuh udh tau kualitas yg didukungnya sbrapa, tapi mereka dibayar buat endors aja, sama takut kalo pak anis jadi 100 orang terkaya di indo pajaknya dinaikan 😂",1,0,0,,
aditya.bustomi,Hadeh g masuk akal masuknya wc,0,0,0,,
muhamadibnu___,Rakyat papua di pedalaman menangis,0,0,0,,
yandirmsa,"katakan tidak pada anies banyak drama nya
ALL IN PRABOWO GIBRAN ✌️🩵",2,0,0,,
intan.zaza5,Food estate gmn kbr??hutan karet siap sadap mlh ditebang..tanam singkong kluar jagung..dananya gak main2 108 Triliun,1,0,0,,
kritik_pro_rakyat,#jokowiperusakdemokrasi,0,0,0,,
tubagusharlansuharja,02 mantap,0,0,0,,
asyr_ful3802,Salam perubahan Anies Baswedan Allahu Akbar persiden selanjutnya amiin,0,0,0,,
_aziz_cena,"Setelah goyang, lapar perut terus tidur karna gak masak dirumah🤣🤣🤣",1,0,0,,
ucultampan,Goyang terus bro,0,0,0,,
rossylov2021,Joget lagi joget lagi ...kampanye kok gini amat😢 katanya mau mencerdaskan anak bangsa....drpd pada joget goyang sampaikan ide gagasanya ...bisa mencontoh desak anies tabrak mahfudz malming ganjar itu kampanye berbobot 👏,0,0,0,,
robysaputra_13,Kalau cuma joget mah anak ku juga bisa 😂,0,0,0,,
lx.san02,kita butuh pemimpin bukan badut,0,0,0,,
marufghazaly439,Ajang cari badut Joged,0,0,0,,
dienakm7,"02 x, 00✓",0,0,0,,
nonielviyanti,Goyang terus bang sampai tanggal 14 lewat 😂,0,0,0,,
najlaalkhansaa,GK suka probowo terlalu gemoy dan gemuk,0,0,0,,
husen_arekmalang,ALL IN PRABOWO ( pajak di naikkan buat naikkan gaji pejabat agar tidak korupsi ) MKMKMK😂😂😂,0,0,0,,
iccaangg,Tolol,0,0,0,,
namanyaarindy,loveee ❤️❤️,0,0,0,,
seeursal96_,"EHH PENDUKUNG ANIS DAN GANJAR PERLU DI CATAT. BAPAK SAYA PNS DKI JAKARTA WAKTU ANIS BASWEDAN MENJABAT SEBAGAI GUBERNUR JATAH UANG MAKAN DIHILANGKAN DAN GAJI TKD SELURUH PNS TERKENA POTONG 50% DENGN ALASAN COVID DAN MAU DI RAPEL (diganti) PADA SAAT DESEMBER 2022 TETAPI TAK KUNJUNG DATANG PERGANTIAN UANG GAJI YG DI POTONG TIDAK DI GANTI FULL. HANYA DIGANTI 20% SAJA, DAN SAAT DITAGIH MAS ANIS BILANG ""Loh kan saya sudah selesai masa bakti nya""  SMUA PNS PADA KOMPLAIN TP BELIAU TIDAK MENDENGARKAN SUARA RAKYAT. YAKIN MAU PILIH ANIS? YG MEREKA INGINKAN ITU PERUBAHAN UNTUK KEKAYAAN SNDIRI BUKAN UNTUK RAKYAT. MAKA DR ITU SELURUH PNS DAN DISHUB TIDAK ADA YG MAU DUKUNG ANIS KARNA MEREKA SUDAH SENGSARA GARA"" BELIAU MENJABAT SEBAGAI GUBERNUR. #INI FAKTA BUKAN HOAX DAN SAYA ANAK NYA BAPAK SAYA CERITA DAN NGELUH KEPADA IBU SAYA!!

DAN UNTUK PENDUKUNG GANJAR APAKAH ANDA SIAP PERUBAHAN KINERJA? DALAM ARTIAN PEGAWAI LAMA AKAN TERSINGKIRKAN DENGAN PEGAWAI BARU YG ASAL DIPILIH OLEH ANGGOTA PDIP SPERTI PADA SAAT JOKOWI MENJABAT PRESIDEN YG HANYA D JADIKAN BONEKA OLEH MEGACHAN?? PERLU NYA EDUKASI SESUAI FAKTA DALAM PILPRES JANGAN ASAL BICARA!!!! HARGAI PILIHAN ORG LAIN KALAU ANDA MAU DIHARGAIN GAUSA NGEJUDGE KARNA KITA BEDA PILIHAN!!!

#allinnomor2",6,0,0,,
etyimulyati71,Yg pas dan ad pda dri seorang presiden cuma pak ANIS,0,0,0,,
fataytkhsnah,Anis,0,0,0,,
fataytkhsnah,Snis❤️,0,0,0,,
cung.oyik,ssstt! yng penting mukbang 😂,0,0,0,,
baby.addict7,perasaan cuma penuh sama joget² aja yaa,0,0,0,,
bin_abdulghani25,Emang ngurus negara bisa dg joget apa🔥,0,0,0,,
bin_abdulghani25,Manfaat joget buat rakyat apa ya?,0,0,0,,
dapuy_kateye,Tetep 02 di hati❤️❤️❤️,0,0,0,,
bebasinajh_,"yang milih Prabowo fix orang2 yang takut pajaknya dinaikin, cari aman ajh tuh orang2 kaya china gobloog",0,0,0,,
hermansyah4325,"Yg waras pilih no 2  prabowo gibran
Untuk indonesia semakin maju, semakin makmur. 
❤️❤️🔥🔥👏👏",0,0,0,,
zeeeyeess,ini semua tentang BISNIS cs,0,0,0,,
minayulianti,"Kaum NALAR ASAM SULFAT. Tdk paham penghianatan demokrasi dan konstitusi, demi dinasti, nalarnya cuma paham bergenjer ria",0,0,0,,
kamilafatinn,KAMPANYE PALING KOSONG!,0,0,0,,
not_qee,Aturan aja di langgar 😢,2,0,0,,
april_lmmpw,Mantul...santai tpi serius....02 PraGib Presidentku❤️🔥👏,0,0,0,,
syaifulhts,JOGET TERUSS...DITANYA PROBLEM SOLUSINYA MAKAN 😂😂😂,0,0,0,,
dayak_cegakk,Ngeriii banget liat komen pendukung Anis sama Ganjar tenang pak Prabowo kami di Kalbar sudah pasti mendukung bapak,0,0,0,,
jack_owie_,Di kancah internasional yang di butuhkan yang jago debat bukan jago Joget 😢,0,0,0,,
ellshaaa123_,Malah kek ajang mencari bakat😂,0,0,0,,
wakanda_kejarta,CAIR,0,0,0,,
enjang965,Kl di tanya jawabannya ngangong2 ngalor ngidul,0,0,0,,
diahlestari09,"Apapun pertanyaannya, jawabannya makan siang gratis dan hilirisasi.. 😂😂😂😂 terus cuman jual joget2 doang.. Rakyat indonesia nyari presiden.. Bukan nyari badut ultah..",0,0,0,,
mr.arjun_elfiedz,Kaya gini kualitas kalian? Pantes aj para sahabat menyuruh menjauhi org2 yg sperti ini,0,0,0,,
mhmmdalipptrwn_,sudah joget mukbangg🌾🌾,1,0,0,,
dyuni04,Bacot banget njirr yang dukug 01. Sibuk bat ngurusin paslon lain,0,0,0,,
deddys_8686,Gagasan visi misinya mana ko liatnya cuma joget2 aja😂😂😂,0,0,0,,
ranysahmdqh,"Di tiktok lagi viral, Kinerja Pak Prabowo"" Yg Mendaur Ulang Sampah Jadi Gubernur Tapi Sampah yg Di Daur Ulang MlahTidak berguna... Kan Ngakak 😂😂😂",0,0,0,,
risma__str,"Susttt pendukung amin lagi berkoar-koar ,, kita yang pendukung Prabowo senyumin aja",0,0,0,,
joevvart,☝️Amin kan saja,0,0,0,,
supriadi8730,Gua anies nih coy,0,0,0,,
singgiht,"Selama kampanya aja deh, yg Paslon ini kok gini2 aja ya? Segmen utk org2 pecinta sinetron di tv, hadehhh",0,0,0,,
nabilllbi,All in 02,0,0,0,,
pebcat02_,"Koalisi jogat joget, visi misi makan siang gratis, susu kotak gratis, imunisasi Asam sulfat 😌😏",0,0,0,,
arifan_1212,#asalbukan02 amin aja dulu 01,0,0,0,,
buddy_paradise,Joget mulu ... Payah,0,0,0,,
siikucelll_,Orang goblok ngapa biasa jadi artis dah😂,0,0,0,,
ponda_tim,Capres error…sama kyk…..??,0,0,0,,
ayuuuw0_0,@cc.jae_ kaya lagi zumbaa hmmm,0,1,0,,
cc.jaee_,"@secc4yuu0_0 iya saya setuju,saya sepaham🔥",0,0,1,ayuuuw0_0,@cc.jae_ kaya lagi zumbaa hmmm
wan.ndz,Centang biru banyak uang masuk limapuluhan y😂,0,0,0,,
_hmubarok,Joged terus mang joged. 😂😂 #1,0,0,0,,
gaabiiiiiiii__,torag orag maluku bersama Anies 1️⃣☝🏼,0,0,0,,
terusbelajarbaik,Ajang perbadutan,0,0,0,,
iannfww,AMIN AJA DULU ☝️,0,0,0,,
ciell.jpg_,mending jual goyang dri pada adu akting curhatan rakyat rupnya rakyat nya nyaleg wkwkkw,0,0,0,,
auliasoraya821,AMIN ☝🏻❤️❤️❤️,0,0,0,,
iannfww,AMIN AJA DULU ☝️,0,0,0,,
aisyah_ainapitupulu11,🔥🔥🔥,0,0,0,,
kallell95,Postingan have fun kampanye gini aj pendukung 01 dan 03! Bacotnya diluar nalar pula 😂. ALL IN 02 PAH 👏🔥🔥🔥🔥,0,0,0,,
kyai.amar,MADEP MANTEB PILIH MAS WOWOK,0,0,0,,
rudin7128,Manfaat buat rakyat apa yah😢,0,0,0,,
rasyidzuwendy,Badut tetap lah badut,0,0,0,,
rezafahlevi20,Gak ngerti ama konsep kampanye  nya gimana,0,0,0,,
fikriathiii,banyak senam cfd ya skrg 😂😂😂,0,0,0,,
meysen.ngalo,✌️✌️,0,0,0,,
ihsann_nurfahmi,Perasaan piala dunia dah lewat kok masih beginii??🗿,0,0,0,,
sintaagr___,KAMI BUTUH PRESIDEN BUKAN BADUT🙏🙏🙏🙏,0,0,0,,
mhmmdfaisal120,"Cair lagi yoo brooo🤣😢. Ingat bro, ini negara",0,0,0,,
mhmmdfaisal120,😢😢,0,0,0,,
anita_aditia437,All in 02 🔥🔥,0,0,0,,
nabilahmjdh,Salam perubahan 01 AMIN pasti jdi presiden 2024❤️ #salamperubahan☝️,2,0,0,,
tio_nanda_saputra98,"Jadi bingung pilih siapa coba gagasan nya cuma joget2 aja, diberi susu lalu apa lagi😢😢😢",0,0,0,,
riadi1970,Miskin visi misi cuma joget dan kalian semua bangga .minum asam sulfat ya 😀😀😀😀😀,0,0,0,,
pipittt26_,Ga seramai sblah .. Yuhuuu 😂,0,0,0,,
djhydrographic,Prabowo Gibran 🇲🇨 ✌️ 🇲🇨 No Debat 🙏,0,0,0,,
igku_012,2M 😬 kalau butuh duit juga gitu kok aku untuk kampanye 5 tahun kedepan masih lama loh seandainya semua warga yang pilih dia 2M ok lah kalau cuma artis yang terjamin yaa gimana mereka duit segitu bisa sampe 5 tahun kita 250k seminggupun gak cukup 🙊,0,0,0,,
mira_alwaini,Ntar goyang2 ada yg meninggoy lagi??gk usah memaksakan lah...biasa2 ajaaa,0,0,0,,
wisalkids,ANAK MUDA ALL IN 02,1,1,0,,
wisalkids,@wisalkids JADI KETUA RT,1,0,1,wisalkids,ANAK MUDA ALL IN 02
suci.nuranisya,"Padahal buat kalian yg ga dukung / punya pilihan paslon lain yaudah silahkan kita punya hak pilih, tapi ya ga perlu komen negatif juga,",0,0,0,,
malekrisky19,"Tong kosong nyaring bunyinya,  nasehati pendukung 02 ibarat bicara sama batu",0,0,0,,
lauraa_franmwn,Menyalaa abangkuuhh✌️✌️🔥🔥,0,0,0,,
indra008,Dia siapa?,0,0,0,,
nopinurazkia,"Goyang terus...Sampe Lupa Kalau Pajak Naik,Pangan Naik,Pupuk Naik,hutan gundul....🔥",0,0,0,,
nurr.hamimahh,yg penting bukan backingan malaikat Jibril ya guyss😂,0,0,0,,
noviasyfnn,Kasian liatnya😢,0,0,0,,
mc_rizky128,"selain joget"" kalian bisa apa lagi 😂",0,0,0,,
tavfikkrf,Salam perubahan,0,0,0,,
xyz.dill,"Kampanye gak mendidik bangsa, sama kek junjungannya, jual kegemoyan",1,0,0,,
bimasaktisiregar10,Najis banget,0,0,0,,
heristrom,Kita goyangkan indonesia...,0,0,0,,
lesmanadenny2971,Bisanye joged doang...,0,0,0,,
hijriah_ramadhani_2600,Pak Prabowo selalu di hati,0,0,0,,
hijriah_ramadhani_2600,Karna Anis korupsi Ganjar sama korupsi,0,0,0,,
hijriah_ramadhani_2600,Biar pung kau pilih Anis Ganjar tetap pak Prabowo jadi presiden,0,0,0,,
iam.khilda,"Banyakin gagasan bukan joget 😌😌😌 hidup butuh perubahan bukan sekedar joget""",2,0,0,,
mayang_ananda2995,2024 all in 02,0,0,0,,
abuuwais935,Anies Baswedan presiden indonesia 2024 👏🙌 ...,0,0,0,,
herry_gezonk,"Apapun itu "" MAKAN SIANG GRATIS "" Solusinya 😂😂😂 Program GAJELAS ..GEDABRUUSS 😂😂😂😎😎😎",0,0,0,,
raihanwidi_,Wellll✌️✌️✌️,0,0,0,,
leedsar,"Bbm naik, pajak naik, gaji pejabat naik, joget gemoy solusinya....",0,0,0,,
luqman_asyari,Brp bang @fero_walandouw,0,0,0,,
abrr579,"Sudah bang sudah, yg buat postingan kena mental gara-gara semua dukung anies.",1,0,0,,
aaanndiibae_,Tambah rusak,0,0,0,,
rahmangnw0_,"Jogetin aeeee,yg penting ga jual agama.",0,0,0,,
sahabat_jeri,"Kalau mau memilih BAYI SEHAT 2024, coblos ✌️🤪",1,0,0,,
ajiilham_r,Najis,0,0,0,,
omahjajan_jkt,"“Ya Allah, sungguh kami berlindung kepada-Mu dari pemimpin yang kekanak-kanakan dan dari pemimpin yang bodoh.” (HR. Bukhari dalam Adabul Mufrad). 
Dan jangan Engkau serahkan kePemimpinan wilayah kami kepada orang yang tidak mengasihi kami.” (HR. Tirmidzi).
Bismillah Sebentar lagi PELANTIKAN AMIN PRESIDEN 2024, PUNYA IBU NEGARA PERTAMA YANG MENGENAKAN HIJAB, AAMIIN YA ALLAH.",0,0,0,,
blackdove_728,sepi job,0,0,0,,
dry_wln01,"Hey manusia moncong bebek,yang joget dia yang sebok kau endak perlu komen kalau endak suka!!!heran masih ada manusia yang pola pikir kayak lu bg,",0,0,0,,
nandofer930,"Kontestasi presiden ini wirr, bukan cari badut jalanan",0,0,0,,
ozi.syah,APAPUN ITU INSYAALLAH ANIES PRESIDEN RI 2024,0,0,0,,
zdanzhar14,Indo butuh pemimpin bukan butuh badut,0,0,0,,
imjaesya,"KETAWAIN DULU GAK SIH, PENDUKUNG ANIS GK PUNYA LAPAK SENDIRI AWOGWGWG, NYAMPAH DI LAPAK ORANG😩😩😩",0,0,0,,
indra.fajar.564,Saya dan keluarga Tetap konsisten Coblos 01 Anies Baswedan Sebagai presiden RI ❤️ Dan mengucapkan Terimaksih Buat Woo Gemoy dan Samsul yang sdh Menghibur Rakyat ❤️ Insyaallah AMIN menang satu putaran ❤️,1,0,0,,
xyzt_.t,Kampanye ny mas anis sedikit keluarkan biaya tapi banyak ilmu ini banyak keluarkan biaya ilmunya tidak ada #aminajadulu,2,0,0,,
dewi_habibi_135,"Gak ada gagasan, cuma goyang 😢",0,0,0,,
dr.billylazuardi.se.mm,Makin istiqamah mendukung Pak Anies menjadi Presiden Republik Indonesia Tahun 2024-2029,0,0,0,,
b4gus.4ri,Asik .... siap2 kebagian proyek untuk cuci uang,0,0,0,,
cmrajasah,💙,0,0,0,,
wiwit.waqza,Orang miskin mana sempat joget2.. sibuk cari sesuap nasi..,0,0,0,,
hestii_anjani,"Bebas pilih , itu hak masing2 kan punya pilihan sendiri mau 01
Mau 02 mau 03 bebas gak usah jelek'in yg lain dong toh itu pilihan masing2 mau yg suka joget mau yg suka ceramah mau yg suka apa lah bebas lah 
Toh saya pilih capres no 2 tetep dr dulu beda pilihan sama suami gak jadi perdebatan juga hak masing2 
Salam hangat dari ✌️✌️✌️✌️",1,0,0,,
najaya_pvc_gypsum,,0,0,0,,
lisayyah,Adu gagasan ❌ adu bokong✔️✔️ 😂😂 nyari presiden apa nyari Raja  Joget?,0,0,0,,
wdytrwrdni_,Senam biar sehat🤣👍🏻,0,0,0,,
chitnasanaky89,Kita butuh pemimpin bukan guru senam😂,0,0,0,,
anggerrizki_s,😮,0,0,0,,
abriyanoppier,Hahaha. Gausah bagi2 makan siang dan susu gratis. gw mah cuma ingin harga Surya kembali ke 5rb dapet 3btg..,0,0,0,,
bg_mall06,Karna ini pak Prabowo mnang...makanya Prabowo memajukan joget joget biar kedepannya banyak wanita yg jula aurat di sosmed dgn cara pamer jogetan hhhh🥵,0,0,0,,
shrenn_sdbtr,Sebelum pemilih 01 sama 03 berkomentar di ingetin dulu ya ini lapak nya prabowo,0,0,0,,
sulistiyowati1150,Mantap ✌️✌️✌️,0,0,0,,
bagusfauzhi,Isi kampanye: 1. Curhat 2. Joget 3. Lempar kaos/duit,0,0,0,,
adndkha,Joget mulu njir wkwkwk,0,0,0,,
gungyau01,"Pesta demokrasi jangan tegang tegang ,, nanti gila😬🤏🏻 #02✌️🫶🏻",0,0,0,,
_nurakin,Ehhh ada bayi gemoyyy😍😍😍😍😍,0,0,0,,
faqihamri.f,"Biar apa sih,,di acarain joget""an?gak ada kerjaan",0,0,0,,
b412_c1213_0k,Tenang makan gratis susu gratis😂,0,0,0,,
gumil4rk,Jijay,0,0,0,,
storytelliings,"BEDA KELAS SAMA ""DESAK ANIES"" ☝🏼😇✊🏼",0,0,0,,
nina_sitanggang0109,"Kalo emang menurut kita calon calon selarang kaga ada yang bagus, minimal jangan pilih yang terang terangan ngelanggar konstitusi bahkan sebelum nyalon. Masa udh jelas undang undang di ubrak abrik bahkan sama pemerintah itu sendiri untuk kepentingan segelintir pihak masih aja di anggap biasa? Ini negara milik rakyat bukan milik keluarga",2,0,0,,
bani.ochim,Mereka tau gak sih program jagoannya,0,0,0,,
yayuk327,#aminajadulu☝️🇮🇩,0,0,0,,
puspahindahtandi,Ini yg mau mengatasi stroke? Ini yg mengundang stroke 😂,0,0,0,,
dei_junior14,Cuma bisa joget🤣🤣,0,0,0,,
maskus194,Sorry yee ... tetap AMINajah ...,0,0,0,,
fazali_5,Goyang mlu gaada gagasan kah?oh iya 🤡,0,0,0,,
vanila_aa456,Lumayan 2 miliyar,0,0,0,,
syafaakmla_,All in Anies Baswedan,0,0,0,,
maulana.rumi14,Kenapa ya kampanye nya 02 kek gini? Beda bgt sm sebelah yg malah buka ruang diskusi publik..,0,0,0,,
cjhsyiff1,"Alasan milih 02 :gemoy,isi nya pun joget ² g jelas 🤣,g malu joget ² di depan orang banyak macam itu ,g ada rasa malu 🤣,maaf yah kata kata saya menyingung tapi ini fakta",0,0,0,,
achmad7894,02'❤✌,0,0,0,,
fau_190,all in prabowo gibrann✌🏻❤️,0,0,0,,
snd_fzl,Anis presiden 2024🔥,0,0,0,,
dvclrs,✌✌✌,0,0,0,,
jhonyromadhona18,Pemimpin yg ingin rakyat nya jdi biaduan😂😂..traning joget Piro?,0,0,0,,
liaa_6833,Orang yg akal sehatnya kepake pasti pilih 02 ❤️❤️❤️,0,0,0,,
cut.gisel,All in prabowo 1 putaran ❤️🙌🏻,0,0,0,,
syihab0105,"Jualan goyang, otak nol😂😂😂",0,0,0,,
athifah_arief_1,01❤️,0,0,0,,
harold_kombaitan,#Prabowo Gibran satu putaran❤️❤️,0,0,0,,
cikall.ridwan,Gas 02,0,0,0,,
cikall.ridwan,jika di Banten hanya 1 suara itu saya pak Prabowo ✌️,0,0,0,,
sieminggriani,😂😂😂,0,0,0,,
sembokerahma,Insya Allah ✌️✌️,0,0,0,,
laeni_hp,"Giliran gini di toleransi, giliran bersholawat dan sholat Jum'at dibilang jual agama. Aneh bgt",0,0,0,,
ghayah_mahira,Mau cari pemimpin atau penari sih 😌,0,0,0,,
togar_hasibuann,Menuju Indonesia mukbang dan joget2,2,0,0,,
nur.holillah22my,"ORANG BAIK TIDAK PILIH PENCULIK, PELANGGAR HAM & MERUBAH KONSTITUSI 🤟🤟🤟",0,0,0,,
fauziw05,Jual goyang minim gagasan makan tu goyang 😂😂😂😂,0,0,0,,
muhsairman,Selalu renggang dan ga full ya pendukungnya hehe,0,0,0,,
hasminamanente,Maju dua,0,0,0,,
farhan_aulia2,"Dana makan siang pak prabowo akan diambil dari pajak, otomatis ada kenaikan pajak, program susu ada kenaikan IMPOR sapi, alutsista yang bekas dengan harga yang wow",0,0,0,,
fifahh_rismawati01,Cair berapa bang?,0,0,0,,
da.man9225,AMIN kan aja dulu,0,0,0,,
12ilhammaulana,AMIN AJA DULU ❤️,0,0,0,,
firmandoni_23,Bang di bayar berapa kampanye kyak gitu😅,0,0,0,,
lillypakasi,Gasss 02,0,0,0,,
rizki.fee,"Biar enak dilihat, yg di posting gagasan bro.....kan presiden yg di uji gagasannya. Hanya saran",0,0,0,,
evavakrtini,Jenuh liat nya 😂,0,0,0,,
ampas4596,Indonesia butuh org yg visioner bukan hanya goyang2 sesaat,0,0,0,,
ajispotall,Gagasan yg plinplan yg mana boy,0,0,0,,
queennnn108_,"keliatan disini pendukung fans fanatiknya anis yg ingin menjatuhkan orang lain..tau ga kalian anis tanpa prabowo gabakal jadi apa"" wkwk 01 pendukungnya rata"" gapunya attitude belom tau aja jejak digitalnya anis atau pura"" gatau yak😂dasar keturunan sengkuni😮",0,0,0,,
neneng_kulsum,Duuuh mules mau ke toilet,0,0,0,,
asril513,asikk dapat makan gratis 😂😂 . prabowo jadi presiden indonesia jadi grup jedag jedug 😂😂😂,0,0,0,,
putramuhamadshdqi,Anies for presiden ☝️,0,0,0,,
putramuhamadshdqi,Rusak anak bangsa bila didoktrin joget2 gimana kedepannya,0,0,0,,
putramuhamadshdqi,Negara ini negara demokrasi bukan negara dinasti!!,0,0,0,,
misteriuz24,Menuju indonesia pargoy 2024👏,0,0,0,,
agi_satria_alfaresi,"Joget aja bisa nya, kosong akal",0,0,0,,
basis_70,Orang CERDAS pasti tau mana yang cocok jadi presiden,0,0,0,,
basis_70,Amin aja dlu,0,0,0,,
basis_70,All in anisss,0,0,0,,
clndr17,"Kampanye mah gini have fun , bukan tebar janji manis dan fitnah paslon lain woii 🤣🤣 so iyeh bat si yohanis aja di acara2 sering joget2 anjir",0,0,0,,
rumaiishaa,ACARA KAMPANYE APA ACARA JOGET²? KEK ACARA DUGEM,0,0,0,,
joandaffa1,Bersama prabowo menuju indonesiaMUKBANG DAN GOYANG😂😂,0,0,0,,
dianbataz,"Yang penting duitt duitt cair , joget aja dulu ,malu belakangan 🤣😂",0,0,0,,
ky.lnaaa,"ga capresnya ga pendukungnya, doyan joget doang🙈",0,0,0,,
riorfld_,Goyang tantrum 🗿,0,0,0,,
dzonk.zink27,TETAP 01,0,0,0,,
fahridho62,Orng pinter milih Anis🔥,0,0,0,,
im._latif,All in anies baswedan 01,0,0,0,,
tiya_0021,SUMSEL all in prabowogibran👏👏👏✌✌✌✌✌✌✌✌✌💪💪💪💪💪💪💪💪❤❤❤❤❤❤❤❤,0,0,0,,
jacob_steve98,Apa kek gitu selain joget,0,0,0,,
ataatakanata,❤️❤️❤️❤️ Focus toblos Prabowo Girbran no 0 2 is the best ♥️,0,0,0,,
murizalofficial,Di kasih berapa sekali kampanye jgn nanti kek sebelah ngamuk cuma di kasih 10 ribu,0,0,0,,
dedeilhamr10,Bismillah Anies Presiden RI 2024,0,0,0,,
sajirase,"ngadek sacekna nilas saplasna 
#AMIN☝️",0,0,0,,
afluli_tandjung,,2,0,0,,
ratih_hasyimi,Lampung All in prabowo Gibran 🔥🔥🔥❤,0,0,0,,
wiryantoe_j,Mbah wowo yakin keok lg yg ke 4 kalinya,0,0,0,,
__muhammadf,Krik krikkkk cringe dan caea andalan berkampanye yg tidak ada valuenya,2,1,0,,
__muhammadf,@_fwzi10 *cara,0,0,1,__muhammadf,Krik krikkkk cringe dan caea andalan berkampanye yg tidak ada valuenya
talibo.west,Lumayan dapet 100 seragam ada korlap nya 😂,0,0,0,,
spildong__,Unfaedah,0,0,0,,
bayu_bhagaskara,Ini kampanye atau emng ajang pencarian bakat joget2 atau penari ya?😅,0,0,0,,
iyan_andiikaputraa,Prabowo lah,0,0,0,,
reynan_wildan_a,"Mending joget"" dari pada arogan kayak sebelah tu  arogan",0,0,0,,
widoellcuystore,Sehat2 selalu for Pak Imba deng Ibu Ira❤️❤️❤️❤️❤️❤️❤️❤️❤️❤️❤️,0,0,0,,
suriadisuriyani,Jangan Trllu brlbhan goyang nya wahai pndukung02  ntr di kcewai Bowo Sprti 2019 Apa masih mau goyang juga 🙄🤪😀Salam perubahan 01,0,0,0,,
fadlan_xos,Anies,0,0,0,,
devina.202,Cair brp ya kira2 nih,0,0,0,,
rahmaadmaulanaa,Joget aja smpe 2029,0,0,0,,
nurifebruary,Apa gada prestasi yg lain gitu selain joget kek belut sawah😂😂,0,0,0,,
putri_astasya,Goyang terooooos,0,0,0,,
juniva31,Kita butuh pemimpin perubahan bangsa Indonesia ❤️bukan jago joget😭,0,0,0,,
pak.munawar.965,✌️✌️✌️✌️✌️✌️👆👆,0,0,0,,
murbaut_24,Cringe,0,0,0,,
lynx8643,dkit ya😂😂😂😂,0,0,0,,
yusuf_es9,Ya ampun negeri ini mau jadi apa 😢,0,0,0,,
_oobxxoo_,Tidak berfaedah sekali🔥 jempol kebawah😛😝,0,0,0,,
rabiyahibu,Setiap kampanye slalu joget,0,0,0,,
cerita_ratna,Salam Perubahan AMIN,0,0,0,,
haters_pejabat,Kampanye ko 90% joget2 doang. Apa yg di banggakan? Isi otak nya cuma joget doang kah?,0,0,0,,
febriyanti3171,✌️✌️✌️✌️✌️🔥,0,0,0,,
laaaylu110,02🇮🇩🇸🇦🌏💞❤️💞❤️💞❤️💞❤️👍✌️,0,0,0,,
lukmanul_hakim28,"Saya sh setuju dengan pendapat paslon 01 dan 02, gagasannya mana",1,0,0,,
andriawansyah25,Kamu dididik untuk bermimpi. Kamu terbiasa dibohongi. Kamu dihibur ikut bernyanyi. Kamu miskin bodoh dan sombong. KOIL - sistem kepemilikan,0,0,0,,
irvanmaulanamy,Ini yg di bangga²in 02?😄😄 #salamakalsehat👌,1,0,0,,
raisa_kamila_,01,0,0,0,,
be_duel,Salam 4 jari,0,0,0,,
agus.alit.798,"Buktinya 02 modal goyang aja bisa banyak pendukung, apalagi kayak sebelah berusahan keras menjatuhkan lawan tambah banyak nanti pendukung 02, bali all in 02",0,0,0,,
peni_peni06,😍😍😍😍😍,0,0,0,,
budiman_prof,☝🏻🇮🇩,0,0,0,,
musya_mir7,"Untuk merubah bangsa menjadi lebih baik tidak cukup dengan goyangan semata bro, tapi dibutuhkan kejelasan tujuan dan arah fikiran yang berasal dari gagasan kokoh, dan itu dibuktikan melalui data.

Pilpres 2024 adalah ajang persaingan antara kelompok orang yang berfikir dan kelompok orang dungu.",0,0,0,,
fitrie8236,01 amiin,0,0,0,,
mariaanggilia,"✌😊🇮🇩Prabowo-Gibran🇮🇩Mantul wes pokoke, yuuuk kita gasss polll🇮🇩✌😊",0,0,0,,
jeane.jeane.3386585,gass 02,0,0,0,,
hamidahnst.29,"Buat all in 02,sampai bertemu kita di gbk😍",0,0,0,,
lindanafita,🔥🔥,0,0,0,,
d_irwn__,Maapw nih belum makan pagi jadi lemes goyangnya,0,0,0,,
ragilsp.co.id,"maen film GGS aja bang, kek gini malah keliatan tidak bermutu🤣",0,0,0,,
prince_oye85,AMIN hanya butuh rakyat asli. Anies baswedan 01.,0,0,0,,
hafifade01,Semua tau dibarisan 01 paling sedikit orng yg terindikasi dzolim,0,0,0,,
syaifulmubarook,Pendukung nya goblok,0,0,0,,
bygsatriaa,jual diri demi uang akwowkow,0,0,0,,
muhalfahreziramadhan,"Pelanggar Ham, Pelanggar konstitusi, Pelanggar demokrasi, Penyalahgunaan bansos, moralitas pendukung 02 harus dipertanyakan nih, paslon redflag kok didukung😝🤣",0,0,0,,
hanihanafi__,Salam tim prabowo guysssss🔥🔥🔥🙌👏,1,0,0,,
dewidiahkomala,Rusak indonesia ngagemoy,0,0,0,,
shalman_al_farisy,pengangkang konstitusi ✅,0,0,0,,
rikopardinal,"Yang di-posting tu coba yang berbobot dikit yang ada isinya logika gitu, keliatan sekali kosong",0,0,0,,
satria_ansyah,Info tiket gratis bang,0,0,0,,
ramdngdp,Di bayar berapa bang fero😢,0,0,0,,
ovalisdianad,Tidak mencerdaskan bangsa,0,0,0,,
isra_akang,Bismillah Anis👆🏻,0,0,0,,
rizwhan_khan212,d bayar brapa bro ?😂,0,0,0,,
ariyanto030280,"Asyik nih jogednya nanti aj klo 02 jd,pajak naik,harga2 naik,biaya hidup naik,nyari kerja susah baru saya jogedin all in lah",0,0,0,,
argyaluven,timses modal joget doang sm influencer ga ngaruh,0,0,0,,
yusepirawan138,✌️✌️✌️✌️,0,0,0,,
realityandrocknroll,Gunanya punya konsep goyang bisa dipraktekin di pemerintahan. Jadi anggaran apapun bisa digoyanglah. Utang juga bisa digoyanglah biar tmbah bengkak😅😅😅,0,0,0,,
sela.marshela.779,Prbowo gibran💪❤❤❤❤❤,0,0,0,,
geryjustld,"All in bro MAKAN SIANG GRATISSS PAJAK USAHA MENENGAH KECIL DIUBER, GAJIH PEJABAT PUBLIK DINAIKIN, INI IDE BRILIAN BANGET SI MENURUT GUA ADA MASALAH JOGETIN AJA , MAKAN SIANG GRATIS SOLUSINYA ALL IN 02 😂👏🔥🔥🔥",0,0,0,,
zaynul13arifin,@fero_walandouw kaya maskot Asian games bang,0,0,0,,
yazid_ubay,#tololbersaudara,0,0,0,,
laviannerosse,"ukt calon presiden, kita harus tau prioritas utama utk kita nilai selain sikapnya, tentu juga gagasan2nya, mari kita riset benar2, siapa yg paling baik visi misinya, gagasan2ny, yg memberikan solusi jangka panjang utk rakyat. sehingga kalo tak menjabat jd presiden, nikmatnya masi bisa kita rasakan. siapa yg gagasan2nya pro rakyat, bener2 serius membasmi korupsi, bisa memastikan pajak jgn naik ke level yg lebih memberatkan rakyat. 
Semua paslon baik secara sikap, tp baik tidak cukup. kalo sekedar sikap saja semua org byk yg baik dan berjiwa besar. yg membedakan kita dan capres adalah gagasan2 yg mereka bawakan sbg solusi utk mensejahterakan rakyat.",0,0,0,,
zulianingsih848,"Minggir wiirrrr,, Tim pecicilan mau lewat wiiirrrr 😂😂😂",0,0,0,,
demaz_ahz,"01,.love u, Amin😍😍😍😍",0,0,0,,
azhariromy,Akhirnya aku paham 02 itu maksudnya dua dua nya kosong 😂😂😂,0,0,0,,
_syaloomsi,Al in prabowo menuju indonesia mukbang,1,0,0,,
hanabasalamahh,Joget nya jago gilaran suru jawab ngelesss mulu pak..cawapres nya juga ga jauh beda lah kualitas nya.tetap wakanda no more☝🏼,0,0,0,,
abzrghii_,Kaum sodomm🔥🔥🔥🔥,0,0,0,,
titiinurhayati31,Endorsannya kenceng yaa kakak?,0,4,0,,
_ftraadrmdhn,@titiinurhayati31 komenan basi,0,0,1,titiinurhayati31,Endorsannya kenceng yaa kakak?
titiinurhayati31,@_ftraaaadrmdhn MKMKMKMKMK,0,0,1,titiinurhayati31,Endorsannya kenceng yaa kakak?
titiinurhayati31,@_ftraaaadrmdhn MKMKMKMK,0,0,1,titiinurhayati31,Endorsannya kenceng yaa kakak?
_ftraadrmdhn,@titiinurhayati31 kpkpkpkpkpkpk😂,0,0,1,titiinurhayati31,Endorsannya kenceng yaa kakak?
kameliamaulida,"p, maksud?",0,0,0,,
wtcnewyerk_cln,"Dari pade jual agama sorga nekara mulu di bahas kek seaka akan sorga neraka paslon lo lo orang yang nentuin chuaks 😂, all in prabowo gibran🔥",0,0,0,,
in.tan5497,Yg penting mkn sama goyang 😂,0,0,0,,
djakaaaa_13,yangg komenn juall jogett tololl otaknyaa dimanaa namanyaa jugaa pestaa demokrasii!!!!!,1,0,0,,
beko.nang135,Kampanya yang tidak bermutu,0,0,0,,
ssha_bil,#salamperubahan01☝️,0,0,0,,
desiasita180,Gasss 02 oyyyyy🔥,0,0,0,,
mustofasak,✌✌🇲🇨🇲🇨🇲🇨🇲🇨🇲🇨🇲🇨🇲🇨🇲🇨,0,0,0,,
njell_25,Joget Mulu kaya ondel ondel,0,0,0,,
marisaaaa28,Ati”,0,0,0,,
defanmn,Cairrr 2 milyar,0,0,0,,
putra_wbsno20,cek kinerja Anis di @kkm.id,0,0,0,,
putritomboyz,Deni Cagur salah pergaulan 😢 harusnya dsini,0,0,0,,
sugiharto_bonex,01 dong,0,0,0,,
rndy_qu,Jago joget gk buat negara maju😂😂😂,0,0,0,,
budiutomo4,kita cari pemimpin negara bukan pemimpin tiktod 😂,0,0,0,,
ninda.ms,#asalbukan02 #tolakdinastipolitik #stopdinastipolitik #stopnepotism #stopnepotisme #asalbukanprabowo #asalbukangibran #asalbukanprabowogibran #asalbukangemoyasalbukangibran #SatuTigaTambahKita #HadangPemiluCurang #SelamatkanDemokrasi,0,0,0,,
sutikno_aja68,"Indonesia butuh pemimpin yang sehat jasmani dan rohani , kami sekeluarga siap milih AMIN",0,0,0,,
dauni_avl,Salam dua😍😍😍,0,0,0,,
welgi_afdana31,Lah kemaren PKS goyang katanya senam..oke kita terima sekrg 02 senam juga malah nyinyir..emang asuuuu kau yaaa 😂😂,0,0,0,,
d1nz_skie,Orangnya aja males keluar dari rumahnya.  Di sana nggak ada orangnya kok di jogetin,0,0,0,,
rezaardysanjaya,"Biarkanlah mereka (di dunia ini) makan dan bersenang-senang dan dilalaikan oleh angan-angan (kosong) mereka, kelak mereka akan mengetahui (akibat perbuatannya).QS Al Hijr ayt 3",2,0,0,,
alvadikri,Pilih pemimpin bukan anak presiden😂,0,0,0,,
alvadikri,😂😂😂joged mulu,0,0,0,,
samsul_al_fikri,Para penjilat yang penuh dengan kasus gelap berlindung dibawah ketiak jokowi dan akan dilanjutkan ke ketiak prabowo dan gibran... para kubu kiri artis memiliki kepentingan besar kepada jokowi dan prabowo gibran. Dan rakyat kecil yang terlalu cerdas tetap pilih prabowo gibran dapat apa ?,0,0,0,,
atto.ato.92,Ini kampanye apa karnaval ya 😂😂😂😂😂😂,0,0,0,,
cila_can6,Prabowo gibran✌✌💙💙,0,0,0,,
indra_fjr,"Apapun masalahnya, joget solusinya👏",0,0,0,,
indra_fjr,😂😂,0,0,0,,
danielka492023,All in Prabowo,0,0,0,,
ismilah99,Ondel ondel jakarta🔥🔥🔥,0,0,0,,
r.hrja,02 kampanye ya havefun bro ngga kaya sebelah kampanye nya kalo ga bawa agama ya nyinyirin 02😂✌🏼,0,0,0,,
fauzialbatawi_,cocok jadi maskot pak.,1,0,0,,
pandudwi_05,Kita butuh Pemimpin bukan Boneka mampang🤣,0,0,0,,
ikhsan.aty,Udah jogat joget aja?,0,0,0,,
lindawatiii__,Mantap mantap fero👏,0,0,0,,
lindawatiii__,Bpa gemoy selalau dihati❤️ @prabowo @gibran_rakabuming,0,0,0,,
ahsan_jomblo,Itu festival nya di mana àku kok gak dapat info kalau ada festival di medan padahal àku tinggal di medan?,0,0,0,,
martonostp,ARTIS KOSONG KELAPERAN 😂,0,0,0,,
aqilaqil722,"moda gemoy sori ye sori ye😂😂😂
salam perubahan😍",0,0,0,,
anarasydh,Goyang asam urat,0,0,0,,
isalsaputra2024,🔥,0,0,0,,
ikhlas_permata,01,0,0,0,,
jerry4_1_11,ANIES PRRSIDEN 2024❤️❤️❤️❤️❤️❤️,0,0,0,,
purwarupa_pro,,1,0,0,,
muliadi_siringo,semua yang milih 02 joget trusssssss.emang bisa joget bisa  mengurus negara 😂😂😂😂😂,0,0,0,,
el.ly2846,Gaaasss all in Prabowo Gibran ✌️✌️🙌🙌🙌🔥🔥🔥🔥,1,0,0,,
dora.explore._,Hahahahha cuma bisa goyang? ....rugii dong🔥,0,0,0,,
yuni_sarah_gokil,Dari pade jual agama ye kan🔥🔥🔥..bawa enjoy aja...✌️💙...ingt jangan gampang di adu domba dari pihak mna pun...semoga di 14 February nanti di beri kedamaian tanpa ada orang2 jahat yg ingin ricuh 🔥,0,0,0,,
aynaf04,"Jual goyang doang,visi misi malah membingungkan,jual curhat doang saat kampanye smbil nynyir di balik mic uppppssss🥹",7,0,0,,
lidyfam,EMG BOLEH SERAGAM SEMUA  MANA RAKYATNYA 🤣🤣🤣 KORLAP FULL CUAN 😂😂,0,0,0,,
srifatimah1412,Amin aja Pilihanku is the best 👍❤️❤️,0,0,0,,
khoirilarsyi,O1 ttap santun,0,0,0,,
livy5604,Aku follow karna dukung pa wowo,0,0,0,,
ainulcloud,Menuju indonesia Maju ❌  Menuju Indonesia Mukbang ✅,0,0,0,,
izalyn__,Kalo joget aja mah anak TK juga bisa...😂😂😂 mana gagasannya...,0,0,0,,
dullsgarage,Mari kita dukung 02 satu putaran. Mksd nya cuma ada di satu putaran saja.. pemenang nya tetep.01 amin joss,0,0,0,,
ahmed15blokh,01,0,0,0,,
temonfikar,Pegiat nepotisme,0,0,0,,
luthmuhammad16,Gmn ya?duhh gmn ya?dah lah,0,0,0,,
suryapaloh_id,Makin yakin pilih Anis salam akal sehat ☝️,0,0,0,,
byudji,"No 1 aja deh , lebih relevan",0,0,0,,
cifeh_,Goyang terus abis goyang makan geratis jd nya pda gemoy pada susah gerak dan obesitas hhhh,0,0,0,,
sartikirman,🥰🥰🥰✌✌✌,0,0,0,,
rifaldi_ako,Silahkan joget joget tapi jangan lupa coblos 01 AMIN,0,0,0,,
mi_romii,Aura 02 emng ga main2 bukan kek sebalah taunya nyindir2 😍,0,0,0,,
hnan.an_,"Paslon yang lain mendekati rakyat, berdiskusi dua arah, lah ini?",0,0,0,,
cutrosa28,✌️,0,0,0,,
pejuang_perubahan24,Alhamdulilah Ga salah pilih debat ke 1-5 akhir paslon #01 mengusai materi ini lah rekam.jejak pemimpin yg jelas kapasitas nya adalah  tokoh dunia d akui. semua d babad abis materi dan ada solusi yg di tawarankan abah kami bangga menjadi relawan mu. wakanda no more Indonesia forever,0,0,0,,
syah_uwm,Di tanya pemimpin nya punya gagasan apa..? Pendukung nya jawab gk butuh gagasan. Butuh nya joget. 😂,0,0,0,,
aguspurnomo8,"Syukur, setelah joget, hidup lebih mudah, harga pangan terjangkau, cari kerja mudah, hukum di tegakkan, kebebasan berpendapat bebas sebebas2 nya",0,0,0,,
manokilo2017,Kode alam tetap(02)🫰🏻,0,0,0,,
farhanlailabutik,Kk aku gk bosen memandang..... 😍😍😍😍,0,0,0,,
sulis_zladiz,01 presiden berkualitas ❤️,0,0,0,,
susilowati4185,Mudah mudahan rakyat Indonesia lebih cerdas dan memilih pimpinan dgn hati dan juga akal. Bukan ikut ikutan trend 😢😢. Karena kebenaran bukan milik golongan dan perkumpulan. Ini nasib bangsa Indonesia 5 taun kedepan. Jd dr golongan elite pun blm tentu menjamin kebaikan😢,0,0,0,,
muhsanje_,Minim prestasi joget joget pulak😂,0,0,0,,
ronidwipangga,Amin dulu aja☝😂,0,0,0,,
sumirah_mita,Assalla muallaikum wr.wb. slmt mlm. Slm knl. Trm ksh. Wassallam wr.wb. dr.kaltim,0,0,0,,
meliapermatasari_,All in Prabowo 🙌❤️,0,0,0,,
rendut_1123,Bang mau aja jadi badut kampanye😂,0,0,0,,
payoeng_teduh,Gibran tanpa bapak nya dan pamannya jadi apa ya😂,0,0,0,,
the.rindra,"Joget melulu, gagasan nol besar....... 😂😂😂",0,0,0,,
songryanghaaa,Gak ngerti kenapa masih banyak yg dukung pragib ya,0,0,0,,
siwibudisetyawan2018,Salam✌✌✌✌✌ satu putaran..,0,0,0,,
andyysetiawann,"Prabowo 2019 : kami tidak butuh presiden yg bela"" antek"" asing🔥🔥. 
 
Prabowo 2024: 🕺🕺🕺🕺. 
Sudah beda orang ,beda visi misi ya🤦",0,0,0,,
deamarizkaa,Sepi job🔥,0,0,0,,
abdi_siregar10,"Pokoknya Anies.. gak perlu sama ku presiden gemoy,bukan gemoy yang kuharap kan perubahan yang kami harapkan all in Anies Baswedan presiden in shaa Allah 🔥",0,0,0,,
sf_0014,"Si IMAM MEKHDI jual agama jual ayat alquran demi nama ""amin"" di ujung nya cuiihh fatwa harus milih amin kalau gak pilih dosa lucu kang ngibul",0,0,0,,
wibisariwibowo,Adu joget ❌ adu gagasan ✅,0,0,0,,
bagusakjose,01,0,0,0,,
septy7684,Semangat pendukung Prabowo Gibran,0,0,0,,
nrind_hi,butuh gagasan bukan goyangan,0,0,0,,
mbangsms,BISMILLAH...FIX SATU PUTARAN...GASSSS....🫰,0,0,0,,
an_nur36,tetap Amin aja dulu ya gez ya🔥🔥🔥☝☝☝☝,0,0,0,,
taufanjagaddd,Dut badut,0,0,0,,
ramaa_dhn,Bro @fero_walandouw boleh tau kisaran brp endorse bgini ga bro?,0,0,0,,
ahamtandjoeng,Joget terus gk punya gagasan,0,0,0,,
ridho_bim2,Nikmati hiburannya terima bantuannya ambil duitnya tp klo soal coblos AMIN ☝️ saja,0,0,0,,
mariaprty_,😍😍😍❤️,0,0,0,,
mhdball94,Anies Presiden🔥,7,0,0,,
bnbwii,Goyang ae terus ampe gunung Everest caer,0,0,0,,
runiazz_,Pendukung 02 harus bisa joget😂🤣,0,0,0,,
shbtcerita.fashion,Mkmkmkmk,0,0,0,,
ash.rhy,"Orng goyang ma bebas, ngk usah iri🤣",0,0,0,,
atlas11468,ganjar,0,0,0,,
ko_aditt,jogedin buzzer anis lgi sibuk kepanasan🔥,0,0,0,,
rizfarlbs,Ganjar Pranowo dan Mahfud MD yg menang,1,0,0,,
rizfarlbs,Orang bodoh pilih no 2 memang,0,0,0,,
dndirmdhn135_,"JADI INGET JAMAN NYA BPK PRABOWO -SANDI HEHEH, SAYA PAHAM BETUL 01 PEDUKUNG NYA SIAPA DLU, SEKARANG MALAH MEMBABIBUTA BPK PRABOWO HAHAH✌✌🤍",0,0,0,,
2kodell,Awas jangan terlalu aktiv ya Bun takut meninggoy kaya yg udah udah😂😂😂,0,0,0,,
mhi.eila,Bismillah 02 menang😍❤️,0,0,0,,
mhi.eila,👏🔥❤️,0,0,0,,
lailaaa4034,Amin is the bast,0,0,0,,
gitastrni,Gagasannya tolong disampaikan juga,0,0,0,,
frhnabdlh__,Salam 4 jari selamatkan demokrasi,0,0,0,,
nabilla_ags14,🔥🔥😍😍,0,0,0,,
amrh.zbd,Pandenya joget2 aja nih pendukung 02 😂,0,0,0,,
eriyolvii,"cumacitu yg bisa dilakukan pendukung 02 goyang,mana gagasan dan idenya",0,0,0,,
catatanharianku222,Tetap Anies Baswedan🙌,0,0,0,,
supertaaa1,Jual muka artis sama jual goyangan  tp memang mereka ga ada misi fisinya,0,0,0,,
david_s.sirait,APAPUN KOMENNYA ALL IN 02🔥,0,0,0,,
tesawalukow_,🔥gasss polll✌️✌🏻✌️✌🏻💯😇🙏,0,0,0,,
indraprasetyawan77,Jebolan militer gagasan nya bergoyang 😂😂,0,0,0,,
shrlyfrnka__,Yg sebelah gabisa nyaingin ya🤫😅,0,0,0,,
qeenaralussi,"Liat pendukung 02 org nya bahgia"" bnget. Ga suka ceramah ga suka jelek""in",0,0,0,,
teresyaagnes,02 pasti jadi presiden tahun 2024,0,0,0,,
pejuang_ketidakadilan,"Ciri2 masa bayaran,pake baju palson makakwkw",0,0,0,,
adriynarum26,Amin lbh ngerti bangsa ini bkn goyang gak jelas,0,0,0,,
syifamuth,🤣🤣🤣🤣,0,0,0,,
naayfbr,Bhaaakk manusia manusia takut kehilangan dunia😂,0,0,0,,
waros_30,Asal jangan 02 🙏🏻,0,0,0,,
fauzihasanudin,"Joget"" doang ,, ngeri kaya negri sebelah di makan dengan gaya joget sekarang lagi kisruh",0,0,0,,
wag.oudi,"Kalo cuma sekedar JOGET, monyet pun bisa",0,0,0,,
eliza.12.pat,Cair cair cair,1,0,0,,
fa.siregarr,Apapun pertanyaan nya makan siang gratis jawabnya,5,1,0,,
shbtcerita.fashion,@fa.siregarr kerass😂,0,0,1,fa.siregarr,Apapun pertanyaan nya makan siang gratis jawabnya
yansah3338,Amin 01,0,0,0,,
tiaanum12,Kami butuh pemimpin berkualitas bukan yg jago joget aja🔥☝️☝️,44,21,0,,
bio_sulaiman,"namanya juga pesta demokrasi ya harus riang gembira lhaaa bukan mau perang sesama bangsa sendiri, inilah namanya bhineka tunggal ika…. jangan kaya paslon lain bawa2 agama tdk ada gagasan hobinya nyinyir😂😂😂 preet",30,0,1,tiaanum12,Kami butuh pemimpin berkualitas bukan yg jago joget aja🔥☝️☝️
mmeelll______,"@bio_sulaiman bener bang, banyak omong tpi kerja nyata gk ada",9,0,1,tiaanum12,Kami butuh pemimpin berkualitas bukan yg jago joget aja🔥☝️☝️
sigit_destya,Yg pasti kita butuh pemimpin bukan jubir (Anis)😂😂😂. Kalian tahu domba dipimpin oleh serigala domba akan berani tapi kalo serigala dipimpin keledai ya sebaliknya serigalai pun jadi sama kayak keledai😂😂😂 salam legowo karena presiden Prabowo ❤️,11,0,1,tiaanum12,Kami butuh pemimpin berkualitas bukan yg jago joget aja🔥☝️☝️
bbysyilaa_,Dari pda situ hobi nyinyir bawa2 agama biar dpt dukungan muslim😂,2,0,1,tiaanum12,Kami butuh pemimpin berkualitas bukan yg jago joget aja🔥☝️☝️
hamidahnst.29,Berkualitas dri mana wkwk utang bejibun begitu rumah masih nyicil malu ngapa malu masa ntr Indonesia mau di cicil juga😂,1,0,1,tiaanum12,Kami butuh pemimpin berkualitas bukan yg jago joget aja🔥☝️☝️
tiaanum12,@hamidah.sekar kalau memang begitu kenapa...yg pentingpak Anis TDK salh menggunakan jabatanny untk yg semena mena...,0,0,1,tiaanum12,Kami butuh pemimpin berkualitas bukan yg jago joget aja🔥☝️☝️
tiaanum12,Salam akal seht🔥,0,0,1,tiaanum12,Kami butuh pemimpin berkualitas bukan yg jago joget aja🔥☝️☝️
bio_sulaiman,"@bio_sulaiman emang pak prabowo sudah pernah menjabat gubernur atau bupati atau walikota, belm pernah thu salah gunakan jabatan😂😂😂… dgr nih yg sdh diperiksa KPK itu si banyak omon omon amis anis itu bukti bahwa ada indikasi KKN disitu deeek jadi tunggu aja tanggal mainnya klau sudah runerup dipilpres😮😮😮siap siap dipanggil lagi🔥",0,0,1,tiaanum12,Kami butuh pemimpin berkualitas bukan yg jago joget aja🔥☝️☝️
hamidahnst.29,"Emng lu tau di belakang gimna😂agama ,sama ulama ajh di jadiin tameng",0,0,1,tiaanum12,Kami butuh pemimpin berkualitas bukan yg jago joget aja🔥☝️☝️
hayatiku_93,"Pemimpin yang kebanyakan ngomong tinggi,, tar jatoh baru kerasa",0,0,1,tiaanum12,Kami butuh pemimpin berkualitas bukan yg jago joget aja🔥☝️☝️
_feralde,Pasti Pendukung BBM gratis😂,0,0,1,tiaanum12,Kami butuh pemimpin berkualitas bukan yg jago joget aja🔥☝️☝️
tiaanum12,@_feralde lu pada pendukung makn siang gratis biar gemuk 😂😂😂😂,1,0,1,tiaanum12,Kami butuh pemimpin berkualitas bukan yg jago joget aja🔥☝️☝️
_feralde,Iya iya nek tunggu aja sampai BBM gratis😂 nenek satu ini lucu banget,0,0,1,tiaanum12,Kami butuh pemimpin berkualitas bukan yg jago joget aja🔥☝️☝️
tiaanum12,@_feralde iya kek ....kakek ngk usah sewot😂😂😂,0,0,1,tiaanum12,Kami butuh pemimpin berkualitas bukan yg jago joget aja🔥☝️☝️
_feralde,Terus yg lu maksud jago joget siapa nek?,0,0,1,tiaanum12,Kami butuh pemimpin berkualitas bukan yg jago joget aja🔥☝️☝️
ddiirraaaaaaaaa,"sorry yee😂 mantan militer d dibilang cmn jago goyangg huaa atutt dech,takutnya yg blm nginjek kemiliteran cmn bisa rebahan😂",0,0,1,tiaanum12,Kami butuh pemimpin berkualitas bukan yg jago joget aja🔥☝️☝️
itsurzaa_,Bcot jirrr buzzer,0,0,1,tiaanum12,Kami butuh pemimpin berkualitas bukan yg jago joget aja🔥☝️☝️
firman_henna25,Bilang aja kalau nggk bisa joget udah sana pulang mbk 😂,0,0,1,tiaanum12,Kami butuh pemimpin berkualitas bukan yg jago joget aja🔥☝️☝️
flower.dinn_4,"yg berkualitas kaya apa? kampanye bawa"" agama,imam mahdi itu berkualitas??😂",0,0,1,tiaanum12,Kami butuh pemimpin berkualitas bukan yg jago joget aja🔥☝️☝️
thatasyhftritarigan_9,"Selain Prabowo jngn comnt disini, disebelah ga rame kah wkwkwk😂ALL IN PRABOWO",0,0,1,tiaanum12,Kami butuh pemimpin berkualitas bukan yg jago joget aja🔥☝️☝️
latipehs,Parah,0,0,0,,
iwankurniaask,🤟🤟🤟🤟🤟🤟🤟🤟🐧🐧🐧 GANJAR MAHMUD 🤟🤟🤟🤟🤟,0,0,0,,
novita2055,"Lagian orang pada ribet amat ya suka"" mereka lah mau pilih siapa . Kenapa pada sewot . Semua orang itu punya pilihan nya masing"" . 😂😂",0,0,0,,
sukam4tchaalatte_,yang komen kepanassan kah ngeliat org joget bahagia?tegang terus ya bawa agama nya🫢,0,1,0,,
sukam4tchaalatte_,"@yascndchce_ ""t4nggung j4w4b duni4 4khir4t""😍",0,0,1,sukam4tchaalatte_,yang komen kepanassan kah ngeliat org joget bahagia?tegang terus ya bawa agama nya🫢
ivonjeinwalangitan,"Keren n mantap,👏sukses kedepannya. Salam buat Pak Imba Rogi.",0,0,0,,
viraekaputri_,Asiiiikk cair tuuhh,1,0,0,,
dewiarjunaarjuna,AL IN PRABOWO ❤️❤️✌✌ 🔥🔥 emang is the best,0,0,0,,
liaaasnss,All in Prabowo-Gibran🔥,0,0,0,,
echasyam_kohongia,Ehh ada om imba itu kang… karas,0,0,0,,
masmbappeyamal,"Orang cerdas waras pilih Anies jadi presiden, ok gas ok gas coblos nomor 1 gasss 🥳😘",3,0,0,,
sahrul_19ramadan,Mana isi kampanye nya ? Joget doangkah,0,0,0,,
kang_muest,"Ada yang viral goyang gemoysi meninggal 🤦 Timses nya ada yg terjerat kasus korupsi, Fahri Hamzah ikut korup e KTP sekarang Raffi Ahmad kasus pencucian uang 🤦",0,0,0,,
assyahra_ns,Prestasi joged?,0,0,0,,
assyahra_ns,Masa depan indonesia jika d pimpin oleh orang yg demen joged😂,0,0,0,,
garut_decoration,"kamu punya rumah baru? Atau baru renovasi rumah ? Mau cari gorden bagus dimana pasti bingung 🤔kami siap membantu anda disini banyak pilihan bahan dan warna gorden terbaru.
Komitmen kami memberikan pelayanan terbaik dan memberikan kualitas terbaik🤩
 Keunggulan dari kami:
 
 ☑️Geratis survey area  jabodetabek
☑️ Geratis pemasangan
7x_gorden spesialis Gorden untuk mendekorasi rumah,kantor,apartemen,
Rumah sakit,sekolah,dan bus
➡️GORDEN⬅️
☑️import/lokal
☑️tebal dan tipis
☑️bermacam-macam model dan motif
☑️alat dan aksesoris 
☑️jasa pemasangan & pencucian
➡️INTERIOR⬅️
☑️vertical blindn
☑️horizontal blind/krey
☑️Roller blind
☑️woodblind/krey kayu
☑️Rhomanshade/gorden lipat atas
  Untuk seputar pertanyaan hub kontak person kami atau chat DM kami:
 📞 083825971670
#gordenjakartaselatan 
#gordenjakartabarat 
#gordenjakartatimur 
#gordenjakarta 
#gordenjabodetabek
#gordentangerangselatan
#gordenbambuapus 
#gordenrumah
#gordenkamar 
#gordenbekasi 
#gordenapartemen
#gordenpalingbagus
#interiorjakarta
#gordenhotel 
#gordensekolah
#gordenmurah
#gordenruangtamu
#jakartahits
#jakarta 
#depok 
#jabodetabek 
#tangerangselatan 
#bogor 
#kalideres 
#sawanganlama 
#jakartabarat 
#jakartaselatan 
#jakartatimur 
#jakartautara 
#apartemenjakarta",0,0,0,,
satusampailimaa,Saya dukung gibran (Gerakan indonesia bersama anis baswedann) wellllll 🔥🔥🔥🔥🔥🔥,0,0,0,,
sepryandii,"Joget Mulu, oh ya lupa kan gagasannya kan KOSONG 😢",0,0,0,,
michaellumalente,SULUTT all in PRABOWO-GIBRANN 🔥🔥🔥🔥,0,0,0,,
useprmdhn05,Gagasanya cuma joged² doang 😂😂,0,0,0,,
larasky__,Mana gagasannya? Visi misi kok untuk menguntungkan pengusaha,0,0,0,,
echizen__ryomaaa,"ASAL BUKAN ANAK JOKOWI APALGI MENANTU SOEHARTO,",0,0,0,,
ibusyurgamu30,Alhamdulillah ya pendukung nya ga desek2an jdi pda santai dan joget2 leluasa.ga kaya pendukung 01 sampe desek2an bejibun smpw mau lewat aja kedepan susah saking padet nya pendukung 01😢,0,0,0,,
chokeynot_28,Kami mencari pemimipin untuk masa depan bukan suka goyang dangdutan,0,0,0,,
abdulwahabst,PAOK kali lah yg masih percaya yg kek ginian,0,0,0,,
ryan_wijaya_96,"Ni kubu kosong dua sibuk goyang2 terus, kayak pak Anis Baswedan dong bayak omon2 tapi kerjanya nyata",2,0,0,,
aprill.iah,INDONESIA BUTUH LEADER BUKAN DANCER,3,1,0,,
hamidahnst.29,@aprill.iah leader lu tukang hutang kebanyakan janji wkwk rumah nya ajh masih nyicil noh,0,0,1,aprill.iah,INDONESIA BUTUH LEADER BUKAN DANCER
ndryyy_88,#asalbukanprabowo,0,0,0,,
wul_an8617,Kami butuh hiburan bukan ke serius san dan janji anis menang Palestina merdeka liat dong Prabowo langsung ke negara nya yaitu Palestina 😂😍😍😂,0,0,0,,
a_maarifff,Wibawa nya mana yah,0,0,0,,
parera_dw7788,Goyang.gemoy,0,0,0,,
mrifqi_505,LAGI SENAM KAK? 😂,0,0,0,,
muhammadrizkyrizaldi1,🔥🔥🔥,0,0,0,,
feibrinawoley,02 Torang gas✌️✌️✌️✌️✌️,0,0,0,,
_e____m_____o_______s__0,😮😮😮😮😮😮😮😮333333,0,0,0,,
_e____m_____o_______s__0,😮😮😮😮😮😮😮😮😮😮,0,0,0,,
aldyafrzl23,DI BAYAR BERAPA,0,0,0,,
amandaputri8146,✌,0,0,0,,
raisyatomat,🖕🖕🖕🖕,0,0,0,,
doakan_umat_islam,"Coblos presiden yg cerdas peduli pada rakyat bukan yg baik saat pemilu doank.Orang yg benci Anis: 1. Org2 kepentingan, politik, koruptor, pengusaha asing yg sdh nyaman 2. Orang yg buta politik bersih, 3.org yg ga peduli demokrasi.",0,0,0,,
jamilaa_243,Tetap NO 01 AMIN ❤,0,0,0,,
inggityuniar,❤️,0,0,0,,
vaf_ikaa23,Prabowo 🫰❤️,0,0,0,,
pakboyjohn,2,0,0,0,,
bi_ntang5739,GAS KITA ANAK MUDA AKAN SELALU TETAP ALL IN PRABOWO GIBRAN ✌️😍😍✌️✌️😍✌️😍😍✌️✌️😍✌️😍😍😍😍,8,0,0,,
mr.asyi,Kumpulan orang2 kaya 👏 😂 mereka pikir bisa berkuasa kali ini.,0,0,0,,
reyzaa9,"Bgitulah sesuai dengan pengikutnya😂😂😂 gemoy, padahal pelanggar ham berat😂",1,0,0,,
riefsaputra,wtf ? nanaonan iyeuu,0,0,0,,
enterslide,Tombol prabowo jadi presiden tiktok👉,0,0,0,,
muhammed_poenya,Asal kan bukan 02,0,0,0,,
dathadiat,"Saya sebagai anak muda butuh solusi, jadi pilih yg bisa di ajak diskusi, bukan saya di suruh joget2 😂",0,0,0,,
putri_lestari167,"All in Abah anies, penuh dengan gagasan & narasi😍",0,0,0,,
my321to2n,Pak anies dong ☝️☝️☝️☝️❤️❤️,4,0,0,,
natania_lagurth,Prabowo slalu di hati,0,0,0,,
einaadamsyah,01,0,0,0,,
ferni_rosse_diana,Joget mulu 🤦 hadehh ngk kreatif nih tim kreatifnya,0,0,0,,
dinia324,Goyang doank aps debat nangesss😂 salam perubahan 01 bersama rakyat dan 1 komando IBHRS😍,0,0,0,,
adiya5779,AMIN,0,0,0,,
cepia7172,Dukungnya 02 lumayan bisa manfaatkan kekayaannya . Tapi Coblosnya 01 aja amin.,2,0,0,,
ramadanupangestu28,Di endors brapa bng? 😂,0,0,0,,
ayuapilla521,❤️❤️,0,0,0,,
ariann_diii,"Ngentot boleh GK situ,klw boleh mau ikutan 😋😋😋",0,0,0,,
syarifhabsyie_,Kami butuh pemimpin yang cerdas bkn yang hobi goyang,0,0,0,,
johanda.damanik,😢😢😢,0,0,0,,
trizanarny,Penggembira,0,0,0,,
adoeljagoo,Salam waras..amin,0,0,0,,
jaereal01,"✌️🇮🇩✌️🇮🇩✌️🇮🇩
🔥🔥FIX NO DEBAT🔥🔥",0,0,0,,
suarakeras023_,Ayok guys kita tandain akun2 dan artis yang pilih 02 setelah pilpres ini dan merugikan merek dengan kebijakan yang mereka dukung sendiri 😂,2,0,0,,
hallo_sitiiii,Pendukung anis gak di ajak woy minggir😂,0,0,0,,
minamabestari,amin 1,0,0,0,,
bukan_pendukung_02,d tnya ggasan dan misi cuma goyang dan mkan grtis 😂😂😂,0,0,0,,
mezulfah,"Nahhh ini baru real pendukungnya prabowo. Senyum, joget , dan santai aja 👏😍
Klo ada yg menggebu-gebu itu di ragukan . 
✌",0,0,0,,
muhammadarip_primaakrindostore,Kalau joget di jadikan contoh untuk rakyat masih banyak yang lebih bisa joget seperti cesar Mulyadi lebih muda dan semangat,0,0,0,,
akuyaagini,"Kebijaksanaan seseorang itu- tergantung testoteron, semakin testoteron menurun orang semakin sensitif dan gak bijaksana, pembawaannya emosian. Usia testoteron menurun signifikan itu di usia 60 thn ke atas.
Makanny aturan usia dalam pencapresan ini sudah tepat. Tidak ketuaan tidak kemudaan!!",0,0,0,,
halim_wyt24,"cuman gitu aja,. gak level sama kita broo",0,0,0,,
0ochae11_,🔥🔥🔥🔥🔥,0,0,0,,
djalan.pulang,Rendah🤣🤣,0,0,0,,
djalan.pulang,Bisanya hanya joget,0,0,0,,
dilah_humaira,"Jual goyang, kosong gagasan 😂😮",824,523,0,,
fero_walandouw,"@dilah_humaira daripada Jual Agama , gagasan plinplan 😎",1642,0,1,dilah_humaira,"Jual goyang, kosong gagasan 😂😮"
dilah_humaira,@fero_walandouw agama mana yg di jual bro??? Gg kebalik ? Makanya bro jangan banyak goyang nnti otak gg bisa mikir 😂🤪,466,0,1,dilah_humaira,"Jual goyang, kosong gagasan 😂😮"
novarizki1311,"@fero_walandouw wkwkwkw bener bang saya yg muslim aja ngeri sama mulut2 org kampanye bawa2 agama , udah bang fero lanjut memeriahkan kampanye aja komen2 yg kaya gini ga usah di urusin adaaa kami para pendukung 02 pokoknya",439,0,1,dilah_humaira,"Jual goyang, kosong gagasan 😂😮"
nblsll,@fero_walandouw jngn lngsung ulti bg,90,0,1,dilah_humaira,"Jual goyang, kosong gagasan 😂😮"
ndayyy_y,@dilah_humaira tapi full bukti nyata😎,52,0,1,dilah_humaira,"Jual goyang, kosong gagasan 😂😮"
99.kertas_seiko,"@fero_walandouw  Waduh jangan langsung di ulti dong bang,😂 Ini pilhan fero klw gk suka tinggl skip, sirik aee nih 01 03, kampanyekan juga noh capres loe mantap bang seridaknya followers loe lihat 02😍",49,0,1,dilah_humaira,"Jual goyang, kosong gagasan 😂😮"
ha.feezh,"@livingaboutjee lu goblok atau tolol sih mbak? Minim literasi bgt dah, siapa yg d baptis?, Yohanes itu cuma nama kehormatan kocak, sama aja kek orang cina punya nama Jawa, jadi itu bukan d baptis lawak lu bocil puber",0,0,1,dilah_humaira,"Jual goyang, kosong gagasan 😂😮"
jvaldi.m,@dilah_humaira jual agama😂,23,0,1,dilah_humaira,"Jual goyang, kosong gagasan 😂😮"
lilypsrb,@fero_walandouw wkwkwk ulti aja para pencebok sengkuni,6,0,1,dilah_humaira,"Jual goyang, kosong gagasan 😂😮"
aldyafrzl23,@livingaboutjee bukti di baptisnya mana?,5,0,1,dilah_humaira,"Jual goyang, kosong gagasan 😂😮"
axy_35,@fero_walandouw wkwkw jangan d ulti😂emng pendukung Anies goblokkk semua,0,0,1,dilah_humaira,"Jual goyang, kosong gagasan 😂😮"
muhammadrizkyrizaldi1,@dilah_humaira situ calon nya yang ngaku imam mahdi ya😂😂 pantesan gak calon cawapres 01 otak nya kecil ga punya gagasan dan hanya modal janji manis!! Dasar wan about😂😂,2,0,1,dilah_humaira,"Jual goyang, kosong gagasan 😂😮"
nvizse_,@fero_walandouw mending jual goyang daripada jual agama 😂😂😂😂,2,0,1,dilah_humaira,"Jual goyang, kosong gagasan 😂😮"
nitch.mi,@livingaboutjee setiap orang punya pilihan kan jadi ya kalo situ punya pilihan berbeda yaa . napa ngurusin yng lain usil bangey,4,0,1,dilah_humaira,"Jual goyang, kosong gagasan 😂😮"
angga_parerungan,"@dilah_humaira lah gblk,cari aja Anis panggil malaikat jibril",5,0,1,dilah_humaira,"Jual goyang, kosong gagasan 😂😮"
_ciiputriiiiiii,@dilah_humaira dasar buzzer,3,0,1,dilah_humaira,"Jual goyang, kosong gagasan 😂😮"
hrlnt_,"@fero_walandouw wkwkwk stjuuu""😂😂😂",0,0,1,dilah_humaira,"Jual goyang, kosong gagasan 😂😮"
deamaulia._,@fero_walandouw mantep bang,0,0,1,dilah_humaira,"Jual goyang, kosong gagasan 😂😮"
echizen__ryomaaa,@fero_walandouw gue pilih inul jadi presiden ketimbang wowo 😂😂😂 inul lebih kece joget nya klo wowo emosiann 😢😢,1,0,1,dilah_humaira,"Jual goyang, kosong gagasan 😂😮"
echizen__ryomaaa,"@aldyafrzl sengkuni itu ada di 02 bego amat elu, keluarga wiwi soeharto, beye tu sengkuni"" yg nyata licik perusak demokrasi.",0,0,1,dilah_humaira,"Jual goyang, kosong gagasan 😂😮"
17nanaaaaa_,@dilah_humaira susah klo mmg pemuja aniessssss🗿,1,0,1,dilah_humaira,"Jual goyang, kosong gagasan 😂😮"
ashwin__mahendra,@dilah_humaira goyang mulu ga kur*s2🤭,0,0,1,dilah_humaira,"Jual goyang, kosong gagasan 😂😮"
ananda.puttri_selvia,@livingaboutjee mana ada dibaptis para ulama aja PD mlh Abah Anies apa Lo,1,0,1,dilah_humaira,"Jual goyang, kosong gagasan 😂😮"
hy.iraaaaaaa,@fero_walandouw menyala abangkuhhh🔥🔥🔥,0,0,1,dilah_humaira,"Jual goyang, kosong gagasan 😂😮"
zulfa.arafah_,@fero_walandouw wkwkw skakmat ga tuch yg komen,0,0,1,dilah_humaira,"Jual goyang, kosong gagasan 😂😮"
zulfa.arafah_,@dilah_humaira justru bayakin goyang biar ga streeeessss. santay aja brodi serius amat jogetin ajaa💃💃💃💃,0,0,1,dilah_humaira,"Jual goyang, kosong gagasan 😂😮"
malanur_20,@dilah_humaira 01lah agama dipolitian jika anda pilih yg berilmu iblis punlebih tinggi ilmu nyh😂Semua org punya cra nyh masing-masing untuk berinadah dan tidak harus di publikasin itu agama🔥,1,0,1,dilah_humaira,"Jual goyang, kosong gagasan 😂😮"
syahetzsch_,@novarizki1311 pelanggaran ham&mk idihhhhhh,0,0,1,dilah_humaira,"Jual goyang, kosong gagasan 😂😮"
novarizki1311,@pasha.mardiansyah ham beliau siapa di era nya siapa ?? Dampak nya sampe dipaksa pisah sm istri sendiri ...mk ? Yg minta mk rubah ketetapan umur kan si yg suka matiin mic berharap dia masuk kandang banteng ternyata ga mau mengulangi jejak bapa nya abis manis sepah di lepeh,1,0,1,dilah_humaira,"Jual goyang, kosong gagasan 😂😮"
nia_crabbie,@dilah_humaira yaelah pendukung nya malah bwa2 malaikat jibril sama imam mahdi kan ngaka,1,0,1,dilah_humaira,"Jual goyang, kosong gagasan 😂😮"
syahetzsch_,@novarizki1311 ya ngeles aja kaya tinju main main aksi kamisan @aksikamisan @kontras_update,0,0,1,dilah_humaira,"Jual goyang, kosong gagasan 😂😮"
syahetzsch_,"@novarizki1311 Kasus penculikan dialami puluhan aktivis pro-demokrasi sekitar tahun 1997/1998. Satu orang ditemukan tewas, sembilan orang dibebaskan setelah disiksa, dan 13 orang lainnya hingga kini masih hilang.
 Dewan Kehormatan Perwira (DKP) yang dibentuk Tentara Nasional Indonesia pada 1999 untuk menyelidiki kasus itu, berakhir dengan pemecatan Prabowo Subianto dari kesatuan TNI. Prabowo dalam laporan DKP dipastikan mengetahui persis operasi penculikan yang dilakukan oleh anggota Kopassus yang tergabung dalam Tim Mawar.Prabowo diduga terlibat atas penculikan para aktivis sebagaimana surat keputusan Dewan Kehormatan Perwira bernomor KEP/03/VIII/1998/DKP.
 Operasi tersebut melibatkan Tim Mawar yang beranggotakan anak buah Prabowo dari Group IV Kopassus. Tujuan dibentuknya Tim Mawar sebenarnya hanya untuk pengamanan sidang MPR. Namun entah mengapa tim di alih tugaskan untuk menyelidiki daftar nama tersebut. Dan
  Beberapa nama dijemput secara paksa dan dibawa ke markas Kopassus di Cijantung. Menurut keterangan salah satu korban penculikan ketika proses interogasi mereka tidak diperlakukan secara manusiawi.Menurut catatan Ikatan Keluarga Orang Hilang Indonesia (IKOHI) ada 13 orang yang hilang dan tak diketahui rimbanya hingga saat ini. Empat diantaranya adalah para aktivis Partai Rakyat Demokratik yaitu: Wiji Thukul, Bima Petrus, Herman Hendrawan, dan Suyat.
 Akibat aksinya ini, Prabowo sempat diperiksa oleh tim yang dikenal dengan Dewan Kehormatan Perwira (DKP) yang beranggotakan jenderal-jenderal senior. Mereka adalah Jenderal Subagyo Hadi Siswoyo sebagai ketua dan enam anggota berpangkat letnan jenderal, yaitu Djamari Chaniago, Fachrul, Yusuf Kartanegara, Agum Gumelar, Arie J. Kumaat, dan Susilo Bambang Yudhoyono. Dewan Kehormatan Perwira akhirnya merekomendasikan pemberhentian Prabowo dari dinas militer.
 Meskipun demikian, Prabowo Subianto memang belum sempat diadili secara hukum dalam kasus ini. Rekomendasi DPR pada 2009 agar pemerintah membentuk pengadilan HAM ad hoc dan mengusut kasus penculikan 13 aktivis yang masih hilang pun tak berjalan hingga saat ini. KETERLIBATAN NYA JELAS makanya sampai dipecat sama habibi",1,0,1,dilah_humaira,"Jual goyang, kosong gagasan 😂😮"
syahetzsch_,"@novarizki1311 lah keputusan mk ini jauh dari sebelum matiin mic itu diera 2017 wkwkwkwk segitu doang kah pengetahuan u, yg jelas tidak merusak konstitusi",1,0,1,dilah_humaira,"Jual goyang, kosong gagasan 😂😮"
syahetzsch_,@novarizki1311 food estate Gimana?Wkwkwkwkwkwkw,1,0,1,dilah_humaira,"Jual goyang, kosong gagasan 😂😮"
novarizki1311,"@pasha.mardiansyah lah tauuu masa gw yg mesti mikirin ?? 😂😂 Kaya panutan lu ga punya borok aja , yg jelas klo sampe ngeluarin fatwa wajib milih dia udah ga masuk di akal sih ,maksa bener kaya kuat aja nanggung nya",0,0,1,dilah_humaira,"Jual goyang, kosong gagasan 😂😮"
syahetzsch_,@novarizki1311 pentingnya pemimpin gk punya rekam rekam jejak buruk 🤭,1,0,1,dilah_humaira,"Jual goyang, kosong gagasan 😂😮"
badvillain17,"@dilah_humaira lah orang fakta, terima aja si wkwk",0,0,1,dilah_humaira,"Jual goyang, kosong gagasan 😂😮"
novarizki1311,"@pasha.mardiansyah yaaa ngimpi aja pemimpin mana yg punya rekam jejak bagus ....haree gene dari dlu pemerintahan emang bagus ?? Nyatanya kita semua msh kerja keras buat makan . Beda nya ada yg cara nya tegas yg padanilang jaman dlu itu minim yg namanya korup gile pada takut lah pasti , ngelawan dikit ilang , klo sekarang kan bersuara boleh besokan nya pada ngelunjak . Banyak pembengkakana dana pendidikan aja beli thiner angka nya ga maen2, duit setan nongol di kardus duren , cumaaa yg bikin sakit pala itu imam mahdi nyalon presiden , sampe ngeluarin fatwa kan gw jd bingung nanti klo ada buku baru tentang sejarah islam 'perjuangan imam mahdi jadi calon presiden indonesia '",1,0,1,dilah_humaira,"Jual goyang, kosong gagasan 😂😮"
meeeeaaa_____,@dilah_humaira anda baru keluar dari goa atau pura2 ga tau kalo capres anda hobby jual agama??,1,0,1,dilah_humaira,"Jual goyang, kosong gagasan 😂😮"
rez.zha29,@fero_walandouw Pak @aniesbaswedan harap maklum klo ada artis kaya gini. Emang bener apa kata Kang @ridwankamil bilang 😁,1,0,1,dilah_humaira,"Jual goyang, kosong gagasan 😂😮"
hanifrifki9,@fero_walandouw Gus Miftah & habib Luthfi the real JUAL AGAMA,1,0,1,dilah_humaira,"Jual goyang, kosong gagasan 😂😮"
alvi_n9997,@fero_walandouw emang ada gagasan? Programnya makan siang gratis khusus binatang saja tu,1,0,1,dilah_humaira,"Jual goyang, kosong gagasan 😂😮"
alfadillah90,@fero_walandouw 🤣 maling teriak maling,1,0,1,dilah_humaira,"Jual goyang, kosong gagasan 😂😮"
santioke21,"@novarizki1311 agama memamg harus dibawa, bahkan sampai mati",1,0,1,dilah_humaira,"Jual goyang, kosong gagasan 😂😮"
novarizki1311,"@santioke21 ya tapi ga ngaku2 imam mahdi , ga ngeluarin fatwa wajib milih anies, ga adzan 4 arah , ga kampanye di masjid , ga bawa2 malaikat jibril .....B aja gitu loh . Allahu Akbar !!!!!",0,0,1,dilah_humaira,"Jual goyang, kosong gagasan 😂😮"
santioke21,"@novarizki1311 minimal cek fakta. Bisa kirim link kalo emng ada capres yang ngaku imam mahdi. Udah nnton video ketum gerindra kampanye di masjid pake atribut 02? Kirim bukti siapa yang ngeluarin fatwa wajib milih pak Anies. Monggo, waktu dipersilahkan. Dengan senang hati dan lapang dada jika memang ada faktanya🥰🥰🥰",1,0,1,dilah_humaira,"Jual goyang, kosong gagasan 😂😮"
iam_biannn,"@fero_walandouw spill gagasan pak prabowo donggg, naikin gaji jabatan itu ya? Mkmkmkmk",0,0,1,dilah_humaira,"Jual goyang, kosong gagasan 😂😮"
novarizki1311,"@santioke21 emang bukan bukan capres nya yg ngaku si tp ulama di kubu nya mengatakan demikian , fatwa wajib nya kan emang banyak berseliweran emang ga liat tah bu ?? Kan saya juga klo ga liat ga mgkin ngomong , yg serem nanti di buku sejarah islam ada bab tentang imam mahdi nyalon presiden indonesia , masa saya boong buu 😂😂. Tapi saya juga ga ada waktu ngirim2 itu ke ibu ,cari aja sendiri banyak kok berseliweran . Klo agama emang dibawa sampe mati ya pan mau makan aja baca bismillah ,tp klo ga pilih dia dipertanyakan ke islaman nya . Asal kuat nanggung dosa para pencoblos nya saya kira itu satu gagasan yg ruaaaar biasaaaa",0,0,1,dilah_humaira,"Jual goyang, kosong gagasan 😂😮"
hamdanhadiwijaya,"@dilah_humaira agama mna yg dijual ? Bawak” malaikat , emang boleh politik bawak” agama bawak para” ulama",0,0,1,dilah_humaira,"Jual goyang, kosong gagasan 😂😮"
santioke21,"@novarizki1311 kak, zaman skrng ini misal kita pidato bahas sesuatu, media itu seringnya potong video, trs dijadikan headline. Tugas kita itu cari tahu kebenarannya. Saya sudah dengar kok ttng semua itu, alhamdulillah sudah cari tahu faktanya dan 1 lagi, misal ada pendukung prabowo yang menobatkan prabowo itu malaikat apa lantas langsung kita cap jelek prabowonya?? Semoga paham maksut saya. Tentang pertanggung jwaban di akhiat kelak, sebaiknya sama² kita berkaca dulu, komentar sampean ini bisa jd prasangka dan fitnah. Barakallu fiik. Jadilah pemilih bukan pendukung yg menutup mata dari fakta",0,0,1,dilah_humaira,"Jual goyang, kosong gagasan 😂😮"
faiz.nastionz,AMIN aja dulu 👏,0,0,1,dilah_humaira,"Jual goyang, kosong gagasan 😂😮"
novarizki1311,"@santioke21 nah iya itu dia maksudnya ...dengan semua kata2 yg terucap dari pendukung nya sampe menobatkan dia sebagai sebagai apapun yg dia mau bisa dipertanggung jawabkan ga ? Mba jangan lupa banyak kok jejak digital nya omongan2 apa aja yg bikin gemes , mba nya juga jangan menutup mata akan banyak nya rangkaian kata dan retrotika nya . Dan saya ga suka dia . Jadi hak saya dong untuk menentukan saya suka siapa ...",0,0,1,dilah_humaira,"Jual goyang, kosong gagasan 😂😮"
novarizki1311,"@novarizki1311 bagaimana cara dia menilai kinerja sebuah kabinet yg menurut saya kocag , dari seorang menteri yg dipecat dgn bengkak nya anggaran2 helm proyek ,thiner sebagai alat peraga sekolah lah ...atau mba nya tau semua fakta nya faktanya ??? Klo bicara siapa yg paling baik saya rasa cuma Nabi Muhhamad mba yg pantas jd panutan , atau mba bisa menjamin dgn idola mba nanti klo jd presiden akan 'orang bener' boleh saya ganti suara . Dahya mba yg paling tau fakta . Kita tutup komenan kita disini kerjaan saya banyak ,mau bikin ktp jg buat kipas angin .",0,0,1,dilah_humaira,"Jual goyang, kosong gagasan 😂😮"
santioke21,"@novarizki1311 betul hak mbaknya untuk memilih siapapun. Saya hanya sekedar mengingatkan saja, agar jangan sampai ketikan kita di media sosial ini menimbulkan prasangaka pd orang lain. Tidak semua yang bilang pendukung itu benar² pendukung ya kak. Gampang bilang saya dukung si fulan, si fulan itu bagaikan malaikat jibril, misalnya. Cukup fookus pada paslon dan kinerjanya. Karena yang jd presiden itu paslonnya bukan pendukungnya. Semoga semua pendukung termasuk saya, lebih berhati² lagi dalam membela paslon pilihankita. Barakallu fiik🙌",0,0,1,dilah_humaira,"Jual goyang, kosong gagasan 😂😮"
rani_pricillia12,"@dilah_humaira rakyat jelata bnyak omong sama kayak capres miskin lu malu kali bawa2 agama , pendukung Dajjal 🤭🤣",0,0,1,dilah_humaira,"Jual goyang, kosong gagasan 😂😮"
rani_pricillia12,@livingaboutjee gak terima dia itu capres miskinnya jual agama bnyak omong nya🤭🤭😂😂,0,0,1,dilah_humaira,"Jual goyang, kosong gagasan 😂😮"
aprlia_146,@dilah_humaira YAUDAH SIH TERSERAH MAU PILIH SIAPA AJA KALO LU NGGA SUKA SKIPP SUSAH AMAT IDUP LU,0,0,1,dilah_humaira,"Jual goyang, kosong gagasan 😂😮"
annisamutmainnah_,@fero_walandouw upsss siapa tuh yg jual agama? Mana dasar dan buktinya? Ayok adu gagasan! Makanya riset sebelum ngomong,0,0,1,dilah_humaira,"Jual goyang, kosong gagasan 😂😮"
mhmmdfauzinst,@fero_walandouw wadduhh kelasss🙌🔥,0,0,1,dilah_humaira,"Jual goyang, kosong gagasan 😂😮"
annisamutmainnah_,@novarizki1311 #salamakalsehat,0,0,1,dilah_humaira,"Jual goyang, kosong gagasan 😂😮"
annisamutmainnah_,"@hanifrifki9 maklumlah, artis satu ini gak paham substansi tapi teriaknya kencang banget @fero_walandouw",0,0,1,dilah_humaira,"Jual goyang, kosong gagasan 😂😮"
arironaldino_,@dilah_humaira mknya jangan sok cerdas nanti jadi gila rela dibaptis demi suara,0,0,1,dilah_humaira,"Jual goyang, kosong gagasan 😂😮"
novarizki1311,@annisamutmainnah_ #salamsukasukague,0,0,1,dilah_humaira,"Jual goyang, kosong gagasan 😂😮"
moonlightz96_,@fero_walandouw fitnah terossss 🤣🤣🤣,0,0,1,dilah_humaira,"Jual goyang, kosong gagasan 😂😮"
inii_wannn113,"@fero_walandouw udh bang, beda kelas ga usah di lawan wkwk",0,0,1,dilah_humaira,"Jual goyang, kosong gagasan 😂😮"
inii_wannn113,@dilah_humaira ga pilih anies takut dosa ya?,0,0,1,dilah_humaira,"Jual goyang, kosong gagasan 😂😮"
pisangijo09,@fero_walandouw Jokowi maksud mu😂😂,0,0,1,dilah_humaira,"Jual goyang, kosong gagasan 😂😮"
trianandagrsg,@fero_walandouw lah lah lah... Jangan gitu bang nanti kemakan omongan sendiri hahah,0,0,1,dilah_humaira,"Jual goyang, kosong gagasan 😂😮"
rahmadakbarrrr,"@dilah_humaira jual gagasan kosong tindakan wkwk kalo menang bbm gratis 6 jt bumil bantu palestina situ sehat wkwk
#anebukanorangpintar",0,0,1,dilah_humaira,"Jual goyang, kosong gagasan 😂😮"
mah_fudzot,"@fero_walandouw padahal 02 juga politik agama. Kalo mau tes bacaan quran aja yaa, jadi nanti ketahuan siapa yang jual agama",0,0,1,dilah_humaira,"Jual goyang, kosong gagasan 😂😮"
prianto4542,@fero_walandouw jual asam sulfat donk biar pro😂😂,0,0,1,dilah_humaira,"Jual goyang, kosong gagasan 😂😮"
mhi.eila,@fero_walandouw udah kak biarin aj jgn ditanggapi cmn mw mancing2 dia....tetep gas 02 ya ka fero,0,0,1,dilah_humaira,"Jual goyang, kosong gagasan 😂😮"
wiwinaries550,"@fero_walandouw yg jual agama siapa,temen Lo,EMG ulama dah sepakat,dan org Islam hrs berpolitik beliau jg toleransi sama agama lain kek Lo,tuduhan Lo nggak ada yg lain ya,kurang duit dr sinetron dan iklan,nyinyir amat",0,0,1,dilah_humaira,"Jual goyang, kosong gagasan 😂😮"
dndirmdhn135_,"@dilah_humaira GA DUKUNG ANIS DOSA, UDAH ADA AYAT NYA, UCAP SESEORANG USTAD DI KUBU 1 WKWKW",0,0,1,dilah_humaira,"Jual goyang, kosong gagasan 😂😮"
luckie5t,@fero_walandouw jual agama apaan bjir,0,0,1,dilah_humaira,"Jual goyang, kosong gagasan 😂😮"
tegar_ramadhan16,@fero_walandouw kelas bang gua dukung all 02,1,0,1,dilah_humaira,"Jual goyang, kosong gagasan 😂😮"
ko_aditt,@fero_walandouw kelas abangkuh🔥,0,0,1,dilah_humaira,"Jual goyang, kosong gagasan 😂😮"
mr_hanhann_,"@fero_walandouw lu hidup klo kga punya keyakinan pasti ancur bro 😂 begitupun negara, curiga gw 🤭 emang lu mau nih negara di pimpin sama ateis😂",0,0,1,dilah_humaira,"Jual goyang, kosong gagasan 😂😮"
sugigunawan05,@dilah_humaira wkwk agama mana di jual liat lah kampanye bawa agama itu emang gak jual jual agama,0,0,1,dilah_humaira,"Jual goyang, kosong gagasan 😂😮"
m_fadil_samsudin,@fero_walandouw lebih hina lagi bagi bagi bansos di depan istana🔥,0,0,1,dilah_humaira,"Jual goyang, kosong gagasan 😂😮"
dearinzz,"@livingaboutjee coba gausa asal asbun. Kalau cerdas sertakan bukti dong, mang ea di baptis? Kocaks",0,0,1,dilah_humaira,"Jual goyang, kosong gagasan 😂😮"
shbtcerita.fashion,@fero_walandouw duuuhh Abang nya kok gtu,0,0,1,dilah_humaira,"Jual goyang, kosong gagasan 😂😮"
mochiqbaall,@novarizki1311 dimna letak nya cobaaa,0,0,1,dilah_humaira,"Jual goyang, kosong gagasan 😂😮"
paypay__0450,@fero_walandouw mantabb🤩,0,0,1,dilah_humaira,"Jual goyang, kosong gagasan 😂😮"
n4d1nee_22,@fero_walandouw makk langsung to the poin wakk,0,0,1,dilah_humaira,"Jual goyang, kosong gagasan 😂😮"
alfiranov_,@fero_walandouw kelasss bangt🫶🥹,0,0,1,dilah_humaira,"Jual goyang, kosong gagasan 😂😮"
abbi_ian89,@fero_walandouw lah ko baper 😂😂😂,0,0,1,dilah_humaira,"Jual goyang, kosong gagasan 😂😮"
aisy_aisyah5,@novarizki1311 berpolitik tanpa agama gimana jadinya mba? Yang Korupsi pun gak akan inget dosa rasanya. Jika islam saja meminta kita melibatkan agama dalam segala keputusan 😊,0,0,1,dilah_humaira,"Jual goyang, kosong gagasan 😂😮"
iftitahadlan,@fero_walandouw mantap gak tuh langsung di ulti sama si Kaka ferow ✌️🩵🥰,0,0,1,dilah_humaira,"Jual goyang, kosong gagasan 😂😮"
nopann_17,"@dilah_humaira hahaha mikir bego capres lu sampe bawa""agama, malaikat dll makanya punya otak dan pikiran itu di gunakan yang baik",0,0,1,dilah_humaira,"Jual goyang, kosong gagasan 😂😮"
bio_sulaiman,@fero_walandouw ok gasss no 2 torang pung presiden menang satu putaran,0,0,1,dilah_humaira,"Jual goyang, kosong gagasan 😂😮"
elsayaaa_,@fero_walandouw waduhhhh,0,0,1,dilah_humaira,"Jual goyang, kosong gagasan 😂😮"
meylindasaputry,"@dilah_humaira malu lah agama Islam tapi main di baptis cuakss asal lu tau Iyah, umat itu tidak sembarangan naik ke baptis itu hanya petugas nya saja berati dia udah kemsuk agama baptis dong wkwk, soal agama apa perlu kita koar2 jangan pernah bawa agama semua orng itu tidak sempurna jangan so suci apalagi Ampe bawa malaikat Jibril kenph ngk sekalian malaikat Izrail",0,0,1,dilah_humaira,"Jual goyang, kosong gagasan 😂😮"
andyysetiawann,@fero_walandouw mending suting film aja deh bang daripada jadi buzzer gitu😂,0,0,1,dilah_humaira,"Jual goyang, kosong gagasan 😂😮"
biskuit388,@dilah_humaira daripada jualan agama awowkwok,0,0,1,dilah_humaira,"Jual goyang, kosong gagasan 😂😮"
vergianumerta,"@fero_walandouw dih ngeri artis omongannya gini, jual agama? Agama mana yg bisa di jual?",0,0,1,dilah_humaira,"Jual goyang, kosong gagasan 😂😮"
hiduptergantungrolll,"@dilah_humaira haduh, gmna ya bilangin orang modelan beginian😂",0,0,1,dilah_humaira,"Jual goyang, kosong gagasan 😂😮"
the.rindra,@dilah_humaira benar kata kang emil....😂😂😂😂,0,0,1,dilah_humaira,"Jual goyang, kosong gagasan 😂😮"
dw.ngrho,"@dilah_humaira buka Mata wahai org"" cerdas",0,0,1,dilah_humaira,"Jual goyang, kosong gagasan 😂😮"
payoeng_teduh,"@fero_walandouw tunjukin dong 1 aja yg lu bilang jual agama bg😂, kalau lu udah banyak ngajinya pasti tau mana yg jual agama",0,0,1,dilah_humaira,"Jual goyang, kosong gagasan 😂😮"
askharanadhif,@fero_walandouw kaya bowo jaman 2019 dong,0,0,1,dilah_humaira,"Jual goyang, kosong gagasan 😂😮"
iqbal_geli,@dilah_humaira mau di kasih gagasan nya nihh mba mba joget hanya mengisi luang kosong aja kalo kerja yah kerja tapi bukan di vidioin!! terus solat solat aja bukan buat di vidioin dan satu lagi agama gaboleh di jadikan politik apa lagi bawa bawa.malaikat!!!semoga hati mu sdara yah,0,0,1,dilah_humaira,"Jual goyang, kosong gagasan 😂😮"
agoengprsetyo,@dilah_humaira anak SMP ngapain ke lapak orang awokawok planga plongo nanti jdi ga waras lagi,0,0,1,dilah_humaira,"Jual goyang, kosong gagasan 😂😮"
arnesta_farizkiani,"@dilah_humaira katanya orang pintar, tapi demen banget nyampah di lapak orang😂",0,0,1,dilah_humaira,"Jual goyang, kosong gagasan 😂😮"
el_imantaka,@novarizki1311 orang beragama ya bawa gama. kalo ga bawa agama berarti ga punya agama,0,0,1,dilah_humaira,"Jual goyang, kosong gagasan 😂😮"
pejuang_perubahan24,"@fero_walandouw pinter dikit jgn sampai sama kaya wakil anda ga ber etika,",0,0,1,dilah_humaira,"Jual goyang, kosong gagasan 😂😮"
pejuang_perubahan24,@livingaboutjee awas hoax malu,0,0,1,dilah_humaira,"Jual goyang, kosong gagasan 😂😮"
nctzen_nana_icung,"Tahun 2024 masih ada yg kampanye modelan kayak gini sumpah ini  jadul bgt konsep kampanye seperti ini,",0,0,1,dilah_humaira,"Jual goyang, kosong gagasan 😂😮"
hskiaemr_,@dilah_humaira klo saya blg agama islam gmn bg?bener gk,0,0,1,dilah_humaira,"Jual goyang, kosong gagasan 😂😮"
rifaldi_ako,@fero_walandouw apapun yg enkau kerjakan dan apapun kegiatanmu jangan lupa hadirkan tuhan disitu,0,0,1,dilah_humaira,"Jual goyang, kosong gagasan 😂😮"
bayezid9737,"@fero_walandouw Kok Jadi ke Agama Org Ngomongin Gagasan,..Udh Gak Bisa ngasi Gagasan Lari²ke agama Dihh 😂😂😂 kerdil banget Mental 02 ,..Anda Waras Bro..",0,0,1,dilah_humaira,"Jual goyang, kosong gagasan 😂😮"
vandtastic,"@fero_walandouw yg mana yg jual agama, coba buktiin dooong 😂😂😂",0,0,1,dilah_humaira,"Jual goyang, kosong gagasan 😂😮"
krsmkzngrh,"@fero_walandouw siapa yg jual agama bro? Jakarta gereja banyak yg dibangun, bisa cuma goyang bangga",0,0,1,dilah_humaira,"Jual goyang, kosong gagasan 😂😮"
jangan_absrud,"@fero_walandouw Di islam semua nya diatur, dari tidur sampai bangun tidur. Pilih pemimpin pun diatur didalam islam. Kalo dikatakan jual Agama, agama mana yang dijual?",0,0,1,dilah_humaira,"Jual goyang, kosong gagasan 😂😮"
gaarainnova,"@fero_walandouw bukanya yang plin plan 02 ngikut gagasan 01, jadi curiga pak Prabowo coblos pak Anis, karena semalem setuju mulu.",0,0,1,dilah_humaira,"Jual goyang, kosong gagasan 😂😮"
sapa_ituh,"@dilah_humaira emang 01 yg tambah tambah bicara tdk sesuai  kerja ny ,sok soan pula nilai kinerja  org ,emang  01 ituh bisa jadi mentri pertahanan 😂",0,0,1,dilah_humaira,"Jual goyang, kosong gagasan 😂😮"
astrisahar,@fero_walandouw agama mana bang? Kalau nnton video yg dipotong” ya no koment,0,0,1,dilah_humaira,"Jual goyang, kosong gagasan 😂😮"
izalyn__,"@fero_walandouw ga ada yg jual agama maseee.. anda saja yang mudah dibohongi narasi fitnah. Yuks cek aja ke fitnahlagi.com eh anda mah kader dink, mau dikasi sejuta fakta juga akan nolak...😢😢",0,0,1,dilah_humaira,"Jual goyang, kosong gagasan 😂😮"
astrisahar,"@bbcteambbc jangan nnton video yg di potong” bang, imam mahdi malaikat jibril itu faktanya udah berseliweran.. kalau nnton video yg sampai full supaya bawaannya ga fitnah",0,0,1,dilah_humaira,"Jual goyang, kosong gagasan 😂😮"
d.agistryadi,@fero_walandouw bukannya yang plinplan bapaknya bro? 😂,0,0,1,dilah_humaira,"Jual goyang, kosong gagasan 😂😮"
wahyuadityaaaaa_,@dilah_humaira otak lu dah eror?,0,0,1,dilah_humaira,"Jual goyang, kosong gagasan 😂😮"
reza_suryadi,@fero_walandouw ga ada manfaatnya  klo mau joget bikin lomba dangdut bang sekalian 😂,0,0,1,dilah_humaira,"Jual goyang, kosong gagasan 😂😮"
r.raffi_,@fero_walandouw kasih keras om🔥🔥🔥,0,0,1,dilah_humaira,"Jual goyang, kosong gagasan 😂😮"
s_frince,@fero_walandouw debat kelima pak bowo kebanyakan setuju dengan gagasan anies  menunjukan 02 miskin gagasan😂,0,0,1,dilah_humaira,"Jual goyang, kosong gagasan 😂😮"
__krtkptrr,@dilah_humaira berisik org gila gausa komen disini,0,0,1,dilah_humaira,"Jual goyang, kosong gagasan 😂😮"
i_alwaysswannadie,@fero_walandouw ga kebalik apa😭 semalem aja gagasan nya abis,0,0,1,dilah_humaira,"Jual goyang, kosong gagasan 😂😮"
sephazard,"@fero_walandouw kata kata netizen , kaya gak ada kata kata lagi sekelas artis cuman niru😂",0,0,1,dilah_humaira,"Jual goyang, kosong gagasan 😂😮"
oga_riswara33,@fero_walandouw menyala abangkuh🔥,0,0,1,dilah_humaira,"Jual goyang, kosong gagasan 😂😮"
saa_sssaa8,@fero_walandouw wkwkwk benerr,0,0,1,dilah_humaira,"Jual goyang, kosong gagasan 😂😮"
saa_sssaa8,@dilah_humaira ke keselek fakta yh,0,0,1,dilah_humaira,"Jual goyang, kosong gagasan 😂😮"
niprh26,"@fero_walandouw tunjukin data lu , siapa yg jual agama? Makanga baca data, rekam jejak. Jgn terima mentah.",0,0,1,dilah_humaira,"Jual goyang, kosong gagasan 😂😮"
cvx09emb,@fero_walandouw masoookkkkkk😂,0,0,1,dilah_humaira,"Jual goyang, kosong gagasan 😂😮"
hii_puppet12,@fero_walandouw 🔥🔥🔥,0,0,1,dilah_humaira,"Jual goyang, kosong gagasan 😂😮"
nurmal635,@fero_walandouw gus miftah dong😂,0,0,1,dilah_humaira,"Jual goyang, kosong gagasan 😂😮"
ambonska24,@fero_walandouw coba dimna jual agama buktiin dong😮😂,0,0,1,dilah_humaira,"Jual goyang, kosong gagasan 😂😮"
sahrul.alungg,@fero_walandouw gemoy cuma gimik,0,0,1,dilah_humaira,"Jual goyang, kosong gagasan 😂😮"
choerunnisawr,@dilah_humaira kamu pnya hp?masa gatau yg lagi rame?gunakan hp mu dngn baik jangan modal ngebacot doang,1,0,1,dilah_humaira,"Jual goyang, kosong gagasan 😂😮"
nal_do1999,"@fero_walandouw siapa yg jual agama? 01 atau Kosong 03, @anis.baswedan_for_presiden atau @ganjar_pranowo",0,0,1,dilah_humaira,"Jual goyang, kosong gagasan 😂😮"
aizzlx_,@fero_walandouw yang penting kenyang ya bang 😂,0,0,1,dilah_humaira,"Jual goyang, kosong gagasan 😂😮"
kartikashr_,@dilah_humaira daripada banyak omong isinya angin😂,0,0,1,dilah_humaira,"Jual goyang, kosong gagasan 😂😮"
joeuieeee,@fero_walandouw lah plinplan? Nanti klo prabowo kepilih km bisa cuci uang kaya rapi amed yak fero? Wkwkwk,0,0,1,dilah_humaira,"Jual goyang, kosong gagasan 😂😮"
svnfaced_,@fero_walandouw WELL,0,0,1,dilah_humaira,"Jual goyang, kosong gagasan 😂😮"
sylviaachaterina,@dilah_humaira haaa kan terbukti siapa deluan yg nyenggol😂,0,0,1,dilah_humaira,"Jual goyang, kosong gagasan 😂😮"
denniod,@fero_walandouw wkwk dulu capres lu yang riding wave di 2019 sama di 2014 jualan agama wkwkwkwk pura2 lupa die😂😂😂,0,0,1,dilah_humaira,"Jual goyang, kosong gagasan 😂😮"
1rwanzz_,@fero_walandouw meledak abangku🔥,0,0,1,dilah_humaira,"Jual goyang, kosong gagasan 😂😮"
fanfannn_23,@dilah_humaira iya kita butuh pemimpin bukan penjual agama dan pemberi janji 😎,0,0,1,dilah_humaira,"Jual goyang, kosong gagasan 😂😮"
sharankhritik,"@fero_walandouw : Sorry,2019 nyomot Cawapres dr kalangan pemka agama yg jg punya andil dalam gerakan ""jual agama"" yg anda mksd pada kasus Ahok bagaimana menurut anda?",0,0,1,dilah_humaira,"Jual goyang, kosong gagasan 😂😮"
aisha_rafira,"@fero_walandouw lah agama apanya, ulama ada disemua Paslon,ayo mana letak jual agamanya?",0,0,1,dilah_humaira,"Jual goyang, kosong gagasan 😂😮"
zidanalfrza,"@dilah_humaira angin gapunya ktp , adzan 4 arah , bawa bawa malaikat jibril , kampanye bawa bawa imam mahdi , kalau mau surga harus pilih 01 , PUAS LO ? wkwkw kocak",0,0,1,dilah_humaira,"Jual goyang, kosong gagasan 😂😮"
gilangpriatamaaa,@fero_walandouw Mohon maaf jual agama nya dimana ya? Kalau berbicara pakai faktanya dong,0,0,1,dilah_humaira,"Jual goyang, kosong gagasan 😂😮"
alyy.4112,@fero_walandouw minimal kasi bukti klo Anies jual agama bro 🥱,0,0,1,dilah_humaira,"Jual goyang, kosong gagasan 😂😮"
s.zull14_,@dilah_humaira kontol brisik bet,0,0,1,dilah_humaira,"Jual goyang, kosong gagasan 😂😮"
prclgrtlvna_,@dilah_humaira baptis lagi gk si anis nya?,0,0,1,dilah_humaira,"Jual goyang, kosong gagasan 😂😮"
faiz_abu47,@fero_walandouw jual agama gmna? Toh berkat dia pembangunan semua rumah IBADAH diJakarta izin nya terbit? Wah matanya picek nih org,0,0,1,dilah_humaira,"Jual goyang, kosong gagasan 😂😮"
putra_wbsno20,@fero_walandouw artis tapi tolol,0,0,1,dilah_humaira,"Jual goyang, kosong gagasan 😂😮"
putritomboyz,@dilah_humaira yakin kosong gagasan?coba d cek pilihan nya mba?perubahan yakin perubahan apa ucapan yg d rubah2😂,0,0,1,dilah_humaira,"Jual goyang, kosong gagasan 😂😮"
mhdabdul13,@fero_walandouw Jual Agama Yang Gimana Maksd nya Bg. Kasih Paham Lah dulu.. Dan Gagasan Mana yg plinplan?? Bukan nya kosong 2 yang plinplan?? Gagasan nya Gak ada. Sampai² setuju sama gagasan capres lain.,0,0,1,dilah_humaira,"Jual goyang, kosong gagasan 😂😮"
hafizdfalak,@fero_walandouw Weh bang😭😭,0,0,1,dilah_humaira,"Jual goyang, kosong gagasan 😂😮"
geekgadgetindo,@fero_walandouw masa iya mimpin negara cuma joget2 doang 😮,0,0,1,dilah_humaira,"Jual goyang, kosong gagasan 😂😮"
666rrd,@fero_walandouw MENYAALAAAA ABANGKUUUU🔥🔥🔥🔥🔥🔥✌🏻✌🏻✌🏻🤣🤣,0,0,1,dilah_humaira,"Jual goyang, kosong gagasan 😂😮"
bbysyilaa_,@dilah_humaira yohanes diem aj😂,0,0,1,dilah_humaira,"Jual goyang, kosong gagasan 😂😮"
eliandri_bahtiar,"@fero_walandouw Weh Weh Weh, apa-apaan nih bawa"" jual agama segala?",0,0,1,dilah_humaira,"Jual goyang, kosong gagasan 😂😮"
fajar.wahyu_rd,@fero_walandouw yg kirim duwit gepokan sama jajin  si mt jadi Mentri agama siapa ya. 😂,0,0,1,dilah_humaira,"Jual goyang, kosong gagasan 😂😮"
dwiardiansyhftrh,@dilah_humaira buta map,0,0,1,dilah_humaira,"Jual goyang, kosong gagasan 😂😮"
laviannerosse,"@fero_walandouw hah jual agama dmna ? kasi bukti boleh? prasaan byk org non muslim dan etnies lain skrg dukung pak anies. bukti byk beredar. jaman pemilu lalu  lebih parah yg nonis atau etnies ky tionghoa pasti pilihnya jokowi. skrg beda men, mreka milih pak anies. kurg terbuka apa coba",0,0,1,dilah_humaira,"Jual goyang, kosong gagasan 😂😮"
amie_nursal,"@novarizki1311 lah gmn tuh ada yg kampanye di mesjid jg caleg dr partai pak wowo, itu si ade rosiade, gmn tuh",0,0,1,dilah_humaira,"Jual goyang, kosong gagasan 😂😮"
cekfais_22,@fero_walandouw ciee yg takut nggak tenar wakil kok melanggar hukum konsitusi situ waras #asalbukanprabowogibran,0,0,1,dilah_humaira,"Jual goyang, kosong gagasan 😂😮"
risakarniadi12,@fero_walandouw sekelas artis ngomong begini? Adududu,0,0,1,dilah_humaira,"Jual goyang, kosong gagasan 😂😮"
risakarniadi12,"@livingaboutjee Ngakak mba liat koment an kamu,Padahal kamu sendiri ke makan hoaks,tpi dengan pede nga ngetik begini😭🤣",0,0,1,dilah_humaira,"Jual goyang, kosong gagasan 😂😮"
00_r324,@dilah_humaira otak mu yg kosong,0,0,1,dilah_humaira,"Jual goyang, kosong gagasan 😂😮"
p.rnprmstri,@dilah_humaira lah gamau nrima fakta bjirr😂,0,0,1,dilah_humaira,"Jual goyang, kosong gagasan 😂😮"
_yourzaaaa,@dilah_humaira buta agama ya lu🗿,0,0,1,dilah_humaira,"Jual goyang, kosong gagasan 😂😮"
el__kesenengan,@fero_walandouw mahkota mu sedang diproses king👑,0,0,1,dilah_humaira,"Jual goyang, kosong gagasan 😂😮"
okta.ramadhaan,"@dilah_humaira lu salah server ajg, soalnya komenan sampah kek lu menyemak aja di komen",0,0,1,dilah_humaira,"Jual goyang, kosong gagasan 😂😮"
geryjustld,@fero_walandouw TETAP ALL BNG TENANG APA PUN MASALAH NYA MAKAN SIANG GRATIS SOLUSINYA OK GAS OK GASS😂😂,0,0,1,dilah_humaira,"Jual goyang, kosong gagasan 😂😮"
mirnajy_,@dilah_humaira dari pda jambu,0,0,1,dilah_humaira,"Jual goyang, kosong gagasan 😂😮"
mddnnnrizz,@dilah_humaira jual agama gagasan berubah-ubah gak punya pendirian,0,0,1,dilah_humaira,"Jual goyang, kosong gagasan 😂😮"
syaifulmubarook,@fero_walandouw siapa yg jual agama tolol,0,0,1,dilah_humaira,"Jual goyang, kosong gagasan 😂😮"
dhylanzk,@dilah_humaira malaikat jibril😂,0,0,1,dilah_humaira,"Jual goyang, kosong gagasan 😂😮"
ilhamihamdi_sr,"@dilah_humaira dari pada gagasan doang yg banyaj kerja gk ada gimana, rugi dong hanya omon omon😂",0,0,1,dilah_humaira,"Jual goyang, kosong gagasan 😂😮"
futihatilmia_198,@livingaboutjee jangan fitnah yaa mbak ...,0,0,1,dilah_humaira,"Jual goyang, kosong gagasan 😂😮"
harry_seftian,"@fero_walandouw yakin lu dukung dari hati nurani,, bukan karena uang kn wkwkwkw",0,0,1,dilah_humaira,"Jual goyang, kosong gagasan 😂😮"
hanihanafi__,@fero_walandouw  duarrrr btul bng👏,0,0,1,dilah_humaira,"Jual goyang, kosong gagasan 😂😮"
muhalfahreziramadhan,@livingaboutjee wkwkwkkw.. kelelep hoax lu...pinter dikit kek🤪🤪,0,0,1,dilah_humaira,"Jual goyang, kosong gagasan 😂😮"
aldianandar,@fero_walandouw sebutin gagasan yg plinplan nya bang coba yg mana?,0,0,1,dilah_humaira,"Jual goyang, kosong gagasan 😂😮"
dikakuhhh__,@dilah_humaira Yohannes baswedan keren cui di baptis masuk lagi ke agama lain aduh? Imam Mahdi muncul saat capres emng boleh,0,0,1,dilah_humaira,"Jual goyang, kosong gagasan 😂😮"
syaifulmubarook,@mdddnrrr najiss lo bodoh cuih,0,0,1,dilah_humaira,"Jual goyang, kosong gagasan 😂😮"
mhuz47,"@fero_walandouw jual agama yg mana?? POLITIK TANPA AGAMA, HANCURR",0,0,1,dilah_humaira,"Jual goyang, kosong gagasan 😂😮"
yogivernicho17,@fero_walandouw daripada yg jilat ludah sendiri..dulu j0kowi di jelikin skarang malah di koalisi Jokowi...ehh yg demo buat dia di THN 2019 bertaruh nyawa...eh si Wowo malah enak duduk di istana...,0,0,1,dilah_humaira,"Jual goyang, kosong gagasan 😂😮"
queennnn108_,@dilah_humaira sadar weh😂01 penistaaan agama awokawok,0,0,1,dilah_humaira,"Jual goyang, kosong gagasan 😂😮"
leonyymk,@dilah_humaira marr tetap ngna klo dngr lagu oke gas oke gas bgoyang tohh sma sogili ta strom😜😜😂😂,0,0,1,dilah_humaira,"Jual goyang, kosong gagasan 😂😮"
hamidahnst.29,@dilah_humaira bilang noh Ama Anis utangnya banyak wkwk rumah masih nyicil malu,0,0,1,dilah_humaira,"Jual goyang, kosong gagasan 😂😮"
hamidahnst.29,@livingaboutjee maklum pendukung 01 munafik semua katanya KLO ga pilih 01 sama ajh ga ngehormatin ulama haha anj emng ulama itu tuhan?,0,0,1,dilah_humaira,"Jual goyang, kosong gagasan 😂😮"
_massokerrr_,"@dilah_humaira kampanye di masjid setau gua masjid cuman buat azan,orang meninggal,dan pengumuman lain yg tidak ada sangkutan nya sama kampanye",0,0,1,dilah_humaira,"Jual goyang, kosong gagasan 😂😮"
joseph_22711,@fero_walandouw kelazzzz,0,0,1,dilah_humaira,"Jual goyang, kosong gagasan 😂😮"
fikriiansyah16,@fero_walandouw ngaco nih org ngomongmya,0,0,1,dilah_humaira,"Jual goyang, kosong gagasan 😂😮"
oni_saputra23,"@dilah_humaira lbih baik bnyak krja dripda bnyak bicara, gagasan numpuk tpi kerjanya bsok² mnding sruh tdr aja sma gagasannya",0,0,1,dilah_humaira,"Jual goyang, kosong gagasan 😂😮"
si_tukangjalan_,"@fero_walandouw mana sini sini coba jelasin ke kami agama yg di jual itu agama apa,seperti apa contohnya??coba jelasin,soalnya makin hari makin banyak centang biru yg  KOSONG TAK BERBOBOT🙌maaf sekali lagi saya ulangin KOSONG DAN TAK BERBOBOT",0,0,1,dilah_humaira,"Jual goyang, kosong gagasan 😂😮"
si_tukangjalan_,Mana buktinya😂kalau cuman modal congor + hoax semua orang bisa,0,0,1,dilah_humaira,"Jual goyang, kosong gagasan 😂😮"
si_tukangjalan_,"@mascon3_ wkwkkwkwk males ah kalau bahas track record,soalnya ada paslon yg track record nya gak jelas tapi di dukung mati matian😂",0,0,1,dilah_humaira,"Jual goyang, kosong gagasan 😂😮"
oddieibnu05,@fero_walandouw yg penting bukan penculik sama pelanggar konstitusi 😂😂😂,0,0,1,dilah_humaira,"Jual goyang, kosong gagasan 😂😮"
wfqaazzh_,@fero_walandouw dih jual agama?emang pak anies aslinya paham agama situ yg taunya cuman goyang doang🤣👎🏻,0,0,1,dilah_humaira,"Jual goyang, kosong gagasan 😂😮"
saputra.eko1991,@novarizki1311 najis lu,0,0,1,dilah_humaira,"Jual goyang, kosong gagasan 😂😮"
wawan_darmawan907,@fero_walandouw yang ada elu bakalan jadi bahan hinaan org lain bang 😂,0,0,1,dilah_humaira,"Jual goyang, kosong gagasan 😂😮"
novarizki1311,@saputra.eko1991 anjing lo,0,0,1,dilah_humaira,"Jual goyang, kosong gagasan 😂😮"
haters_pejabat,@fero_walandouw sorry boss plin plan gini mau di tiru ama capres lo. Yg dana desa 5M,0,0,1,dilah_humaira,"Jual goyang, kosong gagasan 😂😮"
yusuf_es9,@fero_walandouw wah gokil otaknya,0,0,1,dilah_humaira,"Jual goyang, kosong gagasan 😂😮"
ryanadew,@fero_walandouw menyalaaaa abangkuuhhhhh,0,0,1,dilah_humaira,"Jual goyang, kosong gagasan 😂😮"
ryanadew,@dilah_humaira potret orang cerdas. Sini foto dulu 📸 ciiisss.. om punya fasilitas internet dan smartphone serta akal sehat itu dipakai dengan sebaik2nya yaa. Ya kali masih ga peka kalo doi jual agama wkwkwkwk,1,0,1,dilah_humaira,"Jual goyang, kosong gagasan 😂😮"
muhammadmaimun_,@dilah_humaira jangan saling menghina blok,0,0,1,dilah_humaira,"Jual goyang, kosong gagasan 😂😮"
half___evil,@fero_walandouw wailahhhh,0,0,1,dilah_humaira,"Jual goyang, kosong gagasan 😂😮"
maulanachandra_,@fero_walandouw lah tiba tiba masuk pesantren itu apa namanya?,0,0,1,dilah_humaira,"Jual goyang, kosong gagasan 😂😮"
wigatiwiga90,@dilah_humaira ngoaahahaha kena mentaaallll ga tuh. Makanyaj gn nyampahh diem aja udah,0,0,1,dilah_humaira,"Jual goyang, kosong gagasan 😂😮"
doktergigi_indah,"@fero_walandouw ga ada yang jual agama bro. Emang ulama pada dukung, gimana dong? Trus paslon lu jual influencer, itu gimana ceritanya? Lucu amat sih pendukung bayaran",0,0,1,dilah_humaira,"Jual goyang, kosong gagasan 😂😮"
indashailaaa,"@fero_walandouw jika kapasitas otakmu tidak memadai untuk mengerti apa yang disampaikan, maka belajarlah dulu, jika kau pemalas, maka lebih baik diam agar kebodohan itu tidak terlihat",0,0,1,dilah_humaira,"Jual goyang, kosong gagasan 😂😮"
yourrrrtaaaa,@dilah_humaira yang kebalik tuh otakk luu tu njirrr,0,0,1,dilah_humaira,"Jual goyang, kosong gagasan 😂😮"
hfzalfarezz,@dilah_humaira sejak kapan capres berpolitik didalam masjid kan masjid buat ibadah bukan buat berjanji tuhan marah nnti😂,0,0,1,dilah_humaira,"Jual goyang, kosong gagasan 😂😮"
spildong__,@fero_walandouw sotoy kau artis murahan,0,0,1,dilah_humaira,"Jual goyang, kosong gagasan 😂😮"
ayudyh.__,"@dilah_humaira lah situ mlh sangkut pautin sama malaikat, apa gk jual agama namanya blok",0,0,1,dilah_humaira,"Jual goyang, kosong gagasan 😂😮"
susanto_arismunandar,"@fero_walandouw  Jual agama itu jualannya Prbw di 2019 pdhl Prbw nya sendiri gak peduli agama. Anies mengayomi semua umat, sdh terbukti 5 thn di DKI Jkrt.",0,0,1,dilah_humaira,"Jual goyang, kosong gagasan 😂😮"
ekiiikkk,"@fero_walandouw waduuuh,  offside ini narasinya,  public figure gini amat😂",0,0,1,dilah_humaira,"Jual goyang, kosong gagasan 😂😮"
leofarishamdani,"@fero_walandouw coba buktiin kalo anies jual agama gagasan plin-plan, wkowkwowo. Butuh pemimpin yang punya gagasan, bukan yang bisa joget😂",0,0,1,dilah_humaira,"Jual goyang, kosong gagasan 😂😮"
tiya_0021,@dilah_humaira emng capres luuu banyak omongnya gak ada buktinyeee sorry yeeee sorry yeee gk levelllll!!!!!,0,0,1,dilah_humaira,"Jual goyang, kosong gagasan 😂😮"
zyy.azizah,@fero_walandouw tetangga sebelah mk,0,0,1,dilah_humaira,"Jual goyang, kosong gagasan 😂😮"
sputra_sq,"@fero_walandouw  maksud nya kiyai salah satu capres yg banyak uang sampai bagi bagi itu, "" yaa jelass orang kyai nya ....."" he said😂",0,0,1,dilah_humaira,"Jual goyang, kosong gagasan 😂😮"
sputra_sq,"@livingaboutjee  maka nya cari tau bagaimana tata cara pembaptisan baru kau ngomong, lawak lawak, kebanyak makan video fyp tiktok lo ngab",0,0,1,dilah_humaira,"Jual goyang, kosong gagasan 😂😮"
dillaagustriana12,"@dilah_humaira berisik lu, simpen aja pendapat atau pilihan lu sndri, gausa koar2 disni. bukan lapaknya cuy😘",0,0,1,dilah_humaira,"Jual goyang, kosong gagasan 😂😮"
rumaiishaa,@fero_walandouw ITU MAH PRESIDEN LO BANG JANGAN LUPA HOBI NYULIK ORANG JUGA WKWKWK,0,0,1,dilah_humaira,"Jual goyang, kosong gagasan 😂😮"
f.i.i.a.n.d,@fero_walandouw wkwkwkwkkk kosong 😂,0,0,1,dilah_humaira,"Jual goyang, kosong gagasan 😂😮"
dikaadiksss_,@dilah_humaira makanya banyakin baca artikel banyakin nyimak biar paham blok goblok biar ngerti taunya cuma lewat omongan ya gini ini tolol,0,0,1,dilah_humaira,"Jual goyang, kosong gagasan 😂😮"
ummufatihalii,@fero_walandouw joget mulu kek belut sawah,0,0,1,dilah_humaira,"Jual goyang, kosong gagasan 😂😮"
mass_denta,@dilah_humaira menyala abangkuhh🔥,0,0,1,dilah_humaira,"Jual goyang, kosong gagasan 😂😮"
ayukn_c,@dilah_humaira yg sebelah jga joget²😂😂,0,0,1,dilah_humaira,"Jual goyang, kosong gagasan 😂😮"
queennnn108_,"@si_tukangjalan_ aduh emang yh pendukung 01 kek mulutnya ga disekolahin semua sama tuh kek anis ga punya attitude 😂ohya lu punya hp kan coba dipake itu hp cari anis yg dulunya jadi anak didik prabowo dijadiin gubernur dan dimata najwa katanya anis gamau ikut capres kalau prabowo ikut capres karena tau prabowo yg naikin derajat anis eh tau"" ikut apa itu ga dimanakan seorang penghianat wkwkw situ ngefans gosah sampai ngehujat orang lain dan sok pura"" polos gatau apa"" soal keburukan anis hee omg hello coba deh lu search tuh masa"" kelamnya anis masih ada jejak digitalnya dasar fans fanatiknya anis😂",0,0,1,dilah_humaira,"Jual goyang, kosong gagasan 😂😮"
queennnn108_,@si_tukangjalan_ ga salah ellu tuh pendukung 01 paping gapunya adab,0,0,1,dilah_humaira,"Jual goyang, kosong gagasan 😂😮"
queennnn108_,"@susanto_arismunandar tapi dipecat karena keburukannya sendiri😂ohya satu lagi anis tanpa prabowo tetap gabakal jadi apa"" paling jadi tukang rongsokan doang dan inget satu hal anis gabakal jadi gubernur kalau bukan campur tangan prabowo paham??",0,0,1,dilah_humaira,"Jual goyang, kosong gagasan 😂😮"
rull_syhrll,@dilah_humaira jngn lupa makan gratis mkmk,0,0,1,dilah_humaira,"Jual goyang, kosong gagasan 😂😮"
erwon.pp,@dilah_humaira DONGO tolol goblok,0,0,1,dilah_humaira,"Jual goyang, kosong gagasan 😂😮"
si_tukangjalan_,"Ya udah tahun brp ini woy bangun,udah banyak video klarifikasi dari pak sandiaga uno😂😂😂si paling merasa berjasa padahal ketumnya alias prabowo sendiri yg gak setuju kalau anis jadi gubernur😂sory yg berjasa itu pak mardani dan sandi bukon prabowo😂",0,0,1,dilah_humaira,"Jual goyang, kosong gagasan 😂😮"
si_tukangjalan_,"Wkwkwkkwkw udah banyak woy video tentang alasan anis di rezhufle,makanya cari tahu,ciri ciri pendukung prabowo adalah suka nelan mentah mentah berita hoax 😂cuakssss",0,0,1,dilah_humaira,"Jual goyang, kosong gagasan 😂😮"
si_tukangjalan_,Ayok bahas apa lagi dm kalau mau debat🤣nanti saya cekokin fakta berdasarkan sumber yg kongkrit oke.,0,0,1,dilah_humaira,"Jual goyang, kosong gagasan 😂😮"
shranastsia,@fero_walandouw Fero aku padamu🔥❤️,0,0,1,dilah_humaira,"Jual goyang, kosong gagasan 😂😮"
yani.tea.1865904,@fero_walandouw pengikut pelanggar konstitusi😂😂😂😂😂😂 korban asam sulfat😂😂😂😂😂😂😂😂😂,0,0,1,dilah_humaira,"Jual goyang, kosong gagasan 😂😮"
riskauni_,@livingaboutjee Bukti di baptis nya mana?,0,0,1,dilah_humaira,"Jual goyang, kosong gagasan 😂😮"
aryakksma,@dilah_humaira kena mental wk,0,0,1,dilah_humaira,"Jual goyang, kosong gagasan 😂😮"
artemisia_gentileschi98,@fero_walandouw dari pada memanipulasi sistem negara demi menguntungkan para keluarga,0,0,1,dilah_humaira,"Jual goyang, kosong gagasan 😂😮"
artemisia_gentileschi98,@angga_parerungan POV lu liat video sepotong doang dan minim literasi langsung menyimpulkan bilek,0,0,1,dilah_humaira,"Jual goyang, kosong gagasan 😂😮"
maulana6766,@fero_walandouw yang bawa bawa atribut kemasjid dan teriak teriak 02 ga jual agama??? beli nutrisi otak geh jangan beli centang biru mulu,0,0,1,dilah_humaira,"Jual goyang, kosong gagasan 😂😮"
ghayah_mahira,"@fero_walandouw  bodoh and tolol lu, gk bisa bedain gagasan plinplan apa gimna si cokk, kebanyakan asam sulfat ya ginii, yg bodohnya lagi lu tu harus tau komunikasi tu penting ya goblok jng kebanyakan tidur pas belajar ppkn dan kewarganegaraan njir😌 minum susus dan makan gratis aj lu, kampanye tu ilmu bukan susu dan baju😌😏 tolo dan goblok",1,0,1,dilah_humaira,"Jual goyang, kosong gagasan 😂😮"
jodhy.ag,@fero_walandouw mantap Abang gw 🤘😎,0,0,1,dilah_humaira,"Jual goyang, kosong gagasan 😂😮"
ahmdroni,"@fero_walandouw hahahah lawakk,😂😂😂 siapa yg jual bg, pengen beli",1,0,1,dilah_humaira,"Jual goyang, kosong gagasan 😂😮"
afti_susanti,"@fero_walandouw yg jelasa gnjar mahfud terbaik dri pda pelanggaran kode etik yg jelas fakta, blom berkuasa aja udah terobos mk,",0,0,1,dilah_humaira,"Jual goyang, kosong gagasan 😂😮"
queennnn108_,"@si_tukangjalan_ adududuu pembela anis dapat fakta darimane nih dasar mak"" fb sono balik ke lapak lu😂sengkuni dan penghian4tt masih dibelain dasar fanss bar"" awokawok nelen ludah sendiri ntr kalau prabowo jadi presiden anis jadi kang ojek😂",0,0,1,dilah_humaira,"Jual goyang, kosong gagasan 😂😮"
iksanoyy,@dilah_humaira yatim kontol,0,0,1,dilah_humaira,"Jual goyang, kosong gagasan 😂😮"
agung_t_w,@fero_walandouw 02 kosong dua dua nya,0,0,1,dilah_humaira,"Jual goyang, kosong gagasan 😂😮"
utthy.nhata_20,@dilah_humaira kan anies imam Mahdi dan bawa2 malaikat lagi😂lu kira itu bkn bawa2 agama!? 😂,0,0,1,dilah_humaira,"Jual goyang, kosong gagasan 😂😮"
oranye_123,@fero_walandouw dapet berapa m bang?,0,0,1,dilah_humaira,"Jual goyang, kosong gagasan 😂😮"
abdyusuf04,@fero_walandouw bukan tkn 02 yang jual agama ?😂,0,0,1,dilah_humaira,"Jual goyang, kosong gagasan 😂😮"
rerheinaa,@fero_walandouw gila serem bgt ketikannya,0,0,1,dilah_humaira,"Jual goyang, kosong gagasan 😂😮"
ivan_fanani75,"@dilah_humaira ya sory kita ga gampang kemakan janji manis, udh jelas yang rambut putih sering blunder , ngurus jateng belepotan, yang satu lagi ngurus jakarta juga belepotan, jadi kesimpulannya mereka cuman omongan nya doank yang manis😂😂",1,0,1,dilah_humaira,"Jual goyang, kosong gagasan 😂😮"
bang_dhenss,@dilah_humaira dari pada pinter ngmng dwng bukti nya gak ada ...,0,0,1,dilah_humaira,"Jual goyang, kosong gagasan 😂😮"
rafika_vebrieant,@livingaboutjee itu bukan dibaptis atuu🤦,0,0,1,dilah_humaira,"Jual goyang, kosong gagasan 😂😮"
fairuz32_,@fero_walandouw takut bgt di pajekin ya? 😶,0,0,1,dilah_humaira,"Jual goyang, kosong gagasan 😂😮"
pay_jpn.giftt,@fero_walandouw makan makan makan aja bang terus gagasan lu kwkwkwkw,0,0,1,dilah_humaira,"Jual goyang, kosong gagasan 😂😮"
a.nggrii,@dilah_humaira Bacot lo yahudi agama islam di buat jual nama lawak,0,0,1,dilah_humaira,"Jual goyang, kosong gagasan 😂😮"
riboy_77,@fero_walandouw buta lu ya?,0,0,1,dilah_humaira,"Jual goyang, kosong gagasan 😂😮"
kyfrl_,@dilah_humaira kampanye kok di mesjid😂,0,0,1,dilah_humaira,"Jual goyang, kosong gagasan 😂😮"
desmaranda_,@dilah_humaira hahah iya lah kampanye gini mahal bro kalo anis ya ga sanggup lah 🤣🤣,1,0,1,dilah_humaira,"Jual goyang, kosong gagasan 😂😮"
yoonadel_,@fero_walandouw hati2 ya om klu ngomong,0,0,1,dilah_humaira,"Jual goyang, kosong gagasan 😂😮"
nezian,@fero_walandouw rugi dong. Jual goyangan doang. 😂😂. Orang kalau normal. Lihat dari jawaban” debat udah kelihatan 😂,0,0,1,dilah_humaira,"Jual goyang, kosong gagasan 😂😮"
xdrlstr._,@dilah_humaira daripada jual agama tolol,0,0,1,dilah_humaira,"Jual goyang, kosong gagasan 😂😮"
syafaakmla_,@dilah_humaira bener,0,0,1,dilah_humaira,"Jual goyang, kosong gagasan 😂😮"
xlreeham,@fero_walandouw pancasila ke 1 yaitu ketuhanan yang maha esa.,0,0,1,dilah_humaira,"Jual goyang, kosong gagasan 😂😮"
agrrevinaaa_,@fero_walandouw manyalaaaaa abangkuhhh🔥🔥,0,0,1,dilah_humaira,"Jual goyang, kosong gagasan 😂😮"
izypall,@dilah_humaira 𝘭𝘶 𝘨𝘬 𝘥𝘪 𝘢𝘫𝘢𝘬 𝘬𝘢𝘭𝘪𝘪 😂😂 𝘥𝘪 𝘴𝘪𝘯𝘪 𝘣𝘶𝘬𝘢𝘯 𝘭𝘢𝘱𝘢𝘬 𝘭𝘶 𝘴𝘰𝘳𝘳𝘺 𝘺𝘦𝘦 🤪,0,0,1,dilah_humaira,"Jual goyang, kosong gagasan 😂😮"
setyawaneky,@fero_walandouw baliho nya besar tapi gagasan nya kecil 😂,0,0,1,dilah_humaira,"Jual goyang, kosong gagasan 😂😮"
shafaaaisy,@fero_walandouw jual agama yg mana ya?,0,0,1,dilah_humaira,"Jual goyang, kosong gagasan 😂😮"
brilliantdco._,@dilah_humaira masa paslon sendiri gatau jual agama dik,0,0,1,dilah_humaira,"Jual goyang, kosong gagasan 😂😮"
nurrhaaz,@fero_walandouw hah jual agama? hanya bisa berkata tanpa melihat fakta(:,0,0,1,dilah_humaira,"Jual goyang, kosong gagasan 😂😮"
bule_yyani,@fero_walandouw setuju brodi ✌️,0,0,1,dilah_humaira,"Jual goyang, kosong gagasan 😂😮"
hayatiku_93,"@dilah_humaira pilihnya amin, agamanya minim, hobbyya nyinyir 🤣✌️✌️✌️",0,0,1,dilah_humaira,"Jual goyang, kosong gagasan 😂😮"
_nurakin,@fero_walandouw wkwkkk😂😂,0,0,1,dilah_humaira,"Jual goyang, kosong gagasan 😂😮"
_nurakin,@novarizki1311 😍🔥🔥🔥🔥,0,0,1,dilah_humaira,"Jual goyang, kosong gagasan 😂😮"
_nurakin,@aryaatannn betul itu smpe meragukan ke N'uan  bu kofifah karena lbh pilih 02😂😂,0,0,1,dilah_humaira,"Jual goyang, kosong gagasan 😂😮"
_nurakin,@livingaboutjee kasian bngt ya mbak😂 kacang lupa kulit itu biasa😂😂😂,0,0,1,dilah_humaira,"Jual goyang, kosong gagasan 😂😮"
misteric_,"@dilah_humaira huuyy mengerikan ngaku"" jadi imam mahdi",0,0,1,dilah_humaira,"Jual goyang, kosong gagasan 😂😮"
nurkhfs,@fero_walandouw jokowi noh jual ulama jadi capres,1,0,1,dilah_humaira,"Jual goyang, kosong gagasan 😂😮"
jktonsunday_,@dilah_humaira kampanye dimesjid ngapainnn bro,0,0,1,dilah_humaira,"Jual goyang, kosong gagasan 😂😮"
wiguna__26,@fero_walandouw boss timses nya sendiri kampanye di masjid apa itu namanya?,0,0,1,dilah_humaira,"Jual goyang, kosong gagasan 😂😮"
tengku_nyak,@fero_walandouw gimana caranya agama di jual bang?,0,0,1,dilah_humaira,"Jual goyang, kosong gagasan 😂😮"
wdytrwrdni_,"@livingaboutjee sadar mba, salam akal sehat🔥",0,0,1,dilah_humaira,"Jual goyang, kosong gagasan 😂😮"
njrlrmnd,@fero_walandouw bener banget lagi wkwkw,0,0,1,dilah_humaira,"Jual goyang, kosong gagasan 😂😮"
kiiting98,@fero_walandouw dari pada jual harga diri demi kepentingan,0,0,1,dilah_humaira,"Jual goyang, kosong gagasan 😂😮"
dwiirhmt__2,"@dilah_humaira bawa” malaikat kampanye gimana tuuu? Hahaha , kampanye di masjid gmn tu",0,0,1,dilah_humaira,"Jual goyang, kosong gagasan 😂😮"
selviandriyaniii,@fero_walandouw mana bukti jual agama 😂 ngarang terua udh baca skrip sinetron aja bang,0,0,1,dilah_humaira,"Jual goyang, kosong gagasan 😂😮"
pengenpunyakerjaan,@fero_walandouw plin-plan di contek juga 😂🤩🤩🤩🤩🔥🔥🔥,0,0,1,dilah_humaira,"Jual goyang, kosong gagasan 😂😮"
koto_9325,@dilah_humaira  yg peting uang masuk cokkk,0,0,1,dilah_humaira,"Jual goyang, kosong gagasan 😂😮"
yisha_januarista,@fero_walandouw dari pada ditanya apa jawabannya MAKAN GRATIS😂😂,0,0,1,dilah_humaira,"Jual goyang, kosong gagasan 😂😮"
raflyrmdhn_am1nk4n,"@fero_walandouw jual agama, gagasan pinplan bisa diklarifikasi kah mas, integritas lu dipertaruhkan disini, apakah sosok Anies dan Gus Muhaimin pernah menjual agama mereka ber2 diluar itu co : pendukung nya yg kalian potong video terkait Jibril itu kah yg anda maksud, janji pinplan maksudnya kek mana ya semua janji akan dilakukan sdh terbukti dijakarta rekam jejak ada anda berani bertanggungjawab kah?",0,0,1,dilah_humaira,"Jual goyang, kosong gagasan 😂😮"
vhira_y,@dilah_humaira dari pada omon omon,0,0,1,dilah_humaira,"Jual goyang, kosong gagasan 😂😮"
alran99a,@fero_walandouw drmn plinplanny cuakss,0,0,1,dilah_humaira,"Jual goyang, kosong gagasan 😂😮"
meidiaskaruniansyah,"@fero_walandouw wah wah wah... bawa"" agama",0,0,1,dilah_humaira,"Jual goyang, kosong gagasan 😂😮"
blackdove_728,@novarizki1311 muslim semua bisa mah,0,0,1,dilah_humaira,"Jual goyang, kosong gagasan 😂😮"
krisnandannnnnn,@fero_walandouw buzzer berkedok artis najiss,0,0,1,dilah_humaira,"Jual goyang, kosong gagasan 😂😮"
mjaa.11,@fero_walandouw punya otak tapi gabisa mikir,0,0,1,dilah_humaira,"Jual goyang, kosong gagasan 😂😮"
yogaa_sptraaa00,@fero_walandouw haha kurang literasi lu,0,0,1,dilah_humaira,"Jual goyang, kosong gagasan 😂😮"
rahmangnw0_,"@dilah_humaira lu tnyak agama mana? Lu ga liat kemarin nohh kampanye Bawak Bawak agama, kampanye di mesjid kan kocak nya terlalu tolol banget. Mesjid tmpt suci untuk ibadah bukan kampanye",0,0,1,dilah_humaira,"Jual goyang, kosong gagasan 😂😮"
jaebimm_,"@livingaboutjee riwayar nya dari mana, kirim vid nya? Ada bukti gak? Gw orang kuningan gua tau percis kelakuan mas aniss",0,0,1,dilah_humaira,"Jual goyang, kosong gagasan 😂😮"
m_nugr,@fero_walandouw agama mana yg dijual?,0,0,1,dilah_humaira,"Jual goyang, kosong gagasan 😂😮"
de_vriejs,@dilah_humaira iriiiiiiiii???bilang boss😂😂😂,0,0,1,dilah_humaira,"Jual goyang, kosong gagasan 😂😮"
sheilamurtafiah_,@fero_walandouw wah bacot lo dah kayak si paling paham aja nih artis,0,0,1,dilah_humaira,"Jual goyang, kosong gagasan 😂😮"
fandy.yulius,@dilah_humaira dasar SDM rendah,0,0,1,dilah_humaira,"Jual goyang, kosong gagasan 😂😮"
yudha_998,@fero_walandouw bang @andre_rosiade kampanye lu dimasjid disenggol sama influencer lu nohh🤭,0,0,1,dilah_humaira,"Jual goyang, kosong gagasan 😂😮"
ahmadrizkyy00_,@fero_walandouw Waduh bahaya jugaa. Tapi emang pinter dalam hal agama sih. Gatau juga Paslon nomer berapa😂,0,0,1,dilah_humaira,"Jual goyang, kosong gagasan 😂😮"
fatyasyhdaa,@fero_walandouw kasih tau bentuk jual agama gmn😭,0,0,1,dilah_humaira,"Jual goyang, kosong gagasan 😂😮"
fatyasyhdaa,"@aryaatannn mon maap yg di masjid itu abah lagi solat dan disuruh jdi imam, lalu ada masyarakat ada yg take video, apa salah pulak kalau laki” jdi imam? pikirin dl ibadah mu kak bener ga jgn asal judge orng. maap🙏🏻",0,0,1,dilah_humaira,"Jual goyang, kosong gagasan 😂😮"
tehucylll,@fero_walandouw kena bencana alam baru nyari agama,0,0,1,dilah_humaira,"Jual goyang, kosong gagasan 😂😮"
fatyasyhdaa,"@aryaatannn tunjukan video yg membawa paslon 01, nah kan yg take juga masyarakat bukn ny team abah😌🤌🏿kumaha si",0,0,1,dilah_humaira,"Jual goyang, kosong gagasan 😂😮"
cutreftarezekina,"@dilah_humaira emang iya keles jual, agama sok sokan jadi imam sholat tapi di videoin biar apa biar keren,bawa2 agama orang suci orang beriman sesungguh nya ga pernah dirinya paling benar🔥",0,0,1,dilah_humaira,"Jual goyang, kosong gagasan 😂😮"
dini_srdnkr,@fero_walandouw iya apalagi ada fatwa yang mewajibkan memilih apa gak terus kalo GK milih berdosa dan masuk neraka apa gak ngeri itu politik identitasnya,0,0,1,dilah_humaira,"Jual goyang, kosong gagasan 😂😮"
atmlmuksin_,@dilah_humaira jual agama mang boleh sejual itu😏🤣,0,0,1,dilah_humaira,"Jual goyang, kosong gagasan 😂😮"
intnwrdtlfrds_,@dilah_humaira orang kek gini basi,0,0,1,dilah_humaira,"Jual goyang, kosong gagasan 😂😮"
_.adrianohabibi__,@livingaboutjee buktinya? cek aja di website fitnah lagi pembaptisan bukan cuma dikasih gelar Yohanes,0,0,1,dilah_humaira,"Jual goyang, kosong gagasan 😂😮"
chaca_ayani80,"@fero_walandouw dari pada nabrak konstitusi, dalam agamamu mungkin gak di ajarin kali cara memilih pemimpin yg baik itu seperti apa",0,0,1,dilah_humaira,"Jual goyang, kosong gagasan 😂😮"
chaca_ayani80,"@novarizki1311 mrtad aja mba,,kalo sama agama sendjri anda masih ragu padahal dalam alquran bahkan rasulullah pun mengingatkan sebagai seorng muslim harus memilih pemimpin sesuai syariat islam",0,0,1,dilah_humaira,"Jual goyang, kosong gagasan 😂😮"
aeshaca_,"@dilah_humaira imam mahdi, nu, malaikat???????",0,0,1,dilah_humaira,"Jual goyang, kosong gagasan 😂😮"
haninraini_,"@fero_walandouw pemimpin tanpa agama rusak bang, udah abang fokus joget aja kan transferannya udah diterima😂",0,0,1,dilah_humaira,"Jual goyang, kosong gagasan 😂😮"
novarizki1311,"@chaca_ayani80 siapa lo berhak nyuruh gw murtad ...eh tolol emang lo kenal bgt idola lo ? Yakin ga ada korupsi ,dana peraga sekolah atau dana paud ?? Mana ada orang ngerti agama diem aja di sebut imam mahdi kuat amat ilmu nya , sampe ngeluarin fatwa wajib klo org tau agama itu besar bgt pertanggung jawaban nya  minimal pake logika . Para ulama paham agama aja ga ada yg nyalon presiden karna takut pertanggung jawaban nya . Ga usah sok tau tentang idup gw lo , lo bukan siape2",0,0,1,dilah_humaira,"Jual goyang, kosong gagasan 😂😮"
zxyin_n9,"@novarizki1311 lawack 😂 liat aj pendukung Anies bawa"" agama kocak (anis kalah dosa) 😭😭😭 gg",0,0,1,dilah_humaira,"Jual goyang, kosong gagasan 😂😮"
novarizki1311,Nah kan kocag yaa...pake logika aja masuk akal ga si ? Jijik bgt . Tapi pendukung nya mah itu udah sesuai syariat agama katanya sampe org disuruh murtad kan lebih gila lagi . Cape2 menghindari dosa masa kunci surga ditangan anies emang boleh se halu itu ?,0,0,1,dilah_humaira,"Jual goyang, kosong gagasan 😂😮"
fatyasyhdaa,"@aryaatannn sok tau hukum haram, kitab mana yg mas ny baca, aliran mana juga, ulama mana yg bilang haram🤭🙏🏻",0,0,1,dilah_humaira,"Jual goyang, kosong gagasan 😂😮"
fatyasyhdaa,@aryaatannn toh dlm undang” kan ada walaupun pak anis mau kampanye di masjid yg penting ga bawa” baliho 01,0,0,1,dilah_humaira,"Jual goyang, kosong gagasan 😂😮"
ndnspn_,@fero_walandouw jual agama yg mana nih ? Biar statement lu bisa di cerna jgn asal ngomong kosong kek cawapres nya mkmk,0,0,1,dilah_humaira,"Jual goyang, kosong gagasan 😂😮"
bimasaktisiregar10,"@fero_walandouw apapun pertanyaan nya, jawaban nya tetap makan gratis😂 pendukung sama capres nya sama-sama SDM RENDAH😂",0,0,1,dilah_humaira,"Jual goyang, kosong gagasan 😂😮"
_yrinaaa,@fero_walandouw 😂😂,0,0,1,dilah_humaira,"Jual goyang, kosong gagasan 😂😮"
_feralde,@dilah_humaira makanya see u pilihan jangan ngocok kontol doang,0,0,1,dilah_humaira,"Jual goyang, kosong gagasan 😂😮"
kniaa23_,@fero_walandouw cuakss😂😂😂,0,0,1,dilah_humaira,"Jual goyang, kosong gagasan 😂😮"
aduhhnayla,"@dilah_humaira yang bilang surat al araf dan surat yg lain deh pkoknya, amin kalah dosa 😂",1,0,1,dilah_humaira,"Jual goyang, kosong gagasan 😂😮"
angllndr_,@fero_walandouw bang sumpah jangan di ladeninnn😢,0,0,1,dilah_humaira,"Jual goyang, kosong gagasan 😂😮"
ty0uu__,@dilah_humaira agama di jual brp bro?kemaren ad yg jual agama dah perasaan,0,0,1,dilah_humaira,"Jual goyang, kosong gagasan 😂😮"
nopinurazkia,@fero_walandouw anda Merasa Agana Itu AIB?... Padahal Agama pun Mengajarkan Ilmu Politik yang Baik dan Benar...,0,0,1,dilah_humaira,"Jual goyang, kosong gagasan 😂😮"
nopinurazkia,@novarizki1311 ngeri Merasa Agana Aib.. Padahalmh Politik Yang Di naungi Agama Insyaallah Takkan Kotor,0,0,1,dilah_humaira,"Jual goyang, kosong gagasan 😂😮"
anjusetiawan1310,@dilah_humaira Daripada Jual Omongan Ujung Ujungnya Jadi Penghianat 😂,0,0,1,dilah_humaira,"Jual goyang, kosong gagasan 😂😮"
adeliaimrn,@fero_walandouw hahah,0,0,1,dilah_humaira,"Jual goyang, kosong gagasan 😂😮"
anil_husnaa,"@fero_walandouw emg jual agama?? Lebih bagus yg mementingkan kan agama, Krn kalau org udah ngerti agama, pasti setiap melangkah  dengan bismillah bukan mengandalkan kekuasaan,",0,0,1,dilah_humaira,"Jual goyang, kosong gagasan 😂😮"
mhmm4dardii_,@fero_walandouw wkwkw pemimpin gabisa dicontoh cuman hanya joget joget merusak bangsa!,0,0,1,dilah_humaira,"Jual goyang, kosong gagasan 😂😮"
herulesmana07,@fero_walandouw yg kaya gimana bang jual agama 😂,0,0,1,dilah_humaira,"Jual goyang, kosong gagasan 😂😮"
nuufvnky,"@novarizki1311 makanya jngn kemakan hoax mba🙌,klo butuh penjelasan dm saja siap nerima saran",0,0,1,dilah_humaira,"Jual goyang, kosong gagasan 😂😮"
niswa_ann,@dilah_humaira dari pada kata manisnya aja keluar tpi gaada bukti nyata ups 😢,0,0,1,dilah_humaira,"Jual goyang, kosong gagasan 😂😮"
badvillain17,"@aku_nlaku0 Lah liat di tiktok, paslon lain aja pada joget2. lucu lu mba skwk",0,0,1,dilah_humaira,"Jual goyang, kosong gagasan 😂😮"
manyu120,@fero_walandouw aku padamu bang 😍😍 👏 02,0,0,1,dilah_humaira,"Jual goyang, kosong gagasan 😂😮"
dichki_maulana84,"@livingaboutjee Ya Allah fitnahnya, 😢",0,0,1,dilah_humaira,"Jual goyang, kosong gagasan 😂😮"
herrr_116,@aryaatannn banyak omon lu 01 tetap presiden 👏,0,0,1,dilah_humaira,"Jual goyang, kosong gagasan 😂😮"
stevennn_056,@dilah_humaira otakk loo yangg kosongg mending sepongin. Nih pelerr,0,0,1,dilah_humaira,"Jual goyang, kosong gagasan 😂😮"
jduhhdkkgx_,@dilah_humaira kmren kykny ad yng bawa2 mlaikat😱😨,0,0,1,dilah_humaira,"Jual goyang, kosong gagasan 😂😮"
putri_pertam4,@fero_walandouw SEKELAS ARTIS BILANG JUALAN AGAMA😢SADAR BANG,0,0,1,dilah_humaira,"Jual goyang, kosong gagasan 😂😮"
_efrnbrs,@dilah_humaira buset itu yang jual agama gmn bg? Masa kampanye di masjid🔥,0,0,1,dilah_humaira,"Jual goyang, kosong gagasan 😂😮"
angang72_,@fero_walandouw jangan langsung di ulti bg😭,0,0,1,dilah_humaira,"Jual goyang, kosong gagasan 😂😮"
satriaaldi,@fero_walandouw pas nonton debat TV nya di mute ya ? 😂😂😂,0,0,1,dilah_humaira,"Jual goyang, kosong gagasan 😂😮"
permennnkaret.321,@livingaboutjee ngapain malu?? Malu itu klo kemakan hoax kyk situ🤪,0,0,1,dilah_humaira,"Jual goyang, kosong gagasan 😂😮"
verastna01,@dilah_humaira jual dalil demi jabatan😂,0,0,1,dilah_humaira,"Jual goyang, kosong gagasan 😂😮"
alfathsyr,@dilah_humaira mau bukti?,0,0,1,dilah_humaira,"Jual goyang, kosong gagasan 😂😮"
arrisyahhfaaa,"@fero_walandouw jual agama ha gimana , gimana 02 juga ngemis suara sama para pemuka agama wkwks",0,0,1,dilah_humaira,"Jual goyang, kosong gagasan 😂😮"
arrisyahhfaaa,Salah ketawa akU Mkmkmkmk,0,0,1,dilah_humaira,"Jual goyang, kosong gagasan 😂😮"
robbyrhmnd,@fero_walandouw cek di fitnahlagi.com ya bapak,0,0,1,dilah_humaira,"Jual goyang, kosong gagasan 😂😮"
erknnssa,@dilah_humaira haha pendukung Anies emg pada ngeyel🥴😝,0,0,1,dilah_humaira,"Jual goyang, kosong gagasan 😂😮"
vayyeoo,"@fero_walandouw waduuu, riset dlu ka sebelum ngomong",0,0,1,dilah_humaira,"Jual goyang, kosong gagasan 😂😮"
xlwhkfkt,"@fero_walandouw ga salah om, perasaan kalian yg kampanye di masjid wkwkwk",0,0,1,dilah_humaira,"Jual goyang, kosong gagasan 😂😮"
rabl_ms,@dilah_humaira contoh orang kudet,1,0,1,dilah_humaira,"Jual goyang, kosong gagasan 😂😮"
putrideen_,"@fero_walandouw aduh siapa tuh bang yg jual agama? kalo divideo abang dah jelas fakta, kalo yg jual agama bisa dijelasin bang? tar jd fitnah",0,0,1,dilah_humaira,"Jual goyang, kosong gagasan 😂😮"
wan.ndz,@fero_walandouw centang biru ga memastikan SDM tinggi,0,0,1,dilah_humaira,"Jual goyang, kosong gagasan 😂😮"
ziyyahaha_,@fero_walandouw tidak berfaedah,0,0,1,dilah_humaira,"Jual goyang, kosong gagasan 😂😮"
vinbisr_,@fero_walandouw berbisnis ya mas,0,0,1,dilah_humaira,"Jual goyang, kosong gagasan 😂😮"
ddiirraaaaaaaaa,@dilah_humaira agama islal di jual demi hausnya falidasi sama pendukung 01 saya ga menyalahkan pak anis tapi pendukungnya kurang bijak dalam mentutur kata dan berkampanye secara sosial dengan benar,0,0,1,dilah_humaira,"Jual goyang, kosong gagasan 😂😮"
fahiya_tiljannah,"@dilah_humaira imam mahdi? ngatain dosa kalau dia gk di pilih? yg ngomong siapa? ciri""nya?? yah pasti taulah anda😂",0,0,1,dilah_humaira,"Jual goyang, kosong gagasan 😂😮"
fdl__13,"@dilah_humaira sih m-anies lah, “amin menang wajib, amin kalah dosa” takutt bgt lhoo. Gagasan bnyak kalo hanya sekedar gagasan dan janji m-anies mah buat ap😂",0,0,1,dilah_humaira,"Jual goyang, kosong gagasan 😂😮"
rrairasy,@dilah_humaira bacot jamet urusin tuh idup,0,0,1,dilah_humaira,"Jual goyang, kosong gagasan 😂😮"
pebcat02_,@fero_walandouw emng bisa ya agama dijual?😂,0,0,1,dilah_humaira,"Jual goyang, kosong gagasan 😂😮"
khairilramadhan__,@fero_walandouw apa sih prestasi nya haa😏...,0,0,1,dilah_humaira,"Jual goyang, kosong gagasan 😂😮"
tennarifin,"@fero_walandouw gua screenshot ya, biar AMIN menang rekam jejaknya komentar kau bisa di up",0,0,1,dilah_humaira,"Jual goyang, kosong gagasan 😂😮"
a4icyy,"@dilah_humaira ""kalo ga milih anis berarti agamanya dipertanyakan"" bro?😂",0,0,1,dilah_humaira,"Jual goyang, kosong gagasan 😂😮"
interpol_cok,@angga_parerungan kalo liat video dari awal sampe selesai  jangan di potong potong 😂😂😂,0,0,1,dilah_humaira,"Jual goyang, kosong gagasan 😂😮"
interpol_cok,@fero_walandouw emang agama apa yang di jual bang,0,0,1,dilah_humaira,"Jual goyang, kosong gagasan 😂😮"
___el.27___,"@fero_walandouw padahal kamu mengikuti perintah rosul kami,,carilah pemimpin yg bener bener baik agamanya,dan takut kepada Tuhannya,,orang ga takut pada Tuhannya mana paham bang?orang kampanye aja mau karena di bayar.xixixi",0,0,1,dilah_humaira,"Jual goyang, kosong gagasan 😂😮"
hasby_ma,@fero_walandouw mayan bang 2M buat mobil baru,0,0,1,dilah_humaira,"Jual goyang, kosong gagasan 😂😮"
___el.27___,"@novarizki1311 mbk?kamu Islam kan?? Coba baca hadist mbk..kalo ga bisa baca  arab .terjemahannya ngga papa,,carilah pemimpin yg bener bener baik agamanya..kampanye bawa agama kalo emang bener kenapa di salahkan??wong politik emang bener bener bisa jalan kalo mengikuti hukum syariat kok",0,0,1,dilah_humaira,"Jual goyang, kosong gagasan 😂😮"
novarizki1311,"@_03.20am dari ketiga nya ga ada yg mencerminkan paham agama mba ? Pilihan saya bukan berasal dr keturunan ulama , dgn merangkul para ulama apa sudah pasti baik ? Kan belom tentu seperti anak nya pun tidak berhijab ,  belom tentu juga dia bersih dari permbengkakan dana dana pada saar masih menjabat maksud saya jgn bawa2 agama untuk mempromosikan diri mba karna ucapan dan sindiran yg menjatuhkan itu tidak mencerminkan dia baik agama nya ..",0,0,1,dilah_humaira,"Jual goyang, kosong gagasan 😂😮"
deddys_8686,@fero_walandouw kasih bukti agama agama yg d jual bro?,0,0,1,dilah_humaira,"Jual goyang, kosong gagasan 😂😮"
rizki_gk_pakek_bilar,"@fero_walandouw jaga ucapan mu sampah,,, siapa yg jual agama",0,0,1,dilah_humaira,"Jual goyang, kosong gagasan 😂😮"
yup_anz,"@fero_walandouw ya saya setuju, saya setuju 😂, karena ga punya gagasan dimateri tertentu, intinya mukbang😂",0,0,1,dilah_humaira,"Jual goyang, kosong gagasan 😂😮"
hadiansyahhj,@fero_walandouw yang bikin keliatan plin plan kan gorengan pendukung anda🤓🤓🤓,0,0,1,dilah_humaira,"Jual goyang, kosong gagasan 😂😮"
firman_henna25,@dilah_humaira drpd jual agama 😂🔥02 best,0,0,1,dilah_humaira,"Jual goyang, kosong gagasan 😂😮"
dedi.alfandra_duplek,@fero_walandouw makan siang gratis Dulu gih😂😂😂,0,0,1,dilah_humaira,"Jual goyang, kosong gagasan 😂😮"
syaifulhts,@fero_walandouw COBA KASIH TAU GW BOS DIMANA YG JUAL AGAMA..MAU BELI NIH ...HALAH BASII UDH DR 2017 JUAL AGAMA2 GA TERBUKTI MALAH PAK ANIS YG PALING TOLERANSI JD GUBERNUR DI JAKARTA..GA PERCAYA..TANYA ORANG TIONGHOA DAN NON MUSLIM 😌,0,0,1,dilah_humaira,"Jual goyang, kosong gagasan 😂😮"
khitamii_,@fero_walandouw lu artis ya ? Kok bisa artis goblok nya gak ketolong. Sampek lu bilang pak anis jual agama ? Lu punya otak ? Fitnah orang sembarangan tolol,0,0,1,dilah_humaira,"Jual goyang, kosong gagasan 😂😮"
rifkimlanaa,@livingaboutjee kirim gw link pas di baptis. fitnah mulu yg dikeluarin gabisa ngejelekin akhirnya fitnah yg keluar wkwkwkwk,0,0,1,dilah_humaira,"Jual goyang, kosong gagasan 😂😮"
not_qee,@fero_walandouw apa iya?,0,0,1,dilah_humaira,"Jual goyang, kosong gagasan 😂😮"
azka_aqila_kusumah,@fero_walandouw agama mana yang di jual ?,0,0,1,dilah_humaira,"Jual goyang, kosong gagasan 😂😮"
rizarahmawati4,@dilah_humaira miskin ya miskin aja ga usah bnyak bacot tolol dan miskinnya klihatan😚,0,0,1,dilah_humaira,"Jual goyang, kosong gagasan 😂😮"
meutiahilm4._,@dilah_humaira gapapaa banyak goyang yang penting anti janji maniezz🤡,0,0,1,dilah_humaira,"Jual goyang, kosong gagasan 😂😮"
nurcahaya2197,@dilah_humaira malu dong udh di baptis padahal agama Islam udh gitu nyebar omong kosong lagi di mesjid 🤭🥴,0,0,1,dilah_humaira,"Jual goyang, kosong gagasan 😂😮"
meganov_99,@fero_walandouw iya Pak @jokowi emang ga bener. Pake wakilnya Kiai Haji,0,0,1,dilah_humaira,"Jual goyang, kosong gagasan 😂😮"
hadikusnidar,@fero_walandouw dari jaman Fir'aun agama itu politik,0,0,1,dilah_humaira,"Jual goyang, kosong gagasan 😂😮"
fredianasusantibura,@dilah_humaira siapa yang kosong gagasan? Wkwk sdm rendah kek gini. Minimal komen yang berbobotlah. Sdm rendah,0,0,1,dilah_humaira,"Jual goyang, kosong gagasan 😂😮"
___el.27___,"@novarizki1311 aih ..mentok mentok pasti komennya ""anaknya aja ga berhijab""..hey mbk .hijab itu lho emang wajib .tapi permasalahan hijab itu ada perkhilafan..toh masa iya??nilai agama cuma gara gara perihal agama??kacauuuu",0,0,1,dilah_humaira,"Jual goyang, kosong gagasan 😂😮"
dinamardnn,@fero_walandouw dripada gagasan  makan gratis bikin bangkrut naik pajak.. 😂😂😂,0,0,1,dilah_humaira,"Jual goyang, kosong gagasan 😂😮"
yuli_aniita,@fero_walandouw cakep bener👏👏👏😍,0,0,1,dilah_humaira,"Jual goyang, kosong gagasan 😂😮"
zainab_qaisara,@dilah_humaira buzzer 01 emang rada2 gila😂😂,0,0,1,dilah_humaira,"Jual goyang, kosong gagasan 😂😮"
zainab_qaisara,"@dilah_humaira boleh ngga gue hina harga dirimu, guebtau lu siapa, jadi jangan coba2 tuman, dri apda jual agama, ngaku imam Mahdi, manusia goblok ya lu, lu fikir gue ngga tau lu",0,0,1,dilah_humaira,"Jual goyang, kosong gagasan 😂😮"
dliihykl,@fero_walandouw Mending jual asak sulfat aja,0,0,1,dilah_humaira,"Jual goyang, kosong gagasan 😂😮"
novarizki1311,"@_03.20am nah itu bisa ngomong gitu , trus atas dasar apa mba bilang pilihan saya  ga sesuai syariat agama darimana ? Toh bukan situ yg bisa menilai ke imanan seseorang kan ?? Nyolek mau dicolek ng gas anjaaay ..saya atau situ yg kacau ?? Sama dgn teman2 kalian yg pasti ujung2nya 'capres ga bisa ngaji' bagaimana klo selama ini dia belajar ngaji dan udah bisa ga ada yg tau mba jadi jgn sok tau . Beda sama ulama yg sudah menjadikan dia imam mahdi , atau pun ulama yg mengeluarkan fatwa wajib , atau ada bisikan malaikat jibril , atau yg adzan dari 4 arah",0,0,1,dilah_humaira,"Jual goyang, kosong gagasan 😂😮"
iniikisii_,"@dilah_humaira ga butuh gagasan yg menye"". butuhnya bukti nyata",0,0,1,dilah_humaira,"Jual goyang, kosong gagasan 😂😮"
___el.27___,"@novarizki1311 haduh,,bahasa mu aja lho mbk,,nunjukin gimana orangnya pertama,saya lebih condong 01 daripada 02 itu bukan dengan alasan utama kuat agamanya,,tapi saya bilang,jelas jelas rosul memerintahkan cari pemimpin yg baik agamanya,,ini rosul ya yg bilang,tapi,,sebelum itu saya ikhtiar dulu..di antara ketiga ini mana yg banyak madhorot sama masyaqqohnya,, gini aja,,, argumen yg paling mudah di pahami adalah 02 pelanggar kode etik dan HAM,cawapres curang lewat ordal dengan cara mengganti hukum konstitusi hanya untuk meloloskan agar bisa ikut mendaftar cawapres.dari situ,,,kita harusnya paham dong,,,hal yg jelas jelas curang (dzolim) kok di bela,kok di dukung,siap nanggung dosa nya?? Wong amar ma'ruf nahi mungkar itu wajib kok..syariat lho ya ini..bukan fatwa ulama..tapi syariat dari Allah Langsung",0,0,1,dilah_humaira,"Jual goyang, kosong gagasan 😂😮"
itzmee_liaa,@fero_walandouw menyala sekali abangkuh🔥🔥,0,0,1,dilah_humaira,"Jual goyang, kosong gagasan 😂😮"
___el.27___,"@novarizki1311 lagian,,apakah joget joget itu pantas bagi seorang pemimpin?? Coba cari pemimpin Islam yg joget joget?? Ada ngga?? Malah joget joget ini dari zaman nabi nabi terdahulu jadi sifat pemimpin dan raja yg dzolim..hmmmmmm",0,0,1,dilah_humaira,"Jual goyang, kosong gagasan 😂😮"
lutfhiahr_,@fero_walandouw padahala ngga ada yg jual agama kak😭sekelas artis aja ngga pernah nyari tau faktanya ya,0,0,1,dilah_humaira,"Jual goyang, kosong gagasan 😂😮"
dszzfz,"@fero_walandouw jual agama dimana?islam dulu gih biar tau mana yg jual²agama mana yg bukan,akhh kk ini artis loh massa iya gak tau perbedaan itu sii,trus gagasannya jgn tentang makan gratis mulu yah😍",0,0,1,dilah_humaira,"Jual goyang, kosong gagasan 😂😮"
novarizki1311,"@_03.20am apakah mbak tidak pernah melihat pilihan mba joget joget ??? Apakah pemimpin islam ada yg di baptis dgn nama yohanes ? Kata UAS siapa yg mengikuti adat suatu kaum kan sama saja seperti mereka . Anjaaaaaaayyyy ng gas lagi ,udh ahh lo mau pilih siapa kek ga ada urusan sama gw , jadi silahkan lo urua pilahan lo ga usah ngurusin gw .PAHAM",0,0,1,dilah_humaira,"Jual goyang, kosong gagasan 😂😮"
dszzfz,@bbcteambbc anda trllu banyak ikut goyang gemoy sii jd ga tau banyak nya gagasan dri paslon 01🤪,0,0,1,dilah_humaira,"Jual goyang, kosong gagasan 😂😮"
___el.27___,"@novarizki1311 a*Jay a*Jay...semoga mati mu nanti kalimat yg keluar kalimat itu .am1n!..sebegini kacaunya kamu mbk..minim literasi.. pendapat cuma berdasarkan postingan,,hadeh,,padahal jelas jelas ketua suku di Papua klarifikasi perihal nama Yohanes itu nama yg di berikan sebagai bentuk penghormatan...",0,0,1,dilah_humaira,"Jual goyang, kosong gagasan 😂😮"
azkiaelinazakirah,@dilah_humaira otaklu kosong,0,0,1,dilah_humaira,"Jual goyang, kosong gagasan 😂😮"
channa_cld,@dilah_humaira betul. Kosong,0,0,1,dilah_humaira,"Jual goyang, kosong gagasan 😂😮"
muhammadrizkyrizaldi1,Gagasan dengan cara menipu orang 😂😂,0,0,1,dilah_humaira,"Jual goyang, kosong gagasan 😂😮"
joontror,@dilah_humaira daripada jual agama,1,0,1,dilah_humaira,"Jual goyang, kosong gagasan 😂😮"
syam_sulbahri56,@dilah_humaira lu jangan kebanyakan makan janji manis 😂,0,0,1,dilah_humaira,"Jual goyang, kosong gagasan 😂😮"
ocampbrutus,@fero_walandouw bisa beri contoh bagaimana cara menjual AGAMA bosku,0,0,1,dilah_humaira,"Jual goyang, kosong gagasan 😂😮"
fitrirezekii,@fero_walandouw pendukung 2 kalo disinggung kosong gagasan jawabannya DARIPADA 😂,0,0,1,dilah_humaira,"Jual goyang, kosong gagasan 😂😮"
putriretnooooo,"@dilah_humaira diem, lu nggak di ajak",0,0,1,dilah_humaira,"Jual goyang, kosong gagasan 😂😮"
scx_citralstri,@fero_walandouw Lupa bg Prabowo dlu ngehina cadar? Curiga Prabowo ni sebenarnya agama apa?,0,0,1,dilah_humaira,"Jual goyang, kosong gagasan 😂😮"
nashawty_,@dilah_humaira hapus² lo disini keliatan bgt goblognya 🤣,0,0,1,dilah_humaira,"Jual goyang, kosong gagasan 😂😮"
jeeevana91,"@dilah_humaira awowkwkkw kasian panas, makan noh jual agama lu😂 setan kok disembah🙌",0,0,1,dilah_humaira,"Jual goyang, kosong gagasan 😂😮"
pia_dien,@dilah_humaira justru pinter kita GOYANG saja.....@fero_walandouw dorang bilang kosong gagasan hupz memang biongo dorang kang,0,0,1,dilah_humaira,"Jual goyang, kosong gagasan 😂😮"
william_sky12,"@dilah_humaira baptisan so iye, sori yeee",0,0,1,dilah_humaira,"Jual goyang, kosong gagasan 😂😮"
amourieena,@fero_walandouw waduhh,0,0,1,dilah_humaira,"Jual goyang, kosong gagasan 😂😮"
aditya.bustomi,@fero_walandouw hhhh g kebalik kebanyakan goyang dia,0,0,1,dilah_humaira,"Jual goyang, kosong gagasan 😂😮"
ahmadzams,@fero_walandouw Klw pendukung 02 algoritmanya jogat joget musik² ngebeat.. klw pendukung 01 algoritmanya kata2 motivasi dr pak anies yg bsa menambah ilmu dan wawasan.. krna isinya gagasan² dan ide² brilyan..,0,0,1,dilah_humaira,"Jual goyang, kosong gagasan 😂😮"
yunihermann,"@fero_walandouw lemes banget mulut mu,agama mana yg dijual.. kebanyakan joget",0,0,1,dilah_humaira,"Jual goyang, kosong gagasan 😂😮"
ocol_speedshop,@novarizki1311 Islam blm tentu muslim,0,0,1,dilah_humaira,"Jual goyang, kosong gagasan 😂😮"
fahrurrozi_dki,"@fero_walandouw yg suruh ulaama ikut joget itu ya, parah",0,0,1,dilah_humaira,"Jual goyang, kosong gagasan 😂😮"
sabrinaazahra13__,@dilah_humaira yang penting gak jadi imam mahdi,0,0,1,dilah_humaira,"Jual goyang, kosong gagasan 😂😮"
putri_varblack,@dilah_humaira amin kalah dosa cari tuh berita melek matanya apakah itu bukan jual agama kalok ga percaya DM aku ku kirimin,0,0,1,dilah_humaira,"Jual goyang, kosong gagasan 😂😮"
nazwaarindii,"@dilah_humaira imam mahdi, malaikat, kalo gak pilih anies keislaman nya harus di pertanyakan",0,0,1,dilah_humaira,"Jual goyang, kosong gagasan 😂😮"
nazwaarindii,"@dilah_humaira capek capek beribadah gak pilih anies malah dipertanyakan keislaman nya, RUGI DONGGG🤣🤣🤪🤪😂😂🙏🏻",0,0,1,dilah_humaira,"Jual goyang, kosong gagasan 😂😮"
akhsanul.fikri,@fero_walandouw agama sekarang jdi komoditi?? Bisa dijual??,0,0,1,dilah_humaira,"Jual goyang, kosong gagasan 😂😮"
xromael,@fero_walandouw Prabowo bngt woi yg lu sebut WKWK THN 2019 gandengin ulama eh ulama msk penjara dan dia msk istana!! Ups,1,0,1,dilah_humaira,"Jual goyang, kosong gagasan 😂😮"
zarrditya,"@fero_walandouw yaelah mentang² lu artis bisa² ngomong gitu, lu sama aja memecah umat muslim,  BODOH kau",0,0,1,dilah_humaira,"Jual goyang, kosong gagasan 😂😮"
mtiazaraa_,@dilah_humaira kasian deh yg bisany jual agama😂,0,0,1,dilah_humaira,"Jual goyang, kosong gagasan 😂😮"
zoe_karbit,@fero_walandouw agama klo dijual brp duit broo..,0,0,1,dilah_humaira,"Jual goyang, kosong gagasan 😂😮"
susiana998866,@fero_walandouw ..cakep skak mati 😂😂✌️✌️✌️,0,0,1,dilah_humaira,"Jual goyang, kosong gagasan 😂😮"
najwanabbb,@dilah_humaira sholat kok di masukin story'🤣🤣🤣,0,0,1,dilah_humaira,"Jual goyang, kosong gagasan 😂😮"
_inayailmi204,"@fero_walandouw benerrr, gagasan juga anak SD/SMP juga bisaa 😂",0,0,1,dilah_humaira,"Jual goyang, kosong gagasan 😂😮"
jino_sugar,@fero_walandouw loh loh panas,0,0,1,dilah_humaira,"Jual goyang, kosong gagasan 😂😮"
mlnicxz_,@fero_walandouw KELASSS BANGGGGGGGG🔥🔥🔥🔥,0,0,1,dilah_humaira,"Jual goyang, kosong gagasan 😂😮"
irfan_lago,@fero_walandouw dibayar berapa kak😂,0,0,1,dilah_humaira,"Jual goyang, kosong gagasan 😂😮"
dszzfz,@bbcteambbc sii paling punya gagasan makn gratis&susu gratis ditanya apa solusi jawabnya yah makan&makan grtis 😂😂,0,0,1,dilah_humaira,"Jual goyang, kosong gagasan 😂😮"
woneartt,@fero_walandouw plin plan.. katanya oposisi.. eh pengen juga jabatan akhirnya... nyebong😂😂😂,0,0,1,dilah_humaira,"Jual goyang, kosong gagasan 😂😮"
aureliaarfkh_824,@dilah_humaira si paling ok Pdhl mah Hasil jual agama Cuakss,0,0,1,dilah_humaira,"Jual goyang, kosong gagasan 😂😮"
assyifashar,@dilah_humaira mana kosong gagasan??? Drpda banyak omong tp nol aksi,0,0,1,dilah_humaira,"Jual goyang, kosong gagasan 😂😮"
rzzkhhrsssmaa,@fero_walandouw jual agama gmn bro? Bukannya kalian ad yg d masjid?,0,0,1,dilah_humaira,"Jual goyang, kosong gagasan 😂😮"
heii____tar,@fero_walandouw bang jangan langsung di ulti😂,0,0,1,dilah_humaira,"Jual goyang, kosong gagasan 😂😮"
arifstory_mobilnew,@dilah_humaira produk MK dan anak karbitan.,0,0,1,dilah_humaira,"Jual goyang, kosong gagasan 😂😮"
rosithaaja,@fero_walandouw bner bngt lagi kk,0,0,1,dilah_humaira,"Jual goyang, kosong gagasan 😂😮"
ar_raafi_azrinasution,@fero_walandouw 02 dua sela lalu di hati ❤,1,0,1,dilah_humaira,"Jual goyang, kosong gagasan 😂😮"
dafaalpian13,@dilah_humaira akun fake,0,0,1,dilah_humaira,"Jual goyang, kosong gagasan 😂😮"
mauzzahijab2425,@dilah_humaira hahaha goyang jg buat hiburan biar otaknya fresh mba mainnya kurang jauh kayanyaa😂😂😂,0,0,1,dilah_humaira,"Jual goyang, kosong gagasan 😂😮"
keyladwiptrii,@dilah_humaira tau apasih tentg politik dn gagasan😂😂,0,0,1,dilah_humaira,"Jual goyang, kosong gagasan 😂😮"
wulaanselvi,@dilah_humaira terus harus ngaji disetiap kampanye gitu yg anda maksud?,0,0,1,dilah_humaira,"Jual goyang, kosong gagasan 😂😮"
devidestria1995,@fero_walandouw mantap ayang 🤭✌️,0,0,1,dilah_humaira,"Jual goyang, kosong gagasan 😂😮"
travelerval34,@fero_walandouw cakeppp,0,0,1,dilah_humaira,"Jual goyang, kosong gagasan 😂😮"
moca_renata76,@dilah_humaira daripada agama dijual murah wkwkw ayat mayat jilid 2,0,0,1,dilah_humaira,"Jual goyang, kosong gagasan 😂😮"
ikaarorrr,"@dilah_humaira dari pada rela di baptis padahal muslim, wkwk sakit jiwa kah?",0,0,1,dilah_humaira,"Jual goyang, kosong gagasan 😂😮"
febnrhmaw__,@dilah_humaira dari pada jual angin buat bikin indonesia maju yg bener ajaa rugi dong😂,0,0,1,dilah_humaira,"Jual goyang, kosong gagasan 😂😮"
svdyrrals_,@fero_walandouw kelasss,0,0,1,dilah_humaira,"Jual goyang, kosong gagasan 😂😮"
zefanyahtj,@dilah_humaira kenapa kalo goyang?kau rupanya ga pernah goyang peak tolol lumpuh atau cemana,0,0,1,dilah_humaira,"Jual goyang, kosong gagasan 😂😮"
rizky_hazard17,@dilah_humaira ngeriii imah mahdi 😂😂,0,0,1,dilah_humaira,"Jual goyang, kosong gagasan 😂😮"
jumaidil_arbi,"Golongan yang bisanya joget aja, dan berhepy ria. Ingat Tuhan cuk",0,0,0,,
sclynn_,pak prabowo punya tarian khusus nya sndiri yaitu tarian gemoy😍,0,0,0,,
josuafrmnsyh_,"dri pada anis banyk omong, apalgi ganjar, ketahuan nonton bokep. ky gitu mau jdi presiden gk waras si menurut ku",1,0,0,,
adiiiff_,SDM rendah ya gini joget mulu,0,0,0,,
ig.shortz_1203,cuman pak anies yang beda berkampanye mencerdaskan pikiran 🔥,0,0,0,,
afryan.97,tetap anies01,0,0,0,,
afryan.97,anies 01,0,0,0,,
slibra.naksmtawayank,"Hasil dari mencabut ijin tambang ilegal,,menaikan pajak,,ibu hamil dgn asam sulfat...",0,0,0,,
evaoktvian,🔥❤️all in prabowo,0,0,0,,
a.thallah,"All in Prabowo. Gapapa hidup susah, ekonomi sulit, pajak naik, bbm naik, gaji pejabat naik. Yg penting bisnis pak prabowo lancar dan ga mandek✌🏻",0,0,0,,
siagiagian,Prabowo itu presiden baru yaaa,1,0,0,,
jiryui_hasima,Saya pilih 01 😍😍😍😍,2,0,0,,
ade.candrapdg,Amin lah 01,0,0,0,,
chapoiera30,All in 02 Capres Abadi 🔥🔥,0,0,0,,
opickuy_,Pantesan indonesia g maju2😂,0,0,0,,
queenvilanty,"Mirisss lihatnya, rakyat dicekokin goyangan😢",0,0,0,,
jingga888_black,❤️❤️❤️❤️❤️❤️ Prabowo,0,0,0,,
muhammadrzkylbs,ANIS BASWEDAN ❤️,0,0,0,,
ferdi_nerdiansyah,Allin prabowo,0,0,0,,
hennyrumbajan,Mantap ini d langowan dang dukung no 2 asiik,0,0,0,,
dvldlvv,Lu gemoy samsul lu temen gue 😎✌️,0,0,0,,
f.ramadani_04,Kbanyakan konsumsi asam sulfat,0,0,0,,
kurniawanr1,RUGI DONG,0,0,0,,
habibull0h,sgie tau tapi text ratio ga tau😂,0,0,0,,
ansoroposoo,Artis gak laku mkmkmkmkmkmk sok² an nyaleg sana urus banteng Takeshi mkmkmkmkmkmk,0,0,0,,
bilno_087,Mantap 02,0,0,0,,
bukan_jongos_penguasa,,0,0,0,,
vinaaprili440,All in prabowo ✌️✌️,0,0,0,,
imam.mahmudi.52012,Bda pendukung Anis dan Prabowo,1,0,0,,
akkew.setiawan19,"Alhamdulillah gua pilih yang publik speaking nya bagus,bukan Baduy yang pandai bergoyang",2,0,0,,
agustine10_,🔥🔥,0,0,0,,
yuliantk_,All in prabowo,0,0,0,,
yuliantk_,mantappp💪🏻💪🏻,0,0,0,,
ericsetoe,Dari kecil di besarkan sm org tua...ehh. Cuma jd org ga guna...#segera_tobat_kehed,0,0,0,,
sardiyanto553,otaknya kosong ini urusan gagasan untuk masa depan bangsa Indonesia...,0,0,0,,
zaidbinswara,Inilah alasan knp mau jadi pejabat negara ini mahal...karna isi nya gk ada...coba kayak anis punya gagasan desak anis..gk buang duit bnyak2..ni dikit2 joget goyang😂😂😂,0,0,0,,
mrs.hazzard,✌🏻 🔥🔥🔥🔥,0,0,0,,
halanzhrrx,Hasil curang pman MK ajah bangga hhhh.... Belum presiden ajah uda curang gimana kalo jadi presiden @gibran_rakabuming  @prabowo,0,0,0,,
halanzhrrx,Gak ada prabowoo,0,0,0,,
hyo_kookie97,"Sedih ihhh, bukanya mencerdaskan dengan sama² bertukar pikiran, masyarakat malah diberikan asupan tdk bermanfaat, pusing liat timses satu ini 😂😂😂",0,0,0,,
nok_krisna,"Awaaas pembagian nya rata gaaa,, ntar kaya kmren, ribut cuma gara2 pembagian uang nya ga rataaa😂😂😂😂😂",0,0,0,,
fajarr_sy,Jogettt aja terus Indonesia Anis Rasyid Baswedan yang urus,0,0,0,,
ihan_meccaa,Oke gas oke gas✌️😍😍🔥❤️,0,0,0,,
alpan6414,Saya belum pernah lihat 02 kampanye untuk memajukan Indonesia yang ada joget joget joget,0,0,0,,
syifanrwnaaaa,All in Prabowo Gibran 🤟🏻,0,0,0,,
ditaa828,"Kosong dua, dua duanya kosong",0,0,0,,
ferdiansyah_0599,Masa bayaran 😂,0,0,0,,
zyyyy132ewqs,Pemimpin mu kok suka joget ok gas².... Ga ad gas ya buat masak untuk makan gratisss,0,0,0,,
_adenbagus213,Salam kerja nyata Prabowo Subianto👏✌️✌️,0,0,0,,
mafitariouzs,AMIN 01🔥🔥🔥,0,0,0,,
erik_paoel,AMIN 🔥🔥🔥,0,0,0,,
princes_gaza,ANIES RASYID BASWEDAN RI 1 ☝️😊,21,0,0,,
ayu.freelance33,Prabowo ❤️❤️❤️❤️,0,0,0,,
julianrlangi,Hanya ini yg bisa dilakukan pendukung Prabowo,0,0,0,,
khonde307,Bismillah.. Amin 👉,0,0,0,,
yo.winda,"Karna 02 dipilih, aku likeee ❤️",0,1,0,,
trisafrijasmbrg__,@yo.winda 😍,1,0,1,yo.winda,"Karna 02 dipilih, aku likeee ❤️"
nhudza02_,😍,0,0,0,,
sybila.na,Keren,0,0,0,,
rizkycand_,"Rusak Mindset anak muda jika hanya di cekokin dengan goyangan bukan sebuah ide-ide, gagasan, pantesan indonesia turun tingkat literasinya isi nya beginiaan",146,24,0,,
_ciiputriiiiiii,"@rzkych_ iya contonya kayak kau nih,gagasan kagak ada kosong",38,0,1,rizkycand_,"Rusak Mindset anak muda jika hanya di cekokin dengan goyangan bukan sebuah ide-ide, gagasan, pantesan indonesia turun tingkat literasinya isi nya beginiaan"
badvillain17,"@rzkych_ Buka dong pikirannya, goyang cuma buat hiburan semata. percuma banyak omon omon kalo gada kerja nyata hahahaha",28,0,1,rizkycand_,"Rusak Mindset anak muda jika hanya di cekokin dengan goyangan bukan sebuah ide-ide, gagasan, pantesan indonesia turun tingkat literasinya isi nya beginiaan"
audia_________,@rzkych_ KINERJANYA UDAH NYATA JADI KAMPANYE NYA KITA ASYIK2 AJA !! DARIPADA KAMPANYE MODAL NGOMONG SAMA MODAL JANJI DOANK 🤪,29,0,1,rizkycand_,"Rusak Mindset anak muda jika hanya di cekokin dengan goyangan bukan sebuah ide-ide, gagasan, pantesan indonesia turun tingkat literasinya isi nya beginiaan"
mhi.eila,@rzkych_ gagasan kn byk klo joged buat hiburan aj biar ga terlalu tegang...berfikirlah yg baik2 itu lebih mulia,7,0,1,rizkycand_,"Rusak Mindset anak muda jika hanya di cekokin dengan goyangan bukan sebuah ide-ide, gagasan, pantesan indonesia turun tingkat literasinya isi nya beginiaan"
alfiranov_,"@rzkych_ ini sdh contoh orang cerdas, ini baru anies loh mas sdh terbuai sama kata"" nya bagaimana nnti klw fitnah dajjal pasti km bakal jadi pengikutnya. pak prabowo itu punya gagasan jangn cuma liat joget nya doang pak prabowo langsung aksi bukan cuma janji dan kata"" manis. janji muluuuu dahh pokok nya",6,0,1,rizkycand_,"Rusak Mindset anak muda jika hanya di cekokin dengan goyangan bukan sebuah ide-ide, gagasan, pantesan indonesia turun tingkat literasinya isi nya beginiaan"
kartikashr_,Ide gagasan ngomong doang isinya gada kaya angin😂,4,0,1,rizkycand_,"Rusak Mindset anak muda jika hanya di cekokin dengan goyangan bukan sebuah ide-ide, gagasan, pantesan indonesia turun tingkat literasinya isi nya beginiaan"
mmeelll______,Heyy paslon lain juga pernah joget² bukan 02 aja,0,0,1,rizkycand_,"Rusak Mindset anak muda jika hanya di cekokin dengan goyangan bukan sebuah ide-ide, gagasan, pantesan indonesia turun tingkat literasinya isi nya beginiaan"
fania_chipchip,Ciuss amat bang.bawa santai aja 'hati hati stres tar yang repot situ sendiri ',0,0,1,rizkycand_,"Rusak Mindset anak muda jika hanya di cekokin dengan goyangan bukan sebuah ide-ide, gagasan, pantesan indonesia turun tingkat literasinya isi nya beginiaan"
ryanadew,Mending goyang bang ketimbang dicekokin bokep sm omon omon doang huhu,0,0,1,rizkycand_,"Rusak Mindset anak muda jika hanya di cekokin dengan goyangan bukan sebuah ide-ide, gagasan, pantesan indonesia turun tingkat literasinya isi nya beginiaan"
bio_sulaiman,"malah bagus lha anak mudah banyak berkreasi penyampaian gagasan pak prabowo lewat musik untuk mendulang suara, bukan mendulang suara lewat selebaran gelap, hoax dan ll yg dapat menimbulkan perpecahan…. ini baru namanya pesta demokrasi sesungguhnya coy kreen ✌🏻✌🏻✌🏻✌🏻gak ada lawan",2,0,1,rizkycand_,"Rusak Mindset anak muda jika hanya di cekokin dengan goyangan bukan sebuah ide-ide, gagasan, pantesan indonesia turun tingkat literasinya isi nya beginiaan"
_danipngstu,gimana nih gagasan banyak tapi gonta-ganti mulu si?😂😂,0,0,1,rizkycand_,"Rusak Mindset anak muda jika hanya di cekokin dengan goyangan bukan sebuah ide-ide, gagasan, pantesan indonesia turun tingkat literasinya isi nya beginiaan"
hayatiku_93,"Goyangin dulu,, nanti kalo udah jadi baru kerja nyata,, hidup jangan terlalu dibawa serius² tar stress",0,0,1,rizkycand_,"Rusak Mindset anak muda jika hanya di cekokin dengan goyangan bukan sebuah ide-ide, gagasan, pantesan indonesia turun tingkat literasinya isi nya beginiaan"
arbi_armadi,@_ciiputriiiiiii akun buzzer 😂😂,0,0,1,rizkycand_,"Rusak Mindset anak muda jika hanya di cekokin dengan goyangan bukan sebuah ide-ide, gagasan, pantesan indonesia turun tingkat literasinya isi nya beginiaan"
_ciiputriiiiiii,@arbi_armadi akun asli nih kocak,0,0,1,rizkycand_,"Rusak Mindset anak muda jika hanya di cekokin dengan goyangan bukan sebuah ide-ide, gagasan, pantesan indonesia turun tingkat literasinya isi nya beginiaan"
imnottaryaa,kebanyakan ide gada yng terwujud😂,0,0,1,rizkycand_,"Rusak Mindset anak muda jika hanya di cekokin dengan goyangan bukan sebuah ide-ide, gagasan, pantesan indonesia turun tingkat literasinya isi nya beginiaan"
itsurzaa_,Sirik aja lu wkwkwkwkwk kocakkkkkkk,0,0,1,rizkycand_,"Rusak Mindset anak muda jika hanya di cekokin dengan goyangan bukan sebuah ide-ide, gagasan, pantesan indonesia turun tingkat literasinya isi nya beginiaan"
einbaruu,Lebih rusak lagi banyak gagasan kosong bukti sama saja lebih ke janji manis,0,0,1,rizkycand_,"Rusak Mindset anak muda jika hanya di cekokin dengan goyangan bukan sebuah ide-ide, gagasan, pantesan indonesia turun tingkat literasinya isi nya beginiaan"
fredianasusantibura,"Mindset anda yang rusak,",0,0,1,rizkycand_,"Rusak Mindset anak muda jika hanya di cekokin dengan goyangan bukan sebuah ide-ide, gagasan, pantesan indonesia turun tingkat literasinya isi nya beginiaan"
jeeevana91,Tolo**lll kalo mau liat gagasan nonton debat bukan disini!,0,0,1,rizkycand_,"Rusak Mindset anak muda jika hanya di cekokin dengan goyangan bukan sebuah ide-ide, gagasan, pantesan indonesia turun tingkat literasinya isi nya beginiaan"
amourieena,"@aku_nlaku0 padahal begitu biar ga terlalu tegang njir, buktinya sekarang anak"" muda yg ga terlalu peduli ama politik jadi ikutan bersuara wkwkwk",0,0,1,rizkycand_,"Rusak Mindset anak muda jika hanya di cekokin dengan goyangan bukan sebuah ide-ide, gagasan, pantesan indonesia turun tingkat literasinya isi nya beginiaan"
badvillain17,@dearlyrinnaa setuju ka,0,0,1,rizkycand_,"Rusak Mindset anak muda jika hanya di cekokin dengan goyangan bukan sebuah ide-ide, gagasan, pantesan indonesia turun tingkat literasinya isi nya beginiaan"
ahmadzams,@reineldis54 Jakarta jauh lebih maju di bawah pak anies.. klw anda membantah sy udh siap jawabannya 😂,0,0,1,rizkycand_,"Rusak Mindset anak muda jika hanya di cekokin dengan goyangan bukan sebuah ide-ide, gagasan, pantesan indonesia turun tingkat literasinya isi nya beginiaan"
yoshua_pratama03,Tau tentang apaan ngetik kek gtu hah sok pinter banget hah bilang rusak otak lu tu yg RUSAK,0,0,1,rizkycand_,"Rusak Mindset anak muda jika hanya di cekokin dengan goyangan bukan sebuah ide-ide, gagasan, pantesan indonesia turun tingkat literasinya isi nya beginiaan"
ajir4336,☝️☝️☝️☝️☝️,0,0,0,,
msyarosi4,Al in Prabowo Gibran,0,0,0,,
fendiheran,salam 2,0,0,0,,
ria_janatin,Gue follow ah sm2 nomor 2 soalnya,0,0,0,,
zulfafauziyah22,Kita butuh pemimpin bukan butuh biduan yg pinter joget🔥,0,0,0,,
fakhri_shibyan,🔥🔥,0,0,0,,
nsaa_fitr,✌,0,0,0,,
marlyn_alin01,✌️💙,0,0,0,,
han5185han,Mau jadi apa ni indonesia klo gni 😂,0,0,0,,
albar_010,Yg kita butuhkan itu sorang pemimpin yg bisa memimpin dgn gagasan dan kecerdasannya bukan dgn goyangannya,0,0,0,,
shendyheny,All IN PRABOWO GIBRAN ✌️❤️🇲🇨,0,0,0,,
biily_dwiputra28,#asalbukanprabowo,0,0,0,,
awondatusandrabudiyanti,Prabowo🔥🔥🔥🔥❤️❤️,0,0,0,,
_yourxisall,#nomersatulahhhh01😉,7,0,0,,
shinikezisy_,Ada cece aku disitu depan yaa,0,0,0,,
gmmartina10_,"Karena banyak yg milih Prabowo sma Gibran, aku pilih no 02 aja lah🙂🤲🤲🤲",6,0,0,,
abdulyasid5,Kumpulan orang gak waras secara  akal,0,0,0,,
xmlaahmd,All in Prabowo Gibran ✌️✌️❤️,0,0,0,,
zaynall25,❤️❤️❤️,1,0,0,,
yat.yayat97,Halahhh joget kampanye kayak gini udah gak laku,0,0,0,,
imelda_imha_17,😂😂😂😂,0,0,0,,
ririnsundarii,🔥🔥,0,0,0,,
meo.wawa,"kampanye apa inii, murahannn sekalii",0,0,0,,
muh._empe,"Naik kan GAJI PEJABAT, naik kan PAJAK RAKYAT, all in PRABOWO GIBRAN 😍😍😍🧠🧠🧠🐒🐒🐒",0,0,0,,
syarif.mail,Mantap,0,0,0,,
mas.ucuppppp,"01 DOKTOR 02 ORANG DALAM 03 PROFESOR FAKTA YANG GA MUNGKIN BISA DI TERIMA, NGAKAK SAMPAI KESELEK SURAT MK👊😜",0,0,0,,
sitiratnaulan,❤️❤️❤️gemor menarik hati 👌✌👍👍👍👍,0,0,0,,
zannngz,Ayo menangkan 01 amin ... ❤️ kita pilih yang cerdas dan pintar dan tidak kotor ( MK ) Dan paling Penting Ada Ibu Negaranya 🔥 02 Tidak Ada Ibu Negaranya 😂 Dan Prabowo dulu Elegan sekarang Munafik dan menjilat demi kekuasaan ! Ada Pemimpin yang paham agama malah pilih yang tidak punya etika dan moral ... rusak pendukung 02,0,0,0,,
panjii202,"Kelebihan 02 cuman joget""",0,0,0,,
ahzrhmd,Kita butuh pemimpin bukan maskot,0,0,0,,
kimcunghuy,abdi_hrnawan elu dongo kaya si gibran,0,0,0,,
rahmazzurie,Sumut all in Prabowo ❤️,0,0,0,,
peresantoni,Gas 3,0,0,0,,
hennysigar,PraGib pasti menang.,0,0,0,,
omkecil,Joget joget karna melanggar kode etik MK. Asiikkkkk,0,0,0,,
dhiansw,Mantappp bang OKEEE GASS 02 GASSS!!!,0,0,0,,
pratiwijaya_,"Baru aja debat cawapres, buzzer"" iri hati pada nongol 😂😂 ! 2024tahungemoy! 💙💙💙",0,0,0,,
paraas.69,Kita butuh pemimpin adu gagasan bukan adu goyang 😂,0,0,0,,
febri_hijrian,Di endors brapa nih,0,0,0,,
sewasound.ligting.magelang,Wainihh 🔥,0,0,0,,
kamoe1908,Cuma begini doang?,0,0,0,,
oily.31,Aww makin suka bang Fero kalo gni,0,0,0,,
greatstruggle,😂😂😂😂😂😂,0,0,0,,
ariskhadidd_,Tarian penghabis uang rakyat,0,0,0,,
aqq_suka_km_1122,Prabowo = Gibran jaya jaya❤️❤️❤️❤️,0,0,0,,
dayhani_,Tetap Anies-Muhaimin🔥🔥🔥🔥,0,0,0,,
rohadin.abung,😂😂😂😂😂 jogetin aja mboo jogetin24 jam 😂😂😂,0,0,0,,
feki_tan,✌️✌️✌️✌️✌️✌️✌️✌️,0,0,0,,
woiii_lahhhu,Sumpah ini kubu isi nya kek gini2 doang najisss,0,0,0,,
aqylla.2000,Apa semua maslaah pake goyang goyang gini tah,0,0,0,,
ahmad_zaen27,Bismillah Amin 01 ☝️☝️☝️☝️❤️❤️❤️,0,0,0,,
hermawan.1929,Enak ya jadi artis diendorse sama capres Sampek milyaran 🥱,0,0,0,,
endyyraid,wajar minoritas takut sama anis disini kan isinya manusia minoritas karna dibelakang anis banyak ustad ada juga riziq makanya mereka ketar ketir kalo anis menang wkwk,0,0,0,,
shoviee_opie,Amin,0,0,0,,
fahrizal.af14,👏👏 Anis president 😍😍,0,0,0,,
vela_zaas,Kalo gini caranya saya juga pengen ikutan joget Krn Prabowo cocok jadi instruktur joget sekalian senam juga boyeh,0,0,0,,
kikiandrian5,01 ahhh,0,0,0,,
sylvbihon,Anies Presiden 2024. Amin 01 💪🔥,0,0,0,,
muyassar_koko_habaib,Imdonesia perlu perubahan bukan perjoget-an . Salam perubahan,0,0,0,,
justfearlesshuman,GEmoysian,0,0,0,,
encep.s.h.a.hidayat,Ga waras cuma goyang doang😂😂😂,0,0,0,,
asmu.randa,Setelah Makan Langsung Joget.😂,0,0,0,,
putrilaila3872,All in Anies Baswedan 🤲☝️☝️☝️,0,0,0,,
jape_reini,ALL IN PRABOWO - GIBRAN🔥🔥🔥🔥🔥🔥❤️❤️❤️❤️❤️,0,0,0,,
bjbrra,Pendukungnya sibuk nangisin pak wowo yg dari kecil gak pernah merasakan kesusahan punya kekayaan 2 triliun. Harusnya mereka nangisin dirinya sendiri yg sudah dilahirkan dan dibesarkan orangtuanya agar jadi sdm yg cerdas malah milih sdm rendah,0,0,0,,
fahhmidty,Masih ada ternyata kampanye modelan begini,0,0,0,,
toserbagrosirecer,🔥🔥❤️❤️❤️,0,0,0,,
satzfelz,"Kenapa jokowi memilih prabowo menjadi menhan selama 4-5 tahun?? Karena pak jokowi tau, siapa yg baik menjalankan dan melindungi negara ini!! Bukan yg sebelah di pecat jadi mentri gk sampe 1-2 tahun, abis itu maksa lagi pengen jadi presiden, rumah ajh masih DP,  nanti uang rakyat buat bayar rumahnya lagi, upsss",0,0,0,,
ieka_mandasari,Bisa2 nya goyang pas kalah debat main lapor😂,0,0,0,,
fkr_2901,Modal goyang doang mintak satu putaran😂,0,0,0,,
chairulamri08,kampanye g mutu kalau g joget ya curhat 😂  g bgt lah urus negara joget joget  kyk film india 😂,0,0,0,,
fan_mm02,"Jual goyangan ,jual kesedihan ,Tapi etika gak ada",0,0,0,,
badw_24,#desakanies konsep kampanye paling keren,0,0,0,,
alvarizirio,makin prindavan 😂😂😂😂😂,0,0,0,,
widy_l33,02 yes🙌🙌🙌🔥🔥🔥🔥,0,0,0,,
_dianastry,wahh mantapp❤️❤️,0,0,0,,
satriafitroramadhan,faces of empty,0,0,0,,
rizkydp09,Miris😂,0,0,0,,
delimadelapan58,All IN Prabowo Gibran 🙌🏻,1,0,0,,
rafa4lll,gak punya prestasi 😂😂,71,82,0,,
_dianastry,@rafa4lll ngaca,28,0,1,rafa4lll,gak punya prestasi 😂😂
rafa4lll,@_dianastry elu yg ngaca.. dungu !!,0,0,1,rafa4lll,gak punya prestasi 😂😂
uty_82,@livingaboutjee lo sebutin coba prestasi wowo apa..satu aja..selain nyulik 9 aktivis 98 yaa😂😂😂,2,0,1,rafa4lll,gak punya prestasi 😂😂
99.kertas_seiko,"@uty_82 banyak prestasinya muda aja lulusan militer terbaik, punya hpkan searching dong, Raffi, nagita dll aja cerdas pilih 02😍",9,0,1,rafa4lll,gak punya prestasi 😂😂
rafa4lll,@livingaboutjee ya lu juga cari tau dong pak anies ky gimana...🤣🤣,1,0,1,rafa4lll,gak punya prestasi 😂😂
rafa4lll,udah baca.. serem bosss.... masa muda nya jadi takut di cu........,0,0,1,rafa4lll,gak punya prestasi 😂😂
rafa4lll,@livingaboutjee udah cari tau.. serem ah takut di cu....,0,0,1,rafa4lll,gak punya prestasi 😂😂
99.kertas_seiko,"@rafa4lll Iyach nnti raffi nagits di culik, emang boleh sebodoh ini, Raffi nagita sich pintar",0,0,1,rafa4lll,gak punya prestasi 😂😂
99.kertas_seiko,"@rafa4lll EMANG BOLEH RAFFI NAGITA KAMPANYE LEWAT IG DENGAN FOLLOWER 74,8 JT ORANG
EMANG BOLEH SESERU ITU, EMANG BOLEH SALAH SATU INFLUENCER DAN ARTIS TOP NO1 KAMPANYEKAN 02. DUH RAFFI JANGAN LANGSUNG DI ULTI DONG FOLLOWERNYA JADI TAU OUH RAFFI DAN KAWAN-KAWANNYA DUKUNG 02",0,0,1,rafa4lll,gak punya prestasi 😂😂
99.kertas_seiko,@rafa4lll Udh searching nich yg muncul kampanye di masjid😂,2,0,1,rafa4lll,gak punya prestasi 😂😂
uty_82,"Oo maaf yaa,ak pengikut ulama, bukan artis bayaran",1,0,1,rafa4lll,gak punya prestasi 😂😂
_raayyyaaaa,@rafa4lll kayak lu ada aja,0,0,1,rafa4lll,gak punya prestasi 😂😂
sha.ndut__,@rafa4lll ngaca mbk mbk punya prestasi ngk??,0,0,1,rafa4lll,gak punya prestasi 😂😂
rafa4lll,"@salsa_putri089 gblk, ngebandingin sama gw😆",0,0,1,rafa4lll,gak punya prestasi 😂😂
rafa4lll,@donyysutisna eh anj elu yg hrs ngaca !!,0,0,1,rafa4lll,gak punya prestasi 😂😂
syahetzsch_,@rafa4lll 😂,0,0,1,rafa4lll,gak punya prestasi 😂😂
mhi.eila,@rafa4lll prestasimu ap😂,0,0,1,rafa4lll,gak punya prestasi 😂😂
nrkmilaa,@rafa4lll MANTAN JENDERAL DI BILANG GA PUNYA PRESTASI WOIII😭😭😭😭,2,0,1,rafa4lll,gak punya prestasi 😂😂
rafa4lll,@inii.ameell coba dong sebutin satu...,0,0,1,rafa4lll,gak punya prestasi 😂😂
rafa4lll,"@liaaya_07 terus apa hub sama gw kl dia banyak duit, elu juga gak punya duit msh aja sesat😂",0,0,1,rafa4lll,gak punya prestasi 😂😂
rafa4lll,"@liaaya_07 dia maksud lu siapa? emang lu sodaranya? jaka sembung bawa golok, gak nyambung gblk..😂🤣",0,0,1,rafa4lll,gak punya prestasi 😂😂
agoengprsetyo,@rafa4lll ga punya prestasi ga jadi artis lah keluarga lu prestasi nya apa ngemis?,0,0,1,rafa4lll,gak punya prestasi 😂😂
rafa4lll,"@agoengprstyo jaka sembung bawa golok, gak nyambung ......",0,0,1,rafa4lll,gak punya prestasi 😂😂
agoengprsetyo,@rafa4lll ya iyalah ga nyambung otak lu kan pendek ga sampe wkwk otak udang ada ada aja,0,0,1,rafa4lll,gak punya prestasi 😂😂
pipaupapiu,@rafa4lll lo kl yg gda prestasi. Komen doang bisa ny wkwk😂😢,0,0,1,rafa4lll,gak punya prestasi 😂😂
hii_puppet12,@uty_82 lu tau apa di kejadian 98 dah lahir lu ? Kasih bukti jangan ngomong doang kaya capres lu,0,0,1,rafa4lll,gak punya prestasi 😂😂
uty_82,"@hii_puppet12 profil gw imut kali yaa..dek..98 mungkin kmu blm d bikin,buat apa ngejelasin yg msh buta sejarah..hp ny canggih kan,googling gih,seracing cari fakta..kasus prabowo 98 d masa kepresidenan soeharto",0,0,1,rafa4lll,gak punya prestasi 😂😂
igitt_absen_30,"@uty_82 gausah ngomongin mindset kalo masih kurang literasi, bukkk pesan risol mayo nya 20 pcs ya, buat hajatan 😍,saya suka risol mayo",1,0,1,rafa4lll,gak punya prestasi 😂😂
hamidahnst.29,"@rafa4lll lu kali yg ga punya prestasi wkwk ,01 banyak banget lagi utangnya mna rumah masih nyicil malu ahh🔥",1,0,1,rafa4lll,gak punya prestasi 😂😂
rafa4lll,@hamidah.sekar hutang apa coba jelasin? ya gpp lah rumah nyicil dari pada rumah hasil garong🤣,0,0,1,rafa4lll,gak punya prestasi 😂😂
rafa4lll,@aar_rinaa apa lagi elu.. kosoooong kopong,0,0,1,rafa4lll,gak punya prestasi 😂😂
anggi.aritonang_,@rafa4lll  prestasi mu apa?,0,0,1,rafa4lll,gak punya prestasi 😂😂
anggi.aritonang_,"@uty_82 Prestasi Prabowo Subianto di Bidang Kemanusiaan dan Kemiliteran:
Penyelamatan Sandera: Pada tahun 1996, Prabowo memimpin operasi penyelamatan 20 sandera, termasuk 8 WNA, dari kelompok separatis OPM di Mapenduma, Papua.
Prestasi Pendakian Everest: Tahun 1997, Prabowo memimpin tim Indonesia yang menjadi pendaki Muslim pertama yang mencapai puncak Everest.",1,0,1,rafa4lll,gak punya prestasi 😂😂
anggi.aritonang_,"@rafa4lll Prestasi Prabowo Subianto di Bidang Kemanusiaan dan Kemiliteran:
Penyelamatan Sandera: Pada tahun 1996, Prabowo memimpin operasi penyelamatan 20 sandera, termasuk 8 WNA, dari kelompok separatis OPM di Mapenduma, Papua.
Prestasi Pendakian Everest: Tahun 1997, Prabowo memimpin tim Indonesia yang menjadi pendaki Muslim pertama yang mencapai puncak Everest.",1,0,1,rafa4lll,gak punya prestasi 😂😂
sbilanrk__,@rafa4lll cebok dlu ege lo bru komen,0,0,1,rafa4lll,gak punya prestasi 😂😂
jktonsunday_,"@uty_82 gunain hp lo mba,biar ga bego",0,0,1,rafa4lll,gak punya prestasi 😂😂
rafa4lll,@lalaaaa_antnio tapi menurut gw loe lebih bego,0,0,1,rafa4lll,gak punya prestasi 😂😂
rafa4lll,@aar_rinaa otak kopong,0,0,1,rafa4lll,gak punya prestasi 😂😂
finn_arifin24,@uty_82 kyak pnya bukti sjaa slah mnuduh bisa kena fitna loh klihiran tahun brp kmu,0,0,1,rafa4lll,gak punya prestasi 😂😂
slvrtya__,"@rafa4lll ga punya prestasi ko bisa jdi menhan? trs lulusan fort bragg terbaik itu bukan prestasi? org yg ga punya prestasi gbkal bisa jdi menhan gbkal bisa nyapres, org yg ga punya prestasi bisa nya ngmong asal bunyi pdhal gtau apa""cntoh nya lu kya org ga aprnh sekola",1,0,1,rafa4lll,gak punya prestasi 😂😂
_feralde,@rafa4lll siapa?,0,0,1,rafa4lll,gak punya prestasi 😂😂
511nuu,@uty_82 janji doang g ad bukti😢🗿,2,0,1,rafa4lll,gak punya prestasi 😂😂
ddiirraaaaaaaaa,@rafa4lll sekelas habibie aja mengakui eh ini manusia satu nyelit cari celah😂,2,0,1,rafa4lll,gak punya prestasi 😂😂
ecascx,@rafa4lll dari pada punya prestasi agama nya di jual😮,1,0,1,rafa4lll,gak punya prestasi 😂😂
rafa4lll,@ecaayhnd kaya yg ngerti agama lu,0,0,1,rafa4lll,gak punya prestasi 😂😂
ecascx,@rafa4lll gw si ngerti emg lo😮,0,0,1,rafa4lll,gak punya prestasi 😂😂
rafa4lll,@ecaayhnd coba ngaji,0,0,1,rafa4lll,gak punya prestasi 😂😂
rrairasy,@rafa4lll emang punya? 😂,0,0,1,rafa4lll,gak punya prestasi 😂😂
ari_nsyh_,"@uty_82 gak usah ,tanyain aja ke diri sendiri prestasi lu apa , apakah lebih baik Prabowo!😛",0,0,1,rafa4lll,gak punya prestasi 😂😂
einbaruu,@rafa4lll prestasi Prabowo ada tu mendaur ulang sampah jadi gubernur,0,0,1,rafa4lll,gak punya prestasi 😂😂
nurcahaya2197,@rafa4lll kek Luh punya prestasi aja Cok 🥴,0,0,1,rafa4lll,gak punya prestasi 😂😂
fredianasusantibura,@rafa4lll samph,0,0,1,rafa4lll,gak punya prestasi 😂😂
fredianasusantibura,@rafa4lll samph,0,0,1,rafa4lll,gak punya prestasi 😂😂
azkiaelinazakirah,@rafa4lll lu punya apa?,0,0,1,rafa4lll,gak punya prestasi 😂😂
einbaruu,@reineldis54 @yane_sedhu,0,0,1,rafa4lll,gak punya prestasi 😂😂
yoshua_pratama03,@rafa4lll lah lu ga punya otak😂,0,0,1,rafa4lll,gak punya prestasi 😂😂
firmanaji_p,"@uty_82 yakin nih nnti di kasih bukti malu sendiri ya mba 😂😂 pertahanan kita di akui di dunia karna melambung pesat dari peringkat 16 dunia jadi ke 13 dunia 😂😂 apakah itu bukan prestasi ? Amerika aja ketar ketir , menimal sekolah dulu baru komen 😂😂",0,0,1,rafa4lll,gak punya prestasi 😂😂
rafa4lll,"@firmanaji_p kl pertahanan nya bagus harus nya rohingya gak bisa masuk indonesia loh, ngapain harus malu, buktikan ding sendiri kan pemilunya cuma 5hari lagi🤣🤣🤣",0,0,1,rafa4lll,gak punya prestasi 😂😂
firmanaji_p,"@uty_82 oh ulama ya sampe"" NU buat fatwa wajib pilih anis , gak pilih anis haram ? 😂😂 Kalo kata rocky gerung mah kamu itu dungu 😂😂",0,0,1,rafa4lll,gak punya prestasi 😂😂
rafa4lll,@firmanaji_p elu kali ah yg gak sekolah😩🤣,0,0,1,rafa4lll,gak punya prestasi 😂😂
_inayailmi204,"@uty_82 biar bisa masuk surga yaa, otww ah pilih",0,0,1,rafa4lll,gak punya prestasi 😂😂
firmanaji_p,@rafa4lll fix gak sekolah + kurang update 😂😂 wey yang bawa rohinga kesini udah di tangkep ya 😂😂,0,0,1,rafa4lll,gak punya prestasi 😂😂
firmanaji_p,"@rafa4lll jangan sok paling suci bawa"" agam munafik ko bawa"" agama😂😂",0,0,1,rafa4lll,gak punya prestasi 😂😂
firmanaji_p,"@rafa4lll inget pernyataan pemegang kunci surga lu ya di kata najwa, saya gak akan berkhianat ke prabowo akhirnya ? 😂😂 Apa itu bukan golongan orang munafik ? 😂😂 ,, Cape"" ngaji sampe khatam milihnya 01 yang munafik RUGI DONG 😂😂😂",0,0,1,rafa4lll,gak punya prestasi 😂😂
rafa4lll,@firmanaji_p jaka sembung bawa golok 🤣🤣🤣🤣🤣🤣,0,0,1,rafa4lll,gak punya prestasi 😂😂
firmanaji_p,@rafa4lll dih ngatain diri sendiri malu 😂😂,0,0,1,rafa4lll,gak punya prestasi 😂😂
firmanaji_p,@rafa4lll minimal jangan BEGO KAYA ANIS 😂😂😂,0,0,1,rafa4lll,gak punya prestasi 😂😂
rafa4lll,@firmanaji_p ngatain eluuuu gblk🤣,0,0,1,rafa4lll,gak punya prestasi 😂😂
qqbeea_,@rafa4lll emang situ ada prestasi haa tholo,0,0,1,rafa4lll,gak punya prestasi 😂😂
rafa4lll,@qbeea kl membandingkan harus apple to apple lah ....🤣🤣,0,0,1,rafa4lll,gak punya prestasi 😂😂
rafa4lll,@chyaput_01 itu lu tau.. 😂😂😂,0,0,1,rafa4lll,gak punya prestasi 😂😂
wulaanselvi,@rafa4lll prestasi pak prabowo menaikin anies menjadi gubernur✌🏻,0,0,1,rafa4lll,gak punya prestasi 😂😂
febnrhmaw__,@rafa4lll kurangin penyakit iri ati bos susah kalo ngomong sama orang yg bergantung pada angin😂,0,0,1,rafa4lll,gak punya prestasi 😂😂
iamyour_permata,@uty_82 yodah mati aja duluan mengharapkan tiket surga kan😂 pengikut ulama kok sholawat diganti”😭,0,0,1,rafa4lll,gak punya prestasi 😂😂
novwldi,@rafa4lll yang gapunya prestasi tu capres lain he pak prabowo jadi tentara capres lain masi pada umbelan🤪🤣✌️❤️,0,0,1,rafa4lll,gak punya prestasi 😂😂
zefanyahtj,@rafa4lll kau emang punya prestasi?,0,0,1,rafa4lll,gak punya prestasi 😂😂
idrau__,Joget tantrum,5,0,0,,
affh_diann,All in prabowo 😍😍❤️,1,0,0,,
nnbzla_,joget aja jdi toxic apalagi jungkir kali anj. Kocak lu pada.. ALL IN PRABOWO!!🔥,0,0,0,,
aaaalllllllll00,Sok Sokan nolak Prabowo gara gara suka joget sadar oi Anies juga pernah joget mana banyak lagi videonya di YouTube,0,0,0,,
rungkad_153,Amin,0,0,0,,
unser.n10052024,All IN PRABOWO🇲🇨,0,0,0,,
wandahwansyah4,Pasukan nol etik,0,0,0,,
nindya_namira,"semoga pendukung 02 anak dan keturunannya mirip prabowo gibran ya ☺🤲
pasti kalian sangat bangga 😄",0,0,0,,
evi_susilawati5,Mirisssss...,23,4,0,,
_dianastry,@evi_susilawati5 ngaca,0,0,1,evi_susilawati5,Mirisssss...
evi_susilawati5,@_dianastry luh ajh yg ngaca...bebell🤣,0,0,1,evi_susilawati5,Mirisssss...
n4d1nee_22,@evi_susilawati5 lebih miris lagi yg asli Islam malah join babtis  capres macam apa itu,0,0,1,evi_susilawati5,Mirisssss...
bayezid9737,@evi_susilawati5 kurang itu Tambahan kalimat nya seharusnya di tambahkan & menjijikan 😂😂😂,0,0,1,evi_susilawati5,Mirisssss...
bundadwi19,Prabowo Gibran yeeeeees ✌️✌️✌️✌️,0,0,0,,
syahrulyzidane,Gimik. Jual goyangan Ama artis 😂,0,0,0,,
rezafaizal111,Gagasan nihil😂😂😂🔥🔥🔥 emot api jangan lua,0,0,0,,
jonwonwu,gak mutu,0,0,0,,
dennykolamban21,Prabowo Gibran,0,0,0,,
dennykolamban21,Mantap,0,0,0,,
mutiaratarigan751,Prabowo ❤️❤️❤️❤️❤️,0,0,0,,
herba_seribu_dinar,Jooogeeettt..lagiiijooogeett..lagiii,0,0,0,,
nindiputri0123,Sangat berbobot kampanye AMIN☝ dg desak aniesnya🔥🔥,0,0,0,,
sofian.abdul.m,Mereka gak sadar kalau wowo menang Luhut masih menteri 😂,0,0,0,,
abi___id,Kalian joged aja biar amin yang urus>>>>>>>>>>>>>>>>,0,0,0,,
sardiyanto553,Bukan panggung hiburan...,0,0,0,,
hkmaa.d_sia,😍😍😍,0,0,0,,
anisfahiralubis,China semua iss,0,0,0,,
akutri72,01 03 aja lahhh,0,0,0,,
yntrs66,kereeeennnn😍 gausa panik jogetin aja💙💙✌🏻✌🏻,2,0,0,,
wanita_kuat19,Prabowo Gibran✌️pasti menang😍❤️,0,0,0,,
pakprabowonow,Yang milih Anis - Ganjar Pasti orgil 😂,0,0,0,,
yufii_19955,😂😂😂,0,0,0,,
aryanto_latief_06,Suatu saat di ruang sidang PBB semua negara membahas politik global pemimpin Indonesia lebih baik joget dan bagi bagi susu 😂,0,0,0,,
rzk_rzd,Semua orang butuh uang,0,0,0,,
ayusuharti92,AMIN ❤️❤️❤️❤️❤️❤️❤️❤️❤️❤️❤️,0,0,0,,
muhammad_husam,Kampanyemya ga berkelas sama sekali,1,0,0,,
airinrafanih,ANIS PRESIDEN KU ❤❤❤,0,0,0,,
alfian.ndc,"Nyari calon presiden, bukan nyari Batavia dancer ahaha",0,0,0,,
rikyrosananda,Goyang mulu. Nga Aus !,0,0,0,,
leksybopeng,Kagak ngaruh mau cari kesalahan dari mn tetep gak ngaruh tetep kita jogetin.. All in prabowo uciha dan uzumaki gibran,0,0,0,,
platipus.jpg,"pemilu bukan untuk memilih pemimpin yang terbaik, melainkan mencegah yang terburuk untuk berkuasa.",0,0,0,,
pong.skyyy_,All in 02 nih bosss 🔥🔥🔥,0,0,0,,
_lave.nder3,"Anies-Ganjar kita banned dlu, kita All In Prabowo🔥🔥🔥🔥",0,0,0,,
zaim.ysf,AMIN 01❤️,0,0,0,,
as.yifa5679,❤️❤️❤️❤️❤️❤️,0,0,0,,
thoriq_barbershop,"Kita butuh pemimpin yg hebat, bkn tukang instruktur senam 😂😂😂",0,0,0,,
ifnee_,Shinzou wo sasageyou ☝️😎,0,0,0,,
abang_elhu,Makin yakin pilih pak anies🙌❤️☝🏻,0,0,0,,
gagg_zgy,Apasi,0,0,0,,
panbaleh_,Bdut,0,0,0,,
wahyuhidayat6472,😂😂😂😂😂😂😂😂😂😂😂😂,0,0,0,,
riyantea60,Joged trus sampay ber putar putar,0,0,0,,
rahmatalwie,amiin aja dulu,0,0,0,,
azzatf_,"Kampanye apaan gtu kg ada isi nya, pilpres kali ini lebih berat,selain harus memenangkan paslon pilihan kita, kita juga harus mencerdaskan pendukungnya 02...",1,0,0,,
wisekyy_,Mau dibawak kemana bangsa ini klo modelannya joget² wkwkw,0,0,0,,
sall3383,Gaguna Tren alay kalian semua. Udah nangis udah joget joget giliran ditanya food estete Prabowo diem diem aja lau,15,0,0,,
iinnnindrii,Inilah para pe dukung paslon2😂,0,0,0,,
irwansyahuga,BISMILAH PRABOWO--GIBRAN PRESIDEN RI 2024,0,0,0,,
eris_risdiana_,Salam perubahan bersama AMIN,0,0,0,,
elfathanalghifari,Waduh yg diperlukan rakyat utk memajukan negara ini bukan goyangan tp ide dan gagasan .klo goyangan mending pilih saja dancer atau penari yg sdh jelas menguasai keilmuanta 🤦🤦🤦🤦,0,0,0,,
atymomz,Mending buka sanggar nari aj 😂,0,0,0,,
ciknoor_official,"MAAF, SAYA PINDAH HALUAN YA PAK PRABOWO... SEMAKIN YAKIN SETELAH LIHAT DEBAT SEMALAM 🙏",0,0,0,,
jih_an8547,#AsalJangan02,1,0,0,,
yufii_19955,😢😢,0,0,0,,
sanss_83,Lucu😂😂😂,0,0,0,,
ajis_se0,"Enaka kayanya kalo followers 2jt lebih,bsa di sewa jadi buzzeer😂😂",0,0,0,,
shofwannario_,Apasih joget² gjls,0,0,0,,
fajri_rmth,"Sadar bang, lu kena genjutsu itu😂.",0,0,0,,
yakalieljeeee,"Yang gak suka 02 Gausah komen,Kalian salah LAPAK!!!!",0,0,0,,
udadhan,Keren ga kampanye di masjid kaya sebelah🤣🤣🤣✌✌✌,0,0,0,,
tofu7857,Udaah joget aja gak usah ikutan debat entar blunder mulu,0,0,0,,
foodievelvet,Biidznillah AMIN ❤️,0,0,0,,
parisalba2021,sorry ye presidem ku kalo kampanye bukan joget2 aje,0,0,0,,
miftahulfalah14,🔥,0,0,0,,
hafedzmusthofa,Anies Muhaimin pilihanku,0,0,0,,
dinda.ily3,Kok orang chiness semua ya nampaknya😂,0,0,0,,
mbs.siregar,Only Anies no1❤️,0,0,0,,
bolususuelis,ALL IN PRABOWO GIBRAN,0,0,0,,
toru.ss08,GANJAR - MAHFUD MENANG 1 PUTARAN ❤️❤️❤️,1,0,0,,
toru.ss08,ALL IN GANJAR PRANOWO MAHFUD MD ❤️❤️❤️,1,0,0,,
toru.ss08,"KAMI ANAK MUDA, BERSAMA GRUP BAND SLANK, MENDUKUNG PENUH GANJAR PRANOWO - MAHFUD MD, MENANG 1 PUTARAN... 🤟🤟🤟",1,0,0,,
syahri_ramandhan110923,SORRY BUTUH NYA ORANG CERDAS .SEPERTI PAK ANIS🔥😂,0,0,0,,
sadamhusein4710,Jadilah pemilih yang rasional untuk masa depan kita.,0,0,0,,
lubis_afriyani,Sori yeeeeee,0,0,0,,
ikhsan_darwin88,JOGEEEEEEEETTTTT AJA ! MEMUAKKAN !,0,0,0,,
dekenganpusatpoll,Nt pajak dinaikan nangis kyk inul,0,0,0,,
gusfan1208,TETAP ANIES,0,0,0,,
nggerbagus,☝☝☝☝☝☝☝☝☝☝☝☝,0,0,0,,
bos__aldi,"kita butuh pemimpin negara, bukan pemimpin joget""😂",0,0,0,,
okakayee_,joget doang mah gua juga bisaaa😭,0,0,0,,
dewitri333,Joget terus sampe mampuss,0,0,0,,
heloowdan,Aduuhh konsep nya joged doank ?? 😂,0,0,0,,
newspolitik1,"Pada di bayar berapa sih mereka"" ini? Ada yg tau ges",0,0,0,,
hasnananavexana,Isi nya para penghibur,0,0,0,,
rahmat_ramli18,Bismillah #Aminajadulu2024🔥🔥🔥,0,0,0,,
just_winda269,"Jangan melakukan pembodohan terhadap rakyat ya, plis kalian sebagai politisi punya kewajiban mencerdaskan bangsa. Bukan senang2 diatas naiknya pajak, sembako, tarif listrik dan BBM. Stop pembodohan bermodalkan minyak sayur 1 liter. Cukup",0,0,0,,
irfan_jamal_23,Berfikir lah bang,0,0,0,,
nisdawatifenny,"Yup, agree",0,0,0,,
anna_qwertz,NAUZUBILLAH... Jadi Apa Negara ini Joget-joget Teruss yg Lewatt 😢😢,0,0,0,,
an_naa0108,Hari ini cawapres mu menontonkan bad attitude d debat 😂,0,0,0,,
anitrisnawatianil,AMIN,0,0,0,,
praba_pribadi,Wawww...keren pak Anies orang cerdas yg punya gagasan bukan orang tua yg joged2 gak guna,0,0,0,,
farlia_an,Dmn2 joget mulu...ga ada yg laen apa🔥,0,0,0,,
kkusnadi072,"Sekelas Hotman Paris dan Inul Daratista yg ekonomi nya mapan aja protes klo pajak akan di naik kan 40 sd 75%, nah eloh yg makan dan merokok aja kadang ngutang dan rumah masih ngontrak pakek sok²an all in Prabowo mikir, hanya karena fanatik tapi goblog jangan",0,0,0,,
yusri6889,Wkwkwk...modal joget truss otak jongkok😂😂,0,0,0,,
dede_harmanudin,Masih aja Joget joget dungu.. Mual,0,0,0,,
non_q000nt0ll,"""Pangkal dari segala ilmu adalah Akhlak""
Kok bisa calon yang tidak ber-Akhlak, Tempramen, tidak memiliki Etika yg Santun, Buruk dan Kasar ucapannya didukung,???
Sedangkan yg memiliki Etika Santun, Cerdas, Amanah, lagi Ramah justru ditinggalkan.
PASTI, panutan mereka bukanlah Baginda Rasulullah Muhammad SAW. karna beliau diutus sebagai pelopor Akhlak yg baik. Diriwayatkan Hadis oleh Imam Al-Baihaqi :
إِنَّمَا بُعِثْتُ لِأُتَمِّمَ مَكَارِمَ الْأَخْلَاقِ
(Sungguh hanyalah aku (Muhammad) diutus ke muka bumi untuk memperbaiki Akhlak) (HR. Al-Baihaqi). Semoga dapat menjadi bahan renungan.",0,0,0,,
ayu.s168,"Yg joget-joget SDH banyak kok di pasar di RSJ,yg punya ide dan gagasan cuma pak Anies 🔥🔥🔥🔥🔥🔥",0,0,0,,
yunia5421,Anies Presiden ❤️🔥🔥,0,0,0,,
ade_m_candra,🙌🏿,0,0,0,,
havizrifqi,Bolehlah ngisi acara kemenangan Anies nanti,0,0,0,,
baiqsyafaraaljazira,Laa goyang,0,0,0,,
didi_indrayana,Goyang penambah masalah,0,0,0,,
lonitaaaa__,Kmi tidak perlu janji manis tpi perlu di buktikan 02 selalu di hati✌🏻💕,1,43,0,,
lonitaaaa__,@ferra_kustiya hhhaaa mata nya nggk buka lebar yakk bukan nya harus menang dlu baru ada bantuan kta2 manis aja wkwkwk liat bukti nya aja skali bicara lngsung brngkat 992✌🏻,0,0,1,lonitaaaa__,Kmi tidak perlu janji manis tpi perlu di buktikan 02 selalu di hati✌🏻💕
lonitaaaa__,@ferra_kustiya karena kami ttap 02✌🏻💕karna tdak janji manis seperti yng sebelah menang dlu baru bantuan🤣,0,0,1,lonitaaaa__,Kmi tidak perlu janji manis tpi perlu di buktikan 02 selalu di hati✌🏻💕
lonitaaaa__,@ferra_kustiya situ aja nggk paham kn itu tertulis nggk butuh janji manis yng butuh ny buktikan cmn itu kata2 ny yng capres sebelah  nggk nge seeee🥵,0,0,1,lonitaaaa__,Kmi tidak perlu janji manis tpi perlu di buktikan 02 selalu di hati✌🏻💕
lonitaaaa__,@ferra_kustiya kalau capres 02 udh buktikan untk membantu gaza karena dk janji manis dn sdh terbukti itu pn jadi atau tdak ny nnti dia sdh membuktikan✌🏻💕,0,0,1,lonitaaaa__,Kmi tidak perlu janji manis tpi perlu di buktikan 02 selalu di hati✌🏻💕
lonitaaaa__,@ferra_kustiya owala mas pilihan itu masing2 emng knapa dngn komentar saya🤣,0,0,1,lonitaaaa__,Kmi tidak perlu janji manis tpi perlu di buktikan 02 selalu di hati✌🏻💕
lonitaaaa__,@ferra_kustiya wkwkwkwkwk tau aja sma keburukan orng emng situ udh pernah aja😫,0,0,1,lonitaaaa__,Kmi tidak perlu janji manis tpi perlu di buktikan 02 selalu di hati✌🏻💕
lonitaaaa__,@ferra_kustiya oh mungkin situ pendukung anis maka nya meledak🔥,0,0,1,lonitaaaa__,Kmi tidak perlu janji manis tpi perlu di buktikan 02 selalu di hati✌🏻💕
lonitaaaa__,@ferra_kustiya ya lh itu kn kacang lupa kulit ny kikikikiki kikiki biar bukan orng jakarta kmi ttap 02 ✌🏻✌🏻pilih lh sma pilihan mu dn kta buktikan siapa nnti nya jika pilihan mu memng syukur lh kalau pilihan kami menang alhamdullilah nggk sia2 doa kami🤪,0,0,1,lonitaaaa__,Kmi tidak perlu janji manis tpi perlu di buktikan 02 selalu di hati✌🏻💕
lonitaaaa__,@ferra_kustiya haduh tau nya di keburukan orng aja mass🤣,0,0,1,lonitaaaa__,Kmi tidak perlu janji manis tpi perlu di buktikan 02 selalu di hati✌🏻💕
lonitaaaa__,@ferra_kustiya iya lh nggk bisa kn menang dlu baru bantu🤣,0,0,1,lonitaaaa__,Kmi tidak perlu janji manis tpi perlu di buktikan 02 selalu di hati✌🏻💕
lonitaaaa__,@ferra_kustiya panas ya boss wkwkwk 02 sllu di hati yng pendukung bukan 02 jngn di sni komentar ny ini kn cmn untk gemoy aja🤪,0,0,1,lonitaaaa__,Kmi tidak perlu janji manis tpi perlu di buktikan 02 selalu di hati✌🏻💕
lonitaaaa__,@ferra_kustiya nggk lh pilihan kmi ttap prabowo & gibran 02✌🏻💕 nggk ada ngasal2 kmi ttp pilihan kami karena pilihan kmi dri muda smpai memasuki usia ttp mementingkan negara ny💕,0,0,1,lonitaaaa__,Kmi tidak perlu janji manis tpi perlu di buktikan 02 selalu di hati✌🏻💕
lonitaaaa__,@ferra_kustiya hey mass yng janji mnis tu capres ny yng mas pilih itu no msa amin menang kita bantu palestina wkwkwk lihat 02 💕buka mata buka hati skali bicara 992 di berangkat kn dngn hormat✌🏻,0,0,1,lonitaaaa__,Kmi tidak perlu janji manis tpi perlu di buktikan 02 selalu di hati✌🏻💕
lonitaaaa__,@ferra_kustiya ank gue ndek susu formula asi asli wkwkwkwk,0,0,1,lonitaaaa__,Kmi tidak perlu janji manis tpi perlu di buktikan 02 selalu di hati✌🏻💕
lonitaaaa__,@ferra_kustiya hhhaa emng lh manusia ini🥺😫,0,0,1,lonitaaaa__,Kmi tidak perlu janji manis tpi perlu di buktikan 02 selalu di hati✌🏻💕
lonitaaaa__,@ferra_kustiya kalau kmi ttap 02 mass nggk ada yng lain mas nya nnti tertipu janji manis 🤣,0,0,1,lonitaaaa__,Kmi tidak perlu janji manis tpi perlu di buktikan 02 selalu di hati✌🏻💕
lonitaaaa__,@ferra_kustiya haduh mass kalau kmi mau pilih 02 emng knapa pans ya🔥,0,0,1,lonitaaaa__,Kmi tidak perlu janji manis tpi perlu di buktikan 02 selalu di hati✌🏻💕
lonitaaaa__,@ferra_kustiya baik buruk nya pilihan kami ttp 02 💕mas🤣,0,0,1,lonitaaaa__,Kmi tidak perlu janji manis tpi perlu di buktikan 02 selalu di hati✌🏻💕
lonitaaaa__,@ferra_kustiya mmang lu tau segala nya jdi sdh lh kmi ttap 02 dn mau tdur dlu mls debat ny yng bukan pendukung gemoy🤪💕🤣,0,0,1,lonitaaaa__,Kmi tidak perlu janji manis tpi perlu di buktikan 02 selalu di hati✌🏻💕
lonitaaaa__,@ferra_kustiya wkwkwk pilihan mas nya itu masa ingin jdi orng nmor 1 ingin buka2 rahasia negara wkwk nggk masuk akal ingin memancing pak prabowo pula itu 🤙🏻🤙🏻🤙🏻,0,0,1,lonitaaaa__,Kmi tidak perlu janji manis tpi perlu di buktikan 02 selalu di hati✌🏻💕
lonitaaaa__,@ferra_kustiya wkwkwk emng lu ke atas ya lu aja kalangan kebawah ups keceplosan 🤣,0,0,1,lonitaaaa__,Kmi tidak perlu janji manis tpi perlu di buktikan 02 selalu di hati✌🏻💕
lonitaaaa__,@ferra_kustiya tpi udah lh mas atau mbak ya debat ny kn udh tau kmi ttap 02✌🏻🤙🏻,0,0,1,lonitaaaa__,Kmi tidak perlu janji manis tpi perlu di buktikan 02 selalu di hati✌🏻💕
lonitaaaa__,@ferra_kustiya apa lh daya kmi yng cupu ini😢🤣,0,0,1,lonitaaaa__,Kmi tidak perlu janji manis tpi perlu di buktikan 02 selalu di hati✌🏻💕
lonitaaaa__,@ferra_kustiya mau naik trs mau turun kek ttap ny 02 y prabowo & gibran✌🏻💕,0,0,1,lonitaaaa__,Kmi tidak perlu janji manis tpi perlu di buktikan 02 selalu di hati✌🏻💕
ardianardian8693,Kasiaan,0,0,0,,
must_ihsan,𝙉𝙀𝙂𝘼𝙍𝘼 𝙆𝙤𝙠 𝙗𝙪𝙖𝙩 𝘽𝘼𝘿𝙐𝙏 𝙘𝙤𝙗𝙖²,0,0,0,,
rismalestarie,"Dengan tidak memilih pak prabowo, kita sudah membantu beliau untuk tetap sehat dan punya banyak waktu untuk istirahat",0,0,0,,
ulfi_callmefi,Sebutkan visi misi Dan gagasan 02?,0,0,0,,
2kyrs_,Next mungkin bisa mengajukan diri jadi duta joget indonesia 😂,0,0,0,,
onlyyoctt,"""Btuh pemimpin yg bisanya bukan joget"" Lahh paslon 01 ama 03 jg pada bisa joget",0,0,0,,
risahastikasari,#asalbukanprabowo 😍,0,0,0,,
unnamedroadboy29,"NOL bgt 😂 gini modelan mau wakili rakyat, akting aja sana.",0,0,0,,
jenna.ties,"Biar pilihan mu di tanggung jawab di akhirat, pilih presiden yg antek² nya paling sdikit dlm korupsi, liat rekam jejak nya juga, liat visi misi yg jelas, liat karya²nya dlm membangun Indonesia simpulkan, klw udh research juga tetep milih si 2, terserah, otaknya gk nyampe, gk mau ada kemajuan, dan tanggung sendiri di akhirat",0,0,0,,
bakoel_kriwilan,😂,0,0,0,,
sayaufaalbarro,kampanye macam apa ini,0,0,0,,
juraaa_05,ALL IN PRABOWO GIBRAN✌️✌️,0,0,0,,
oki_alysufi,Dengan joget itu menumbuhkan para tulang lunak yg baru 😂,0,0,0,,
alidini_20,Karena Abang with Prabowo Gibran aku follow🤗,0,0,0,,
noerpstg,Tetap amin,0,0,0,,
ujang_gawang,"Mimpin negara dengan joged""😂",0,0,0,,
endaf697,Goyang² ngak jelas,0,0,0,,
alfi.ansyah_rtg,Calon dah penduduk cuman bisa joget wkwk,0,0,0,,
maman_el_sons,Anies pilihan terbaik,0,0,0,,
___noera,Goyang mulu perasaan kampanye nya 🤦,0,0,0,,
kholipahevaa,Insyaallah PRABOWO DAN GIBRAN MENJADI PRESIDEN DAN WAKIL PRESIDEN RI TAHUN INI AAMIIN ✌️,0,0,0,,
pageran_hood,giliran goyang paling kencang..pas tanya jawab mewek😂,0,0,0,,
angel_collection_itc,2 ❤️❤️❤️,0,0,0,,
singgihadeeeess,RIP OTAK 😂,0,0,0,,
khumairooayu,Visi.misi cums jogetin aje sory ye salam perubahan aje...01,1,0,0,,
erwin_sidiq,#asaljanganprabowo,1,0,0,,
cuacasubuh,Hore pajak naik👏,1,0,0,,
rachma8264,"Pas ditanya pak gimana ini kok pajak dinaikin, udh gak usah pusing joget aja 😂😂 mkmkmk.. eh salah wkwkwk",0,0,0,,
arafah.decoration1,Badut indonesia,0,0,0,,
ikhwanfaizun,Orang bayaran tolol,1,0,0,,
imanmaha_,Capres rohingya,0,0,0,,
ardian.ramdhani,Anies Baswedan yg paling layak jadi presiden ❤️🔥,3,0,0,,
kris_edwn,Joget tujuan nya apa?😂,0,0,0,,
ti_yang_jw,MARI KITA PILIH PASLON CAPRES YANG TERTIB SHOLATNYA DAN TAWADHU PERILAKUNYA.... INSHAALLOH INDONESIA JAYA....,0,0,0,,
herta_dewanti,Karena gak punya gagasan dan kebijakan makanya setiap kampanye mereka berjoget...dan kaum SDM rendah pun senang Krn mengira capres satu ini sangat baik karena selalu menghibur mereka dengan goyangan yang aneh😂😂,0,0,0,,
muksinin_muatopa,Semoga semua nya pada sehat semua 🤲,0,0,0,,
ga.prasetio,"Mau pajak naik, mau bahan pokok melambung yg penting tetap all in.",0,0,0,,
meonx_bgr,Anak buah joget² beliaunya nangis di arena😢,0,0,0,,
alfian_hiswandi,Kagak mutu.. diserang pake fakta malah nangeesssss,0,0,0,,
tgex75,Mantap Prabowo gibran RI 1 ✌️✌️✌️✌️✌️✌️✌️✌️✌️✌️✌️✌️✌️✌️✌️✌️✌️,0,0,0,,
pempekarridho_bandung,Pilih No 1 AMIN,1,0,0,,
giyas_may,All in Prabowo gibran i🔥❤️✌️,0,0,0,,
chaamanmakan,Semangat jogetnya. Coblos tetep 1 ya,1,0,0,,
myusufguppyfarm_,wòoww membludak 😮 ganjar lebih mantap,0,0,0,,
chake.by,Najis,0,0,0,,
ben_bennok,"ga jj ga a6, gagasan minim yg penting jj",0,0,0,,
annisasiti653,"Kita butuh pemimpin,bukan instruktur joget"".kita butuh pemimpin yg punya gagasan membangun.bukan malah mental krupuk.yg habis jogef terus mewek.",2,0,0,,
hend3r,"heran banyak yg sok2 all in, mereka ngk tau dampaknya 5thn kedepan, 10thn ini orang susah cengap2an ekonominya,bijak lah memilih ☝",0,0,0,,
swarthaiketut,Selain nomer 2 menggiring dulu . Gua mau terbang ke ikan . Mengapai Indonesia emas,0,0,0,,
edhiejhoned,Kami butuh gagasan bukan joget... Semakin yakin pilih AMIN,98,1,0,,
zvx.nuuuuu,"@edhiejhoned aduhh rela di baptis pdhl muslim, gini bnget nyari suaraa🤪",0,0,1,edhiejhoned,Kami butuh gagasan bukan joget... Semakin yakin pilih AMIN
raniasir251,Rakyat ga butuhh joget kayakbadut..rakyat butuhh perubahan..Amin 1,0,0,0,,
fazhirreza,Apapun pertanyaan susu dan makan gratis jawabannya,0,0,0,,
fisaljunior46,Bakalan kalah ngntddd ah,2,0,0,,
jesscamarine,"Joget terus, coba di suruh debat di kampus, ngacirrr alesan kerja 😂😂",0,0,0,,
sahidi_25,Percuma menang di kuantitas kalo kalah dengan sama yang berkualitas 😢,3,0,0,,
slamet_0233,fungsinya...?,0,0,0,,
asepgaming434,Gak guna,0,0,0,,
ika.wullan17,Gak punya gagasaann,0,0,0,,
widi_asmara_real,🔥🔥🔥,1,0,0,,
farel.lyntoo,Gaada demokrasinya pisan,0,0,0,,
veriko.07,ALL IN PRABOWO,0,0,0,,
faixiiz1919,"Pendukung cerdas gmn si liat napa itu acara ""senam gemoy""",4,2,0,,
exyzxlass,"@faixiiz1919 ya setidaknya calon presiden itu harus banyak gagasannya, Najwa Shihab aja bilang calon presiden harus banyakin gagasan, bukan joget doang...ya gw tau sih joget itu cuma sebatas hiburan tapi masa calon pemimpin kerjanya cuma joget doang dan ngejulid orang, gw bukan pendukung cerdas ya...gw pendukung 03",0,0,1,faixiiz1919,"Pendukung cerdas gmn si liat napa itu acara ""senam gemoy"""
faixiiz1919,@exyzxlasty gini nih lu pasti liat nya yg konten joget doang  padahal banyak gagasan prabowo juga,0,0,1,faixiiz1919,"Pendukung cerdas gmn si liat napa itu acara ""senam gemoy"""
jakulboys_,Joget tanpa gagasan gimna mau ada perubahan 😂,0,0,0,,
risnamellia,2024 prabowo jadi presiden 🔥✌🏻,0,0,0,,
warriorsalbila,Dikit banget yang dukung cuk... Kurang itu nasi kotaknya😂😂😂😂,0,0,0,,
ianazzumar26,"Oh joget"" Doang kerjaaanya😂",0,0,0,,
ardhandj88,Giliran di tanya soal gagasan JAWABANNYA NGALUR NGIDUL 😂😂😂,0,0,0,,
aldri_kampret,"Kaum milenial itu di ajarkan ilmu dan gagasan,bukan joget dangdutan kasih seratusan lalu di jadikan korban.😂",0,0,0,,
ishom_142,Kaum joget 😂,0,0,0,,
aqdarbunayya,Mungkin Lg Proses Calon Menteri Kesenian,0,0,0,,
nonnybsa_shopp2,Goyang gaya sambut bajak naekkkk🕺🕺🕺🕺🕺🕺,0,0,0,,
lady_adhiva,Giliran debat ga bisa jawab nangeees😂😂😂,0,0,0,,
mmariekhe,"Rakyatnya kalo laper joget, ada masalah joget, mau bayar spp joget depan tu, mau belanja ke pasar bayar make joget, mau beli susu bayarnya joget, semudah itu semua masalah lenyap dengan joget.. apa iya. Kocakkkkk",0,0,0,,
2tanks09,hadeeeuh 😂😂😂,0,0,0,,
kallaelmadani,"47. Penghargaan Gerald Maryanov Award
48. 100 Intelektual Publik Dunia
49. 20 Tokoh Pembawa Perubahan Dunia
50. Penghargaan PASIAD Education Award
51. Penghargaan Nakasone Suhiro Award
52. 500 Muslim Berpengaruh di Dunia
53. STA Award 2021
54. Penghargaan KPPU Award 2021
55. Anugerah Dwija Praja Nugraha
56. Juara 1 WSIS Prizez 2022
57. Harmony award
58. Menaikkan UMR Jakarta 10%
59. Membangun 33 Rusunawa
60. Gratiskan Jaklingko
61. Pertumbuhan Ekonomi 10%
62. Sopir Angkot Gaji UMR
63. Mengatasi Titik Banjir dari 105 Menjadi 35 titik
64. Membangun 420 Taman Kota Gratis Untuk Umum.
65. Karya bambu Getah Getih
Untuk melihat fakta dari berbagai sumber² potongan vidio negatif yg beredar, bisa ke website: fitnahlagi.com, untuk website visi & misi Pasangan AMIN dan profilnya bisa ke aminajadulu.com",0,0,0,,
kallaelmadani,"Rekam jejak dan pencapaian Anis Rasyid Baswedan di DKI jakarta:
1. Jakarta Internasional E-prix Circuit (JIEC).
2. Stadion Jakarta International Stadium (JIS).
3. Revitalisasi Kota Tua Batavia.
4. Sumur Resapan.
5. Pembangunan Jalur Sepeda.
6. JPO Pinisi di Jalan Jendral Sudirman.
7. Aplikasi Jakarta Kini (JAKI).
8. Jaklingko.
9. Pelebaran Trotoar untuk pejalan kaki.
10. Gratiskan PBB di Bawah Rp 2M.
11.  3200 Lebih Rumah DP O%
12. Kampung Susun Akuarium
13. Fly Over Tapal Kuda
14. Revitalisasi Simpang Lima Pasar Senen
15. Menghadirkan Pangan Murah Bekerja sama Dengan Petani JATENG dan JATIM. (Contract Farming)
16. 5 Kartu Kesejahteraan
17. Penataan Trotoar
18. Penataan di Bidang Transportasi
19. Menghadirkan Rumah Murah
20. Makanan Bergizi Bagi Anak
21. Membebaskan PBB
22. Penghargaan Kota Layak Anak
23. Honorable Mention Sustainable Transport Award
24. Penghargaan Kemenag Kontribusi Pemprov DKI Jakarta dalam Pengembangan Pendidikan Agama
25. Trans jakarta TOP Corporate Performance26. Predikat Wajar Tanpa Pengecualian (WTP) BPK RI
27. Penghargaan BNN RI
28. Pembina BUMD Terbaik 2020
29. Peraih 9 Kategori Juara Umum Anugerah Publik Relation Indonesia Awards 2020
30. Peraih Anugerah Inovasi Indonesia (ICAT) 2020 IDX Channel
31. Juara Pertama Kompetisi Nasional bidang TIK Kemenkominfo RI
32. Indonesia Government Procurement Award 2020
33. Penghargaan TOP 45 2020 Inovasi Pelayanan Publik
34. Peraih Medali Emas Bhumandala Award
35. Penghargaan Kota Peduli HAM dari Kemenkumham
36. Penghargaan Heroes 2021 
37. Juara Sustainable Transport Award 2021
38. Penghargaan Pilar-pilar Sosial Penanganan Covid-19 tahun 2021
39. Penghargaan IDC Future Enterprise Awards 2021
40. Penghargaan Top Digital Awards 2021
41. Pencapaian Kota Ramah Sepeda se-Indonesia
42. Penghargaan OJK Award
43. Penghargaan Best Governor for Inclusive Economic Growth- People of The Year 2021
44. Penghargaan Pemda Paling Informatif (KIP)45. Best Regional Leader
46. Anugrah Padmamitra Award",0,0,0,,
kallaelmadani,KOSONG,0,0,0,,
senangsabe83,"Kebanyaan hayalan makan singkong..MK DI BEGAL,RONGSOKAN PESAWAT DI BELI,MAKANYA APBN DEVISIT 360T...MAU LANJUTKAN..??CERDASLAH WAHAI ANAK BANGSA..",0,0,0,,
fitrah_kencana,"Goyang2, kalah debat nanti nanges lagi 😂😂😂",0,0,0,,
siskaaini18,Pasukan joget😂,0,0,0,,
sendi_andrsh,Kalau emng g suka udh diem tolol g ush bnyk bicaraa  idiot,0,0,0,,
viktoryoker,"Banyak juga murid bapak Prabowo pinter"" jogetnya😂",0,0,0,,
muhammadmughni17,"Dulu saya berprinsip yg penting bukan PDIP GAnjar, skrng malah yg penting bukan Prabowo, kalian pendukung prabowo  ga usah marah, ini hak politik setiap orang.",0,0,0,,
ultras04pradal,Pemilihan presiden atau pemilihan batavia dancer?,0,0,0,,
monyetparet,"JD konsep nya ,apapun itu mslh nya serta solusi nya yg penting joged dlu ..dn ketika kelak JD pembicara internasional di PBB aku yakin ikon joged psti turut disajikan di dpn delegasi negara ...",0,0,0,,
gayatrisuma,Info jadwal prabowo joget dong,0,0,0,,
east.rimba,"Lanjut bang.. Biar ngerasain pajak dinaikin,sembako&bbm&pupuk&pendidikan mahal✌",0,0,0,,
jefrichaniago,"Rakyat sengsara ntar dijogetin oleh wowo gini lu pada 😂😂😂😂, mending yg smart kan biar kita bisa Tumbuh bersama AMIN ❤️",0,0,0,,
alfrhmd,Kampanye paling keren,0,1,0,,
alfrhmd,"@alfrhmd apalagi kalo bukan ""Desak Anies""🔥",2,0,1,alfrhmd,Kampanye paling keren
ana_khalif16,Giliran di suruh debat planga plongo 🤣🤣pas kampanye semangat joget2 🤦🤦klu urat malu udah putus ya begini,0,0,0,,
hubb_muhammed,Hancurrr,1,0,0,,
ragil_wijoyo,Modal joget² badut 😂😂,0,0,0,,
kimramadhan87,Pasti banyak yg ngata - ngatain... Ga heran sebelah pada ngiri 😂,0,0,0,,
annastbl,😂😂😂 Indonesia tidak butuh pemimpin yang bisa berjoget 2 saja 😂😂😂,0,0,0,,
leafl.0,Berharap Indonesia maju dg jogetan? Jawabnya MUSTAHIL.,0,0,0,,
tommy.syam.6,Amin aja dulu 🙏,0,0,0,,
hardiricky47,😂 topeng apapun yg di pakai ga akan bisa nutupin sifat aslinya. Track recordnya ngampar dimana' bahkan skrg pun dibongkar dengan sendirinya tanpa lawannya yang ngebuka 😂,0,0,0,,
rama.subandi,Market 02 entah apa yg di tawar kan selain jogetan😂,0,0,0,,
dtjdhy,😂,0,0,0,,
dwi.retnowati,Biarkan saja emang bisanya ya cuma joget.,0,0,0,,
mhadewii_,Joget terus sampai makan siang dan susu dibagikan.. Minimal mengobati rasa haus setelah joget2😂😂,0,0,0,,
donuts_tuman,Ini pilihanya Nupang Urip... joget-joget..astahfirrulloh.,0,0,0,,
sadara4084,"Begitu pendeknya pikiran kalian,,",0,0,0,,
triopikmaulana25,#freepalestina #aminajadulu,0,0,0,,
ssilow_87,Minggir Wir... Saingan lo akal sehat bukan senam sehat,0,0,0,,
abinaeyza,Goyang lgi aja😪😪😪😪,0,0,0,,
aqueen_kania,Kami butuh pemimpin bukan Artis,0,0,0,,
wiwinputri04,Kta cari pemimpin negara bukan biduan,0,0,0,,
sindydahlan,POKOKE AKU TETEP PRABOWO GIBRAN ❤️❤️🔥🔥,1,0,0,,
abangrafisqi,"Mana gagasannya, kampanye goyang melulu 😂",49,16,0,,
fandy_dyx,"@abangrafisqi gak punya gagasan bg, namanya juga badut.. Yang tugasnya itu menghibur bukan memimpin.. Bismillah anis presiden❤️",4,0,1,abangrafisqi,"Mana gagasannya, kampanye goyang melulu 😂"
ayniilatiiff,@abangrafisqi makanya jangan setangan yag dilihat😂di awal pembukaan dasat😂😂,1,0,1,abangrafisqi,"Mana gagasannya, kampanye goyang melulu 😂"
addeadeliaa,@fandy_arsah malu ya bang 😂,1,0,1,abangrafisqi,"Mana gagasannya, kampanye goyang melulu 😂"
mmeelll______,@abangrafisqi mana kerja nyatanya anis? Omon² doang bawa² agama lg prett,2,0,1,abangrafisqi,"Mana gagasannya, kampanye goyang melulu 😂"
bbysyilaa_,@livingaboutjee betul👏,1,0,1,abangrafisqi,"Mana gagasannya, kampanye goyang melulu 😂"
rizqiatmajayaa,@abangrafisqi mangkannya ikut kampanye😂lu sih dirumah mulu,1,0,1,abangrafisqi,"Mana gagasannya, kampanye goyang melulu 😂"
hamidahnst.29,"@abangrafisqi mana debatin agama lagi katanya KLO ga pilih si 01 tandanya ga ngehormatin agama hello jual agama Lo?yg dihormati tuh Allah SWT bukan ulama,ulama cuma kasih ilmu bukan rayuan buat 01 malu ahh",1,0,1,abangrafisqi,"Mana gagasannya, kampanye goyang melulu 😂"
_danipngstu,@fandy_arsah iya banyak gagasan tapi gajelas. mana bbm gratis? ouh iya kan dah bilang cuma kampanye politik😂😂 gimana nih bisa dipertanggung jawabkan gagasannya? janji buat kekuasaan? ga beda jauh dong ama ciri-ciri orang munafik mana pake jual agama lagi😂😂,1,0,1,abangrafisqi,"Mana gagasannya, kampanye goyang melulu 😂"
ampas4596,@jazzmiell_ jgn bodoh deh ..liat realitanya,0,0,1,abangrafisqi,"Mana gagasannya, kampanye goyang melulu 😂"
mmeelll______,@ampas4596 oh ya si paling cerdas aslinya mah dunguu🤣,0,0,1,abangrafisqi,"Mana gagasannya, kampanye goyang melulu 😂"
fandy.yulius,@fandy_arsah presiden pala bapak kau,0,0,1,abangrafisqi,"Mana gagasannya, kampanye goyang melulu 😂"
ddiirraaaaaaaaa,"@fandy_arsah oh ini pendukung si itu,attitude nya gd banget si,bisa""nya org terpandang dikatain badut mau heran tapi ini pendukung anies,pdhl gada benci dengan beliau tp pendukungnya loh terlalu berlebihan smpe"" bawa"" agama lah tuhan lah,padahal itu urusan pribadi insan dengan tuhan g perlu koar""",0,0,1,abangrafisqi,"Mana gagasannya, kampanye goyang melulu 😂"
febnrhmaw__,@abangrafisqi mana anginnya ngoceh mulu bukannya mikir ente abis hidupnya bergantung pada angin banjir noh dimana mana urusin,0,0,1,abangrafisqi,"Mana gagasannya, kampanye goyang melulu 😂"
apriandibagas,✌️✌️✌️✌️✌️✌️✌️✌️✌️✌️✌️✌️✌️✌️✌️✌️✌️✌️✌️✌️✌️✌️💖💖💖💖💖💖💖💖💖💖💖💖💖💖,0,0,0,,
dedynau,❤️❤️❤️❤️❤️❤️❤️❤️,0,0,0,,
adamsptrrr,Joget2 doang😂,0,0,0,,
syabeni_alts,Semoga semua pendukung 02 di berikan kesehatan selalu dan nanti bisa menyaksikan pelantikan dan sumpah pak anies menjadi presiden aminn,0,0,0,,
_cintankri,Cari Hiburan yg bermamfaat,0,0,0,,
idrus.hadinata,"maaf kak artis. knp artis pd memilih 02, apkah byaran gedek.? atau brdsarkn hati.. 😢",0,0,0,,
isminuuristiqomah,Cocok jadi instruktur senam,0,0,0,,
zuzursiti,😂,0,0,0,,
noorhazanah9,,0,0,0,,
abie_ayyuby,Enak nanti klo kunjungan keluarnegri joget aja,0,0,0,,
janna_noor0210,Kok aku heran sama pendukung nya kok mau punya presiden cm BS joget2,0,0,0,,
planettobaccoid,#PRESIDENKU ANIS NO 1 😊☝️🇮🇩❤️❤️❤️❤️❤️❤️❤️,0,0,0,,
wiliam_1ww,Yang tidak pilih amin perlu di pertanyakan ke islamannya🤓☝️,0,0,0,,
nailanovika_a,Keknya ngga cuma harus ganti presiden keknya rakyat juga kudu ganti,0,0,0,,
mamasum8888,Ptabowo Gibran,0,0,0,,
donkurome,ALL IN SATRIA MAHATIR ✌️💙,0,0,0,,
metro_aquadesign,"Katanya anak muda, tapi cara kampanye masih jadul joget2 kumpulin masa. Cara2 yg sangat tua",0,0,0,,
tasya_sahari,🔥🔥🔥🔥🔥✌️✌️✌️✌️✌️✌️✌️✌️✌️✌️,0,0,0,,
misbahulfuad3,Top ganjar Mahfud MD,0,0,0,,
teguh_supriyanto02,Ketahuan gak faham apa sebenarnya yang dibutuhkan rakyat nya begini masih ada yg dukung waras ngak tuh,0,0,0,,
haryani_iou10009x9x,Angkat inul aj jd presiden yg jelas pinter goyang😂,0,0,0,,
raruttanti,#BismillahAniespresiden2024satuputaranAamiin🔥,0,0,0,,
bastian292910,Gak mutu,0,0,0,,
enka_ristra,"Pesta demokrasi memang harus di sambut dengan riang gembira. Si paling gagasan sibuk menebar janji. Kita joget, kita kerja nyata, kita punya gagasan. Lanjutkan dan sempurnakan ✌️🩷",0,0,0,,
mirsanihani,Ya allah orang otak nya sdh pd pindah ke kaki,0,0,0,,
agus.pujianto.10888,"Luar biasa, satu putaran prabowo gibran ❤️",0,0,0,,
desiroyani97,Anies presiden 2024,52,0,0,,
desiroyani97,#AMINajadulu,5,0,0,,
sri.siregar32,Insyaallah Annis,0,0,0,,
soenmaryadi,KITA SEDANG MENCARI CALON PRESIDEN. .. . BUKAN MILIH PENARI. . .. CERDAS DIKIT LAH KAU. . .,0,0,0,,
yuliaailuy7,"Harus yang punya gagasan tanpa mencederai konstitusi Indonesia, AMIN IN AJA DULU👏",0,0,0,,
pakpoya,Tetap AM1N,0,0,0,,
hoeman_sam,Jualan goyang 0 gagasan ancur negri ini,0,0,0,,
opocoxx,All in Prabowo ✌️,0,0,0,,
alghaf_____,Amin☝️,18,0,0,,
abdul_kodir31,"Giliran di tanya, 2 menit g cukup 😂😂😂😂",0,0,0,,
aldi_heryanto20,Bismillah Anies Baswedan presiden Indonesia😍,0,0,0,,
jnghdeoost__,"ini mah paslon yang pilih harusnya khusus orang orang tua aja yang udah ga lagi produktif buat mikir, nah klo yg tua tua cocok nih biar pada sehat😂, klo anak muda ya butuh capres yang memiliki gagasan dan ide ide",0,0,0,,
afafumamahkhadafi,"allahu akbar
ya allah jadikan anis baswedan presiden 2024  aamin ya allah",0,0,0,,
kiilerbi,Kawal trus Prabowo Gibran sampai menang,0,0,0,,
ferry.kurniawnn,Ngga punya prestasi makanya joget,0,0,0,,
ryodepp,Disaat otak ga mampu jawab peetanyaan..goyang doang jadinya 😂😂😂,0,0,0,,
muhamadkiah5,Salam 🤘,0,0,0,,
sonlifadillah____,NORAKKKKK ANJI G,0,0,0,,
mrvvaaaaa,🇮🇩❤️🇵🇸 Freepalestine,0,0,0,,
savaraanita,Oh ini lagi audisi batavia dancer ya 😂😂😂,0,0,0,,
kikan_sahputra,01,0,0,0,,
yudhovic,"Saya masih muda, gak mau capres tua. Analisa sdh jadi tantrum aja. #AMINajadulu ❤️",0,0,0,,
nurmelinadaulay,Orang cerdas pilih amin.,28,1,0,,
ardianpraa,@nurmelinadaulay sekelas Najwa Shihab aja dukung Prabowo🤭😂,0,0,1,nurmelinadaulay,Orang cerdas pilih amin.
ketawatifitas,Artis penjilat,0,0,0,,
yulian.rizki,"Yang satu bikin forum diskusi sm masyrakat dengan desak Anies yg satu jg bkin panggung joget2, akal sehat tau bakal pilih siapa #Aminnn",0,0,0,,
rapii3003,Seharusnya capres dn wapres punya gagasan untuk. Barumitir rakyat ini cuma joget joget mau di bawa kemana negri ini,0,0,0,,
khalid_sabir,Desak anies bentuk kampanye paling bermutu 🔥🔥🔥,0,0,0,,
mfahrialbaar,Menuju Indonesia Emas dengan goyangan 🔥,0,0,0,,
indahzawawi,Hahahaha bisa goyang giliran di tanya susu darimana kabur.......,0,0,0,,
diela_tifah,astaghfirullah ... ganteng2 koq dukung pembodohan😢,0,0,0,,
budairinurul,"😂😂😂 iyain aj dah ,, dari pada nangis😂",0,0,0,,
hlllyyyhhhh,Alasan memilih Prabowo itu apa bang?,0,0,0,,
muhamadrizki25063,#asalbukangemoy,5,0,0,,
astrid_floweros,Bnyak artiss yee,0,0,0,,
ramuel.p,"Indonesia butuh gagasan yg membawa perubahan, klo goyang goyang doang biduan Pantura juga bisa.",0,0,0,,
anitapurnamasari998,"Giliran joget jago, pas debat K.O eh di blakang gahar",0,0,0,,
mas_zhen99,AYO DUKUNG 02 UNTUK KENAIKAN GAJI PEJABAT DAN KENAIKAN PAJAK RAKYAT,16,3,0,,
fandy_dyx,"Kau udah miskin malah milih 02 , tambah miskin la kau.. Bismillah anis presiden🙌",1,0,1,mas_zhen99,AYO DUKUNG 02 UNTUK KENAIKAN GAJI PEJABAT DAN KENAIKAN PAJAK RAKYAT
mas_zhen99,@fandy_arsah lu gak tau satire!,2,0,1,mas_zhen99,AYO DUKUNG 02 UNTUK KENAIKAN GAJI PEJABAT DAN KENAIKAN PAJAK RAKYAT
bogeng759,Wkwkwkk,0,0,1,mas_zhen99,AYO DUKUNG 02 UNTUK KENAIKAN GAJI PEJABAT DAN KENAIKAN PAJAK RAKYAT
akmal_mi,goyang terus bobotnya kapan?😂,0,0,0,,
bagindrae,"S gemoy mah khususu orang2 kaya, orang cerdas ya amin👏👏👏👏",0,0,0,,
de_dheee,"Pejabat gajinya naek, agak lain emang solusi dari 02 buat berantas korupsi 😂",0,0,0,,
zamilt17,Adu gagasan malah gimik. Ini ajang pilpres atau ajang pemilihan team dance sih,0,0,0,,
irfanmaulana2805,Gapunya gagasan.. Ini pemilihan presiden kocak bukan cari public figure.  Krn duit daya pikir kosong😂,0,0,0,,
riorizkimahesa,ORANG-ORANG yg tanpa Sembako dan Tanpa Kaos akan terus Melonjak secara derastis dan akan memgalahkan Orang2 yg Joget2 dan Mengumpat2. INSYA ALLAH bpk Anies Presiden RI 2024-2029. 🔥,135,4,0,,
lopes.iman,@riorizkimahesa iya..kita butuh amin..GK butuh sembako apa lagi baju kaos paling buat lap kaki.,1,0,1,riorizkimahesa,ORANG-ORANG yg tanpa Sembako dan Tanpa Kaos akan terus Melonjak secara derastis dan akan memgalahkan Orang2 yg Joget2 dan Mengumpat2. INSYA ALLAH bpk Anies Presiden RI 2024-2029. 🔥
yasin_ariyanto,"Apa Anis presiden ambil di laut biru biru sana,😂😂😂😂",0,0,1,riorizkimahesa,ORANG-ORANG yg tanpa Sembako dan Tanpa Kaos akan terus Melonjak secara derastis dan akan memgalahkan Orang2 yg Joget2 dan Mengumpat2. INSYA ALLAH bpk Anies Presiden RI 2024-2029. 🔥
auf_adh,Mereka ngapain?,0,0,0,,
sugiyarto.smg,AMIN saja,0,0,0,,
fzaa_05,#AJA,0,0,0,,
dyawthv,"bacot lo pada yang mempermasalahkan joget, Paslon lo serius banget deh perasaan? apa apa dibawa enjoy, lo pada sirik apa gimana paslon nya ga asik?",0,0,0,,
spilldistory,Tetap 1 kampanyanye berkualitas 🙌,0,0,0,,
ernawaty320,Bowo lah nomer 2❤️❤️,0,0,0,,
hiiiefel,01 ❤️,0,0,0,,
mirfanjacob,Nggak punya gagasan cuma bisa joget joget 😂😂😂😂😂😂,0,0,0,,
djaya_jaya78,#asaljanganprabowopresiden,3,0,0,,
didiishak,Joget trus ntr klo laper d kasih makan dan susu gratis😂,0,0,0,,
vedya268,01,0,0,0,,
asep_sugandiii,ALL IN PRABOWO🔥,0,0,0,,
gwe_dhinarbk,@suhadi8750  diam luu. mending joget joget ketimang sana sini menjatuhkan orang😂 tetap no 2,0,0,0,,
auful,"Hanya itu yang mereka bisa .. 
masak pemimpin tanpa gagasan 😂😂😂 
Yok #perubahan👏",0,0,0,,
nurhayatijasmine9,Pas ditanya kenapa pilih pak prabowo jawabannya karna gemoy😂 hadeh,0,0,0,,
felanixyzz,✌💙,0,0,0,,
sandova.24,😂😂😂😂😂😂😂 joget trus sampe bodo,0,0,0,,
rahmat_hd09,Ayok artis artis yg mau pajak Amman merappat ke 02,0,0,0,,
kunsurya94,"Kampanyenya isinya, mengumpat, ungkapan dendam, joget.. udh gitu2 aja.. tapi memang yg kayak gitu yg bnyak pengikutnya.. Karna jumlah org intelek lebih sdkit dari org pendek akal😂",0,0,0,,
peeeeeejuuuu,"Asudahlah ye, sorry ye 🗿",0,0,0,,
rizall_20,Hanya fomo media sosial. Soal gagasan ajah ngomong gak bisa,0,0,0,,
rezamustafa6507,Amin aja dulu🔥❤️,0,0,0,,
4rdy.e,Semakin yakin pilih GIBRAN (gerakan Indonesia bersama rakyat dan ANIESS BASWEDAN) for perubahan ☝🇮🇩❤ Indonesia butuh pemimpin cerdas dan beretika luhur saatnya kita lakukan perubahan,0,0,0,,
romero.uno,Jd kaya indonesia got talent,0,0,0,,
jimjohn_2025,Kumpulan idiot & oportunis,0,0,0,,
syff_afiffh,Ga capresnya ga pendukungnya sama sama gada otak,0,0,0,,
littiepa,Gas Teman²,0,0,0,,
arifin.buan07,Gue gak mau punya sodara yg gblk kayak pendukung pak omon,0,0,0,,
4_2nd.id,"Tiap vt joget2 terus. Ono2 wae, emang lagi lucu2nya sih wkwk",0,0,0,,
_syifa0902,Apa alasan kalian pilih prabowo? 🧐,0,0,0,,
gungun_tengteng,Amin,0,0,0,,
ayyubii18,"Sejauh Ini,Ini Kampanye Terburuk Di Pilpres Tahun Ini,Apa Coba Joget Joget Macam Tuh Keliatan Banget SDM Kita Rendah 😢",0,0,0,,
farizandreaslapandenamz,SAMPANG TETAP ALL IN PRABOWO UURRAA 🤭😂😅,1,0,0,,
_ratudzuraa,AMIN in aja yok❤️,4,0,0,,
sasmitadanie,"Joget joget pada kemana pikirannya,ga sadar apa utang akan nambah",0,0,0,,
mocha_monalisa,Aku padamu abng😍 ALL IN PRABOWO GASSS KEUUNNN🔥,61,4,0,,
lopes.iman,@mocha_monalisa preeet,0,0,1,mocha_monalisa,Aku padamu abng😍 ALL IN PRABOWO GASSS KEUUNNN🔥
mocha_monalisa,@lopes.iman minimal maksimal jngn pake akun fake😂,0,0,1,mocha_monalisa,Aku padamu abng😍 ALL IN PRABOWO GASSS KEUUNNN🔥
lopes.iman,@mocha_monalisa akun asli tai,0,0,1,mocha_monalisa,Aku padamu abng😍 ALL IN PRABOWO GASSS KEUUNNN🔥
mocha_monalisa,@lopes.iman ihhhh bauuuu,0,0,1,mocha_monalisa,Aku padamu abng😍 ALL IN PRABOWO GASSS KEUUNNN🔥
byeeme_,✌️,0,0,0,,
fikraki,😂😂Oooo,0,0,0,,
dhi4954,Prestasinya cuma joget2 doank,0,0,0,,
sephiaanggun_,Maluku dukung pak Prabowo jadi presiden❤️,0,0,0,,
atiekah_15,✌️✌️✌️✌️✌️✌️✌️✌️✌️🇮🇩🇮🇩🇮🇩🇮🇩🇮🇩🇮🇩💃💃💃💃💃💃💃,0,0,0,,
diyana3082,Amin....aja,0,0,0,,
dianiferdiani,Goyang terus pendukung bpk prbowo..ada yg ke injak bara panas liat pendukung bpk prbaowo..dri pda jdi org munafik..02 ❤️❤️❤️❤️,0,0,0,,
ma.sri445,"Nanti kalau rakyat susah, banyak pengangguran, kerusakan moral, yg mimpin cuma joget joget aja",0,0,0,,
ranandakp,"kalau buat maskot 02 emang bagus, still jadi capres yaa",0,0,0,,
aditama.13,ya beginilah kualitas 02 😃,0,0,0,,
sri_setyawati88,🇮🇩✌️❤️,0,0,0,,
oki_oktafiano,Presiden gua punya gagasannn mundur guaaa,0,0,0,,
_evi.pangestu01,Gue bingung knp yg di liat isi kampanye cuma begini doang kah 😁,1,1,0,,
bio_sulaiman,"@_evi.pangestu01 jangan sirik sorryyyy yeeee, gak kuat silahkan pamit and minggir lo ke utan namanya juga pesta rakyat suka2 paslon 02 donggg, klau pas debat khan 02 visi misi jelas sdh ada tinggal latik menang baru kerja nyata, bukan omon omon dong kaya anis kerja sampe sekarang belum kelar masi utang lagi pns yg potong gaji un covid padahal dana covid itu khan sdh ada anggarannya sendiri bukan dipotong dari gaji idiihhh memprihatinkan dhe ini colon presiden tukang gibul😂😂😂",1,0,1,_evi.pangestu01,Gue bingung knp yg di liat isi kampanye cuma begini doang kah 😁
lusirimasari_,❤️❤️✌️,0,0,0,,
rahmatlord86,ngajak senam aerobik..,0,0,0,,
sri_setyawati88,🇮🇩✌️✌️✌️,0,0,0,,
luthfiixx,Ngantuk,0,0,0,,
munawar_007,"Pejabat naik gaji, rakyat naik pajak, pndukungnya ya pasti keluarga² pejabat😂",2,0,0,,
sabri.hidayatullah,Negeri ini merdeka bukan karena goyang² tapi ide dan gagasan dibarengi militansi dalam menentang kolonial. Eh dapat Paslon yang HOBY GOYANG + GEMOY. Mau jad apa bangsa ini 😂,0,0,0,,
sabri.hidayatullah,Jualan goyang doang 😂,0,0,0,,
hafiid012,PENDUKUNG GARIS KERAS PAK ANIES RASYID BASWEDAN❣ NTB ALL IN AMIN ☝🏻🇮🇩,0,0,0,,
sumarto6924,Bismillah AMIN 2024..Perubahan Indonesia.,0,0,0,,
gus.agill,Mirip mirip antransi sirkus monyet,0,0,0,,
redaerhandhika,"Kalo seandai nya Anies yang menang,masih mau jadi manusia atau jadi tripang bang???",0,0,0,,
mr_veerol97,Ayo pajak akan di naikkan 😂😂😂😂 pilih penerus nya,0,0,0,,
dent_lutfihakim,Yg penting mah bisa joget dulu prestasi mah belakang😂😂😂,0,0,0,,
okten_98,Jahiliyah,0,0,0,,
zikiardiansyahsiregar,Yang penting joget. Gagasan urusan belakang,0,0,0,,
khilda.asy_,Miris negara ini 👏👏😢,6,0,0,,
dinadindin02,AMIN🔥,1,0,0,,
ns.ari.seno,"DITEMPATKU JUGA KOK ACARANYA JOGET2 MULU...., PENYAMPAIAN VISI MISI NYA KAPAN YA... DISKUSI SM MASYARAKATNYA KAPAN YA..., SELEVEL BUPATI AJA KLO KAMPANYE CM JOGET2 DOANK.., MALES MILIHNYA.. GMN SELEVEL PRESIDEN..",0,0,0,,
sriwidyaya.baby.shop,#asalbukanprabowo,0,0,0,,
kibo3145,Prabowo Gibran yessss,97,3,0,,
fandy_dyx,"Sorry yee, anda terlalu berharap.. Bismillah anis❤️",3,0,1,kibo3145,Prabowo Gibran yessss
lopes.iman,Preet,1,0,1,kibo3145,Prabowo Gibran yessss
agthfeey,"@fandy_arsah senyum lu manis bang, kek DP 0%",0,0,1,kibo3145,Prabowo Gibran yessss
_cwebrutallll,All in prabowooooo🔥❤️,0,0,0,,
spacee_craftt,Ditanya gagasan jawabannya gajelas wkwkwk...,0,0,0,,
muhammadrasyid1383,Ini capres masuk acara dangdut Tan aja,0,0,0,,
nurhaeni_026,Masya Allah gemoyy bgt tuu bayi nya bang @fero_walandouw Gemes bgtt🤏,1,0,0,,
ariefwahyu27,#asalbukanprabowo kita butuh pemimpin...bukan maskot dufan🙌 #prabowogibran,22,2,0,,
lopes.iman,@ariefwahyu27 GK butuh badut,0,0,1,ariefwahyu27,#asalbukanprabowo kita butuh pemimpin...bukan maskot dufan🙌 #prabowogibran
langit_01012023,Narasi campaign kaya gini ga laku bung. Bikin narasi yg mewek mewek aja😂,0,0,0,,
aiiue_ma,Desak Prabowo 😂,0,0,0,,
iyay_6195,Cuma itu.. ga ada gagasan nya,0,0,0,,
rasidanachmad,NOL,0,0,0,,
mochfendy64,"Kalo gak jual joget nyanyi dan akting nangis , bukan untuk capres tapi untuk Indonesia idol lebih pantas.  Karena ide gagasan dan inovasi 0 besar",0,0,0,,
_gerald.alfredo,FERO WALANDOUW FOR WAGUB SULUT 🔥,2,0,0,,
paipermana,#asalbukananis,0,0,0,,
hena.77_,Geliiiii bngt liatnya,0,0,0,,
sampuri58,01 tok,0,0,0,,
hena.77_,Mau mimpin negri kok tiap kampanye nya gk prnh d kluarin visi misinya ....tp sll joget2 gk jelass...parahnya lg ada artis2 dbalik itu semua....knp ya artis2 ini gk pngn bantu  mengedukasi masyarakat agar pintar2 milih calon presiden...ini mala pd bondong2 bantu joget2,0,0,0,,
gerrynuzli25,Minim visi misi dan gagasan.. Pokoknya Joget ajaa.. 😌😌😌😌😌,0,0,0,,
yogaardi97,Kek gini mau jadi negara maju wkwk,0,0,0,,
dipr1225,"Kalo ga joget ya pakai artis buat menang, tetep pilih amin",0,0,0,,
malaagustina01,Kita cari yg bisa mimpin negara bukan coach zumba...😆😆🤭,0,0,0,,
mhrz_pb_,cuma di Indonesia pejabat di naikkan gajinya. rakyat di naikkan pajaknya dan di dukung mati Matian... #mikir.  salam akal sehat dari  Madura 01❤️,0,0,0,,
japrool_0,AMIN,0,0,0,,
editiawarman12,"Cawapresnya bilang pajak d naikin,capresnya bilang gaji pejabat d naikin,miris😢",0,0,0,,
__zoldyckk,miris,0,0,0,,
mayagita05,✌️✌️✌️✌️✌️✌️✌️✌️✌️✌️✌️✌️✌️✌️✌️✌️✌️✌️✌️✌️✌️✌️✌️✌️✌️✌️✌️✌️✌️✌️✌️✌️✌️✌️✌️✌️,0,0,0,,
keyzha_91,Ntar nangisss ..trus curhat ..merasa terdzolimi 😂😂😂,0,0,0,,
juhendri5834,Amin jelas,0,0,0,,
yudisetiawan6942,"In Syaa Allah BAPAK ANIES RASYID BASWEDAN PRESIDEN 2024 , aamiin ya allah 🤲🤲🤲",2,0,0,,
watersevennn77,jadi makin Yakin dukung Prabowo jadi capres abadi🥰,0,0,0,,
natasayuti10,Amin aja dulu,0,0,0,,
0yadyan0,"biar apa bang bgtuan😂, toh gda manfaatnya juga buat indonesia, pilih pemimpin yg cerdas bukan yg joget² mulu di kira maskot apa😂",0,0,0,,
endrik_tb,Kalau kata nopek . Endorse capres tu milyaran eyy,0,0,0,,
mmega1805,✌❤,0,0,0,,
widiekasuryani,Goyang ga kenyang..😂goyang ga buat pinter,0,0,0,,
zahirna8649,✌️✌️❤️❤️,0,0,0,,
dennyefendi13,"02 presiden luhut memimpin negara lagi dong.. Hadeuh. Coba kalian pikir"" Lagi deh",0,0,0,,
ibrahimputra70,Bang gua cuman mau nanya. Siapa tau bisa ngerubah pikiran gua untuk memilih. Alasan Abang pilih Prabowo apa?,1,0,0,,
putra_prtma0710,Rata-rata yang pilih 02 yg kek gini😂,0,0,0,,
anggaadiz,Jogedin aja drpd nyinyir🔥 ok gas ok gas,0,0,0,,
tuhareastella,Udah ngeluarin duit brp banyak nih buat kampanye bagi2 kaos dan goyang2,0,0,0,,
syfrarni,N,0,0,0,,
syfrarni,❤️n .bmkhkbcmj😍❤️,0,0,0,,
ibnu_nasutionn,Goyaangg goyanggg lama2 tumbang,0,0,0,,
imamkarto,Amin🔥,0,0,0,,
amenahbs1,❤️❤️,0,0,0,,
supershyyyyy__,MEMPERMAIN KAN DAN MENJUAL AGAMA JAUH LEBIH HINA DARI PADA PELNGGARAN ETIK,0,0,0,,
aawandyhdyt,Ya ini orang gak pernah ngerasain susah nya jadi rakyat...,0,0,0,,
ayu_uchiha67,All in prabowoo😍,0,0,0,,
halijahtuti,Ayo beramai ramai pilih Pak Anies Baswedan jd Presiden RI Bismillah aamiin 🤲🤲🤲🤲🤲,0,0,0,,
wigunoambi,Salam akal sehat🔥 #asalbukanprabowo,0,0,0,,
empurajahya,Malu nanti kalo di forum PBB malah joget joget gemoy gitu,0,0,0,,
_laskmana,Pendukungnya 02 Epic Abadi 😢,0,0,0,,
aliandi.sofian,"Ayo pendukung wowo selama 5 tahun kita joget trsuuuss, walau semua subsidi  utk raktyat dan pajak akan naik",0,0,0,,
ninoinoinonce,Mereka pikir mereka keren😂😂😂😂😂,0,0,0,,
awashofyan,"Artis2 meresahkan, mementingkan diri sendiri, sip autoo unfoll",0,0,0,,
d3ddi_22,"Wakanda no more, Indonesia forever ☝️👍🏻👍🏻",0,0,0,,
toko_imo,Duh yang penting goyang,0,0,0,,
art_jepret,Wkwkw Buzzer bayaran Anak Haram' Konstitusi 😂😂😂,0,0,0,,
erik_hidayat88,Prabowo yess,0,0,0,,
jackjacko24,Selamat Buat terpilih nya Anis Baswedan 01 ❤️ Allahuakbar,0,0,0,,
ujang.ksp18,Ayolah buat pendukungnya masih ada waktu sebulan lebih ayo sadar dan berpikir lebih bijak lagi ayo kita dukung anies jadikan indonesia perubahan🙌,0,0,0,,
zi_zhin_noer,Isi kampanye 02 ksong semau,0,0,0,,
rmd.syh,"Salam ✌️ bang, biarin bacot pendukung Anies diemin aja. Itu mah bot",0,0,0,,
vingo_02,Bajunya keren😍 mau🥺,0,0,0,,
hafiz_ongok,"Asekkk kampanye nya tapi tidak untuk dpilih capres nya ,masa nanti kita ngeluh bbm naik terus di ajak goyang 😢",0,0,0,,
fhrlnjl,"Kenapa sii skrng calon pemimpin dan calon wakil rakyat pada suka joget😢, padahal kami butuh pemimpin, bukan pelawak😢",0,0,0,,
riskauni_,Tetap 1,129,1,0,,
pakprabowonow,@riskauni_  ganjar nonton bokep 😂,0,0,1,riskauni_,Tetap 1
mr.paol_ldt,"Dari sini, semakin yakin pilih Anies",0,0,0,,
muhfrhnputra,Kampanye terbaik selama pilpres ada di DESAK ANIES,2,0,0,,
bent_kimci,🤟🤟🤟🤟🤟,0,0,0,,
gan_an_woo_,Capres banyak bacot yang sebenernya yaitu 02😂,0,0,0,,
wahya.harsana,Siap Menangken PRABOWO-GIBRAN  Presiden RI ke 8 😍😍,3,2,0,,
fandy_dyx,"@wahya.harsana sorry yee, all in anis🔥",0,0,1,wahya.harsana,Siap Menangken PRABOWO-GIBRAN  Presiden RI ke 8 😍😍
lopes.iman,@wahya.harsana preeeet,0,0,1,wahya.harsana,Siap Menangken PRABOWO-GIBRAN  Presiden RI ke 8 😍😍
zi_zhin_noer,Isi kampanye 02 ksong semau,0,0,0,,
bagoeshorst_,Joged joged doang kek anak kecil,0,0,0,,
zyyyy.25.1,Debat Capres 2024 : Adu Argumen & Gagasan ❎Cuman bisa Goyang & gabisa debat. ✅,0,0,0,,
rasid9898,✌️✌️👍,0,0,0,,
sutan__mangkuto,Kita butuh pemimpin bukan badut,0,0,0,,
izul_k29,1,0,0,0,,
lu_kman7432,☝,0,0,0,,
aseppurnama46,"Habis nangis terbitlah ""pinter atau goblok sih""😂",0,0,0,,
habibkhairuman,"Diluar kaya macan, pas debat kaya 😵",0,0,0,,
raflin_makal,"Pendukung najis wongedan ngapain di sini? Yang lain sibuk promosiin capres mereka, eh si pendukung najis wongedan malah sibuk nyinyirin capres lain 🤣",0,0,0,,
mustafakamal4383,"😂😂😂😂modal gimik,, sory yeeee😂😂😂😂",0,0,0,,
uky8567,Pemimpin itu cerminan bagaimana rakyatnya.yooo ngene,0,0,0,,
amirinanita,Amin❤️❤️❤️,0,0,0,,
soenaryantos,"Bismillah, tetap teguh pilih No.1.  AMIN.",0,0,0,,
yatno_ahmad_khoirul,Ikut prihatin,0,0,0,,
ganang_rusli,Gk bermutu,0,0,0,,
dbimz_,Gerakan penghancur negara 😂,0,0,0,,
najwandotcom,GOYANG MANG GAPAPA RAKYAT SUSAH YG PENTING POLITIK GOYANG🤣,0,0,0,,
hafizriady_,😂😂,0,0,0,,
yayah_r_zainul_abrari,Komentar dah ratusan... 800+ tp lucu GK ada yg like ...kumaha atuh .... PD bubar ke 01 yaaa Hayuh ah.... 🇮🇩☝️🇮🇩☝️🇮🇩☝️🇮🇩✨✨✨✨✨,0,0,0,,
ashabulkhaf,1 orang dibayar 300 kebanyak gk sih??? Wkwkw😂,0,0,0,,
salimalhaddad,Pasukan badut mampang siap grakk,4,0,0,,
agam_rizki,MK (Muda tapi KARBITAN),0,0,0,,
farisichap14,Biat artis artis all in 02... Los Gak Rewell Ngeyrl 01 amankan jadi presiden,0,0,0,,
riko_tiawardani,Amin,0,0,0,,
addan_sh12,Calon pemimpin macam apa utu😂😂😂,0,0,0,,
qonita_yamen,Joget terossss,0,0,0,,
dolletandika,Goyang sampek MK😂,0,0,0,,
faiz_abu47,Ini konsepnya miLih Pemimpin apa milih biduan gak sih 😂,62,17,0,,
m.daffa_alfriandi18,"@faiz_abu47 lah jgn munafik bro kayak pendukung kau, sekarang apa 01 dan 03 ikutan berjoget"" dan cak Imin dan lain"" suka JJ.. manusia akhir zaman yg suka fitnah dan munafik nauzubillah",1,0,1,faiz_abu47,Ini konsepnya miLih Pemimpin apa milih biduan gak sih 😂
shbtcerita.fashion,@faiz_abu47 keraasss😂,1,0,1,faiz_abu47,Ini konsepnya miLih Pemimpin apa milih biduan gak sih 😂
rezaardysanjaya,@faiz_abu47 😍😍 keren bngt bg wkwk 🤣😭,0,0,1,faiz_abu47,Ini konsepnya miLih Pemimpin apa milih biduan gak sih 😂
mmeelll______,"@faiz_abu47 dr pada yg sebelah bawa² agama, omon² doang kerja nyata gk ada🤣",4,0,1,faiz_abu47,Ini konsepnya miLih Pemimpin apa milih biduan gak sih 😂
faiz_abu47,@jazzmiell_ Lah Lah gak bahaya ta'... Punya mata kah bang? Itu jakarta semua golongan bisa foto dri atas bundaran Hi? Yg krjain siapa? Setan kah?,0,0,1,faiz_abu47,Ini konsepnya miLih Pemimpin apa milih biduan gak sih 😂
faiz_abu47,"@jazzmiell_ terus JIS di bangun & di konsep sma siapa? Yg kejar wktu buat atapnya dri bawah terus di naikkan? Itu dgn presisi, salah perhitungan sdikit aja bisa ambruk? Itu ghoib smua yah yg kerjain? Wah hebat yah 🫣 si buta Baru kluar Goa nih mkmkmkmk",0,0,1,faiz_abu47,Ini konsepnya miLih Pemimpin apa milih biduan gak sih 😂
mmeelll______,@faiz_abu47 ellehhh dr beberapa program cumn itu yg terlaksana 🤣,2,0,1,faiz_abu47,Ini konsepnya miLih Pemimpin apa milih biduan gak sih 😂
faiz_abu47,@jazzmiell_ anjer cari tau sndriLah gebLek ah... Smua terlaksana? Coba tnya balik? Program bowo apa? 😂tanam singkong tumbuh jagung?,0,0,1,faiz_abu47,Ini konsepnya miLih Pemimpin apa milih biduan gak sih 😂
gungteganesha,@faiz_abu47 😂,0,0,1,faiz_abu47,Ini konsepnya miLih Pemimpin apa milih biduan gak sih 😂
rizqiatmajayaa,@faiz_abu47 paslon lain juga ada tuh video joget²🤣🤭,0,0,1,faiz_abu47,Ini konsepnya miLih Pemimpin apa milih biduan gak sih 😂
hamidahnst.29,@m.daffa_alfriandi18 jgan heran kelompok 01 emng munafiknya luar biasa melebihi ular berbisa,0,0,1,faiz_abu47,Ini konsepnya miLih Pemimpin apa milih biduan gak sih 😂
faiz_abu47,Gpp kalau sekedar Joget... Tpi bukan sebagai simboL mkmkmk 🤭 atau ciri Khas wokwokwok dan stidaknya bisa Ngomong ketika hadir di acara PBB,0,0,1,faiz_abu47,Ini konsepnya miLih Pemimpin apa milih biduan gak sih 😂
jaco_dosantos,@faiz_abu47 😂😂😂,0,0,1,faiz_abu47,Ini konsepnya miLih Pemimpin apa milih biduan gak sih 😂
ddiirraaaaaaaaa,"@faiz_abu47 ini kampanye senam loh,buat olahraga,buat kesehatan juga, wajar wajar aja si bang namanya mantan militer,suka dengan kesehatan fisik.ohiya siapa yg menjaga keamnan indonesia kalau bukan beliau,anies pun baguss bisa mengurus jakarta ketika sebagai gubernur,begitupun ganjar,punya masa lalu yg kelam tapi herannya,kenapa kalian mencari celah biar bisa liat org lain down,kalau seandainya pilihan kalian ga menang apa mungkin kalian nanti g bakal tinggal di indonesia lagi?yg benerr ajee,jangan terlalu banggain org lain,jangan pandang rendah org lain,punya otak?punya hati?punya prasaan?kalau punya otak gabakal ngehina kalau punya hati pasti tau perjuangan para capres kalau punya prasaan pasti sadar kalau mereka smua manusia,kalah sama ego sndiri",0,0,1,faiz_abu47,Ini konsepnya miLih Pemimpin apa milih biduan gak sih 😂
ade.samun,@faiz_abu47 😢plan2 bang,0,0,1,faiz_abu47,Ini konsepnya miLih Pemimpin apa milih biduan gak sih 😂
flower.dinn_4,@faiz_abu47 sirik mulu hidup lu😂,0,0,1,faiz_abu47,Ini konsepnya miLih Pemimpin apa milih biduan gak sih 😂
isalbrewok,"nyapres ko joget , gada seriusnya yakinin masyarakat",0,0,0,,
putrii_pspt11,🔥🔥🔥🔥🔥,0,0,0,,
mhdzulfahmizaldhi,Mereka kira dengan joged permasalan bangsa ini akan selesai... Mikirrr.. dasar dangkal,0,0,0,,
bisnispemula79,"Jogetnya monoton, kurang hot 🔥🔥🔥",0,0,0,,
nuuuuy02,Ya anoh sholawat yang satunya lagi nge jd 😢😢😢,0,0,0,,
rajkilhamm_,,0,1,0,,
rajkilhamm_,@rajkilhamm_ MKMKMKMK😂,0,0,1,rajkilhamm_,
rainrmxx,"Di sini bikin film dong reformasi 98 berdarah, abangnya jadi pemerannya di filmnya gapapa.. kubu sebelah udah bikin film tayang tanggal 1 Februari judulnya Senyum Manies Love Story.",0,0,0,,
herizhasan,"Apa visi 5th nya setelah joget 5menit anda manusia dungu,biasakan menggunakan akal",0,0,0,,
tasapo.co,Ketika usus besar pindah ke tengkorak,0,0,0,,
anakmanis424,Setiap kampaye isi nya joget terus 😭😭😭😭 coba lah ngobrol sama rakyat... Apa yg rakyat keluhkan.. Mau jadi apa negeri ini kalo isi cuma joget😭😭😭😭,0,0,0,,
ratiriswanda85,❤️❤️❤️,0,0,0,,
wak_sans,#aminajadulu 🔥🔥🔥,0,0,0,,
rdsans_,Goyang pargoy mulu pendukung wowo,0,0,0,,
khan_a_rock,Ini sedang cari presiden bukan cari koreo terbaik bang🔥,0,0,0,,
kamilsyahriyal,#asaljanganprabowo,0,0,0,,
el_duha12,Ga mau punya pemimpin hobi joget.,1,0,0,,
nurhadihusain,Kampanye nya abis joget makan gratis trus bubar dah 😂😂😂,0,0,0,,
iambadru06,All in Anies Baswedan 🔥🔥🔥🔥,0,0,0,,
gianttour,Siap2 saja pajak naik....wkwk,0,0,0,,
icha_alguthomy,#asalbukanprabowo,0,0,0,,
_azisfrmnsyh,Mantap Indonesia Prabowo Gibran 🔥,0,0,0,,
panji.hitamtmr,Wakanda memang butuh pemimpin tukang joget 😂,0,1,0,,
panji.hitamtmr,@panji.hitamtmr tapi NKRI butuh pemimpin yang Humanies dan cerdas,1,0,1,panji.hitamtmr,Wakanda memang butuh pemimpin tukang joget 😂
wldtljnnh_,"@wldtljnnh_ SEMUA ORG PUNYA SISI BAIK DAN BURUK JANGAN SALING HUJAT TAR KELEN SENDIRI YANG MALU, NAMANYA JUGA MANUSIA GAADA YG SEMPURNA, MREKA UDSH MENCOBA SEBISA MREKA, UNTUK PNDUKUNG 01.02,03 JNGAN SALING MENGHUJAT LGI, JNGAN SALING ADU ARGUMEN, SIAPIN MENTAL SEHAT KALIAN LAGI, SEMUA ORANG ITU BAIK, GUE MUAK BACA"" KOMEN YG ARAH NEGATIF/SALING MENJATUHKAN, EMANG KALIAN UDAH SEMPURNA HAH? KALIAN GA CAPEK SALING HUJAT? UDSH STOP ..INTINYA SESAMA WARNA RI KITA HRUS KOMPAK,. BILANG KE DIRI KALIAN SENDIRI KALO JANJI GA BKAL NGELONTARIN KATA"" YG MENYAKITKAN ORANG LAIN!",0,0,0,,
agungprawira7,Dihh wkk,0,0,0,,
incidesi.maharani,#aminmenang1putaran 😍,0,0,0,,
mhmdnrholis_,"Kenapa artis influncer banyak dukung 02, instagram centNg biru banyak dukung 02? Karena money TKN 02 ngeri² bro 😂 follower lu banyak lu dapet cuan, intinya mentingin prut sendiri ga mikirin rakyat kecil .!!!!",0,0,0,,
nvrynrzk,"Kampanye 02 isinya begini semua ya, kualitasnya dimana ya, katanya mau Indonesia maju Ironis 🥲",0,0,0,,
thockiel,01🔥🔥🔥,0,0,0,,
thockiel,01🔥🔥🔥,0,0,0,,
thockiel,01,0,0,0,,
leosebutirdebu,Ok. ✌️🇮🇩💪,0,0,0,,
maslikah29_,❤️❤️❤️no 1 AMIN❤️❤️❤️,0,0,0,,
cablaknasrul,Mungkin dyh milih wowo..karna mandang gemoy x dan kasian yg kmarin nangis ituh,0,0,0,,
ohoirat.yaseer,Anak muda diajak diskusi❎. anak muda diajak joget✅,4,1,0,,
_eksmen23,@ohoirat.yaseer hmmm,0,0,1,ohoirat.yaseer,Anak muda diajak diskusi❎. anak muda diajak joget✅
junaristandi,❤️❤️❤️❤️✌✌💘💘💘💘💘,0,0,0,,
andi_rinaldi_harris,Amin,0,0,0,,
fairuz_aina,Ngakak ilfeel,0,0,0,,
dellafhr_,prabowo❤️,0,0,0,,
fikri_sutup10,Ntar habis debat lagi lagunya ganti dawai emotnya nangis😂😂,0,0,0,,
khatib_arkhanza,Tertawakan saja krn cara menghormati badut harus gitu 😂 ALL IN KELAS RENDAHAN 🤪,0,0,0,,
arifinirvana378,"😢😢😢....program unggulan nya : naikin pajak&naikin gaji pejabat,makan siang & susu gratis😂(secara tidak langsung mengajarkan generasi menjadi MENTAL PENGEMISS.",0,0,0,,
stay_yours_,Nanti pas pajak naik jogetin aja,0,0,0,,
meirinasausan,Ide n gagasan ngak ada yg ada joget2 ngak jelas. Mau jadi apa Indonesia,0,0,0,,
a.n.n.i.s.a564,Joget teruus. Sekali kalah debat nangiisss.. 😂,0,0,0,,
nofiharmiyanto,Ikutan gerombolan penabrak konstitusi yaa??,0,0,0,,
lusily27,Mau goyang2 begitu mah udah jadi artis aj ga usah ngaku2 demi rakyat,0,0,0,,
muhibatul.hasanah,Lah bisa nya cuma joget,0,0,0,,
wida.aryanti.14,Salam perubahan AMIN ❤️,115,0,0,,
haidar_2603,"Negara butuh pemimpin, bukan badut yg bisa nya joged joged",0,0,0,,
aminahtine86,🫰❤️❤️,0,0,0,,
bang_indir,Heran... Kok banyak artis yg rela di manfaatkan...😪😪,0,0,0,,
wakandanomoreindnesiaforever,"Mana gagasan untuk indonesia emass,, kok joget terusss, masalah di negri ini bxk lohh😂",75,7,0,,
fhyy15._,@am.inn14 ada masanya joget ada masanya serius,0,0,1,wakandanomoreindnesiaforever,"Mana gagasan untuk indonesia emass,, kok joget terusss, masalah di negri ini bxk lohh😂"
sri.hrtti_,"@am.inn14 gagasan kan anda ngga perlu,anda cuma perlu gagasan dari dukungan anda kan,jadi kalau ngga dukung ngga usahinta gagasan kali, untuk di jadiin motivasi yaa? hehehe",1,0,1,wakandanomoreindnesiaforever,"Mana gagasan untuk indonesia emass,, kok joget terusss, masalah di negri ini bxk lohh😂"
dheleopratama_20,@am.inn14 SDMRendah,0,0,1,wakandanomoreindnesiaforever,"Mana gagasan untuk indonesia emass,, kok joget terusss, masalah di negri ini bxk lohh😂"
wakandanomoreindnesiaforever,"Seriusnyaa kalau mencaci maki,, 😂 #endasmu, goblok, 😂",0,0,1,wakandanomoreindnesiaforever,"Mana gagasan untuk indonesia emass,, kok joget terusss, masalah di negri ini bxk lohh😂"
wakandanomoreindnesiaforever,"Betul bang,,,.Sdm Rendah😂",0,0,1,wakandanomoreindnesiaforever,"Mana gagasan untuk indonesia emass,, kok joget terusss, masalah di negri ini bxk lohh😂"
dheleopratama_20,@am.inn14 SDM Rendah,0,0,1,wakandanomoreindnesiaforever,"Mana gagasan untuk indonesia emass,, kok joget terusss, masalah di negri ini bxk lohh😂"
faliqmastered,butuh pemimpin yang memberi kepastian bukan hiburan,7,0,0,,
pebriansyah_1112,Adu gagasannya mana?,0,0,0,,
slsabhila_imtinan_azahro,No gagasan..malah joget...,0,0,0,,
dzira_studio,3 programnya....makan siang gratis...susu gratis dan goyang 😂😂,0,0,0,,
gfernandopurba,"HANYA PAK PRABOWO YANG PEDULI MENOLONG SELURUH RAKYAT PALESTINA, SEDANGKAN JANJI ANIS HANYA MEMBUAT BANYAK WNI SAKIT JIWA, SEDANGKAN GANJAR MALAH MEMINTA SUMBANGAN DANA KAMPANYE KEPADA WARGA DI SOSMED😢,,,,, MOHON SEBARKAN AGAR  SEMAKIN BANYAK WNI YANG SADAR😢",0,0,0,,
yud_widaskhal,"Selalu ditampilkan joget2, riang gembira. Untuk menyembunyikan kekurangan dibelakangnya. 😢",0,0,0,,
alan_bahrul_ulum,Tunjukan prestasinya klo joged doang ga usah nyapres jga bisa,0,0,0,,
adibahop,sory ngab kita cari yang mencerdaskan kalo yang bisa joget joget di lampu merah juga banyak,1,0,0,,
abi_kautsar_5,insya'Allah atas izin Allah swt. Ami Anies Baswedan dan Cak Imin akan memimpin NKRI Tahun 2024- 2029. Kobulkan kobul kobul kobul Aamiin.,0,0,0,,
ella_titahena,❤️❤️❤️❤️,0,0,0,,
hasrullulun,"Kita butuh pemimpin, bukan boy band",0,0,0,,
arsuryaf,Apa arti d setiap gerakan joget,0,0,0,,
igituya,"Oke gas, di gas malah nangis",0,0,0,,
rrizky_h,Mkmkmkmk😂,0,0,0,,
hga2289,Kita butuh pemimpin bukan badut,0,0,0,,
annisa.mosa,Joged doang akh,0,0,0,,
alhafizd_99,Manfaatnya apa buat rakyat...?,20,17,0,,
ayniilatiiff,@alhafizd_99 manfaatnya agar kmu tambah bisa mengendalikan banjir juga 😂,2,0,1,alhafizd_99,Manfaatnya apa buat rakyat...?
alhafizd_99,@ayniii_1927 ga nyambung bg,1,0,1,alhafizd_99,Manfaatnya apa buat rakyat...?
addeadeliaa,@ayniii_1927 sdm rendahh 👏,0,0,1,alhafizd_99,Manfaatnya apa buat rakyat...?
ayniilatiiff,@bellvvvu kamu kali 😂😂✌️✌️✌️,0,0,1,alhafizd_99,Manfaatnya apa buat rakyat...?
_ciiputriiiiiii,@alhafizd_99 biar orang punya penyakit hati kayak kau tuh panas,1,0,1,alhafizd_99,Manfaatnya apa buat rakyat...?
alhafizd_99,@_ciiputriiiiiii bapak kau yg panas😂,0,0,1,alhafizd_99,Manfaatnya apa buat rakyat...?
_ciiputriiiiiii,"@alhafizd_99 anjay Bawak bapak,uhhh atut😂",0,0,1,alhafizd_99,Manfaatnya apa buat rakyat...?
_ciiputriiiiiii,@alhafizd_99 pantas ternyata pemuda tersesat toh 😂😂,0,0,1,alhafizd_99,Manfaatnya apa buat rakyat...?
alhafizd_99,@_ciiputriiiiiii cie ngepoin yah hahah,0,0,1,alhafizd_99,Manfaatnya apa buat rakyat...?
_ciiputriiiiiii,@alhafizd_99 ngaku tersesat ternyata ya😂,0,0,1,alhafizd_99,Manfaatnya apa buat rakyat...?
alhafizd_99,@_ciiputriiiiiii idih ga nyambung goblok elo yg tersesat bapak Lo tersesat masa pemimpin kayak bgtu di pili wkwkw,0,0,1,alhafizd_99,Manfaatnya apa buat rakyat...?
ddiirraaaaaaaaa,@alhafizd_99 biar sehat.,0,0,1,alhafizd_99,Manfaatnya apa buat rakyat...?
yoshua_pratama03,@alhafizd_99 lu juga ga ada manfaatnya malah ngebacot mulu,0,0,1,alhafizd_99,Manfaatnya apa buat rakyat...?
alhafizd_99,@yoshua_pratama03 ada bos buat nyadarin pendukung kosong dua klo mereka mendukung orang yg salah 😂,0,0,1,alhafizd_99,Manfaatnya apa buat rakyat...?
ikaarorrr,@alhafizd_99 ohh jadi kami harus ngedukung yang jual agama??? yang di baptis?? yang nonton video² porno??? wkwk sakit jiwa ya?,0,0,1,alhafizd_99,Manfaatnya apa buat rakyat...?
alhafizd_99,@ikaarorrr bener yh pendukung 02 suka kemakan hoax wkwk kenapa tolol sekali bos makanya baca fakta jangan nonton video stenga stenga,0,0,1,alhafizd_99,Manfaatnya apa buat rakyat...?
w_dharma_s_,Kalo goyang doang badut pun bisa goyang,0,0,0,,
khadijahlubissiti,Yesss PAK PRABOWO🤲🤲,0,0,0,,
penjuang_anti_warisan,"Masih zaman ya kampanye joget dan dangdutan gini, ini mah kampanye zaman kuno dan ketinggalan zaman,",149,11,0,,
forpalestine57,@penjuang_anti_warisan yg pnting sneng ktanya😂😂,3,0,1,penjuang_anti_warisan,"Masih zaman ya kampanye joget dan dangdutan gini, ini mah kampanye zaman kuno dan ketinggalan zaman,"
paipermana,@penjuang_anti_warisan bratti ganjar sma anis jga kuno dong kan pada joget juga 😂,4,0,1,penjuang_anti_warisan,"Masih zaman ya kampanye joget dan dangdutan gini, ini mah kampanye zaman kuno dan ketinggalan zaman,"
sri.hrtti_,@penjuang_anti_warisan wkwkw panas amat,1,0,1,penjuang_anti_warisan,"Masih zaman ya kampanye joget dan dangdutan gini, ini mah kampanye zaman kuno dan ketinggalan zaman,"
riskauni_,@penjuang_anti_warisan eh bener lagi👏,1,0,1,penjuang_anti_warisan,"Masih zaman ya kampanye joget dan dangdutan gini, ini mah kampanye zaman kuno dan ketinggalan zaman,"
fandy_dyx,"@penjuang_anti_warisan kampanye lawak, makanya jangan dipilih.. Bismillah anis menang❤️",0,0,1,penjuang_anti_warisan,"Masih zaman ya kampanye joget dan dangdutan gini, ini mah kampanye zaman kuno dan ketinggalan zaman,"
masyallahnak,@penjuang_anti_warisan WKWKW UDA LUMRAH DONG BUAT NYARI PENDIKUNG GIMANA YA 02 PAKE TEHNIK INI BERHASIL GA KAYA SLEPET CAK IMIN YG GA MENARIK 🤣,2,0,1,penjuang_anti_warisan,"Masih zaman ya kampanye joget dan dangdutan gini, ini mah kampanye zaman kuno dan ketinggalan zaman,"
ucii_mlbb31,"@penjuang_anti_warisan dri pda bawa"" malaikat zibrill kok gak sklian aja bwa"" Malaikat Izrail biar pro🗿",0,0,1,penjuang_anti_warisan,"Masih zaman ya kampanye joget dan dangdutan gini, ini mah kampanye zaman kuno dan ketinggalan zaman,"
_ciiputriiiiiii,"@penjuang_anti_warisan suka""orang tuh lah susah kali sama orang yang punya penyakit hati ini,kayak kau nih",0,0,1,penjuang_anti_warisan,"Masih zaman ya kampanye joget dan dangdutan gini, ini mah kampanye zaman kuno dan ketinggalan zaman,"
audia_________,@penjuang_anti_warisan BILANG AJA IRI PENGEN IKUT 🤣,0,0,1,penjuang_anti_warisan,"Masih zaman ya kampanye joget dan dangdutan gini, ini mah kampanye zaman kuno dan ketinggalan zaman,"
bayezid9737,"@penjuang_anti_warisan tambahan Nya "" Miskin Gagasan utk menutupi Kekurangan nya Dgn Joget²hackss Cuakk🤮🤮🤮",0,0,1,penjuang_anti_warisan,"Masih zaman ya kampanye joget dan dangdutan gini, ini mah kampanye zaman kuno dan ketinggalan zaman,"
pipaupapiu,"@penjuang_anti_warisan siap, si paling zaman now🙏.",0,0,1,penjuang_anti_warisan,"Masih zaman ya kampanye joget dan dangdutan gini, ini mah kampanye zaman kuno dan ketinggalan zaman,"
milatariputri,Kampanye yg gak berbobot sama sekali 😭😭,0,0,0,,
zhubeyeicha,Q no 1 aja amin pasti menang,0,0,0,,
dunia_fana18,Amin 01❤️😍,0,0,0,,
prapto5477,Amin01,0,0,0,,
ky.pleret,asalbukanprabowo,0,0,0,,
fauzanz86,Amin no 1 insyaallah,0,0,0,,
rumah_aqiqah_tuffah,Capres dan pendukung nya ga ada bedanya,0,0,0,,
anthoariga,"Siang jadi petani malam ke diskotik, tapi anehnya masih ada juga yang mau pilih😂😂😂😂😂😂, makan siang dan minum susu gratis tapi pajak di naikan 😂😂😂 bagi yang milih selamat bodoh anda bertambah karena makan siang gratis tapi pajak naik itu artinya harga nasi itu dari uang kalian sendiri bukan free",0,0,0,,
abd_x71,Selamatkanlah negeri ini dari kerusakan yaa Rabb. ANIES PRESIDEN GUE BUTUH PERUBAHAN 🔥🔥🔥🔥🔥🔥🔥,0,0,0,,
yuliatitisarie28,Bosen,0,0,0,,
nadilarezika03,✌️✌️✌️❤️💖,0,0,0,,
anis_for_indonesia,Kalah debat mewek😂,0,0,0,,
putunembahseger,Buahahahahahahahaaaaaa denger2 Udah 200 % Suara Prabowo 😂😂😂😂😂,0,0,0,,
muhammad.taufiqq,pilih prabowo gibran alasanya apa sih ? gwe lihat kampanye nya hanya begini doang,0,0,0,,
juliardanaa_,Banyak gagasan tapi ga ada aksinya buat apa? Mending gagasan kurang tapi aksi nya jelas',0,0,0,,
mahmuda_haris,Anies Baswedan RI1😍,0,0,0,,
riskal_isto_,Nomor dua ✌️,0,0,0,,
sahurisupiyan,All in perabowo gibran✌,0,0,0,,
mas_jay_java,"Jualan artis,jualan joget...negara punya lu apa😂",0,0,0,,
indiankoclok,Muda gagasan nol...ditanya toleh toleh giliran jawab blunder.tapi lucunya pendukungnya bangga..😂😂,0,0,0,,
bboykariemax,Mereka yg joget2 kok aku yg malu,0,0,0,,
cexnov_story,"Modal jadi relawan 02, maximal bisa joget dan tatrum...😂 Minimalnya planga plongo 😂",0,0,0,,
cuncunsumiaty,All in Prabowo gibran 🔥,0,0,0,,
kevin6130kevin,✌👍,0,0,0,,
ms2203692,All in bapak Prabowo ✌️❤️✌️,0,0,0,,
syakirfrozenfood,Cuman berjoget2 doang😂,0,0,0,,
nurulherawati_sitorus,"Jogedd rupanya disini padahal di tunggu di undangan tenaga medis untuk sampaikan gagasan ,ga dtg malah jogedddd",0,0,0,,
florescom161,Al in prabowo 02 ✌️,0,0,0,,
alfrqaa_,Beda bnget kampaye di sini jadi ngakak wkwkw,0,0,0,,
zackyalh_______,Makin Yakin RI 01 AMIN Allohumma aamiin 🤲🏻📿❤️❤️❤️❤️,0,0,0,,
bengs1919,gagasan dong please ...,0,0,0,,
sijaka05,JUJUR AJA LO GA MALU MENGKHIANATI HATI NURANI?,0,0,0,,
danunugroho,Debat aja kalah malah mau ngajak ngopi😂...itu forum NASIONAL gmn di forum INTERNASIONAL😂,0,0,0,,
muhammad_al_mauli,"Kampanye beda dari yg lain karena dibawa santai aja,udah pede menang🤤",0,0,0,,
anissa.cmk,Joget doang ngga ad apa2 ny,0,0,0,,
item_pekat,Di kandang sangar di debat keok 😂😂😂,0,0,0,,
kabulakbar21,Kwkwkkw😂,3,0,0,,
abdulrahmanabdulrahman9124,Asli gak paham deh gue....,0,0,0,,
freng679,Kompak semua biru so pasti masaa arahan😂 klo yng benar dari rakyat dia bakalan bercampur aduk,10,0,0,,
siti.rahma.17,Semoga Tuhan tumbangkan rezim politik dinasti dan perusak demokrasi.,0,0,0,,
ichafa616,Bang fero kenapa nyebur politik si🤧,0,0,0,,
pelar1an,ayang akuuu,0,0,0,,
hendrat44,Giliran pas debat aja seolah2 si paling terdzolimi😂,0,0,0,,
sipcoy2,"Walah salah satu artis idola milih 02, gak jadi ngidolain",0,0,0,,
mnhcollection_mujib,AMIN ☝☝☝☝☝☝,286,0,0,,
fnur24452,✌️👈🌷,0,0,0,,
ndryleonard,Aniez president😍,0,0,0,,
beebul1,Tour senam berkedok kampanye awoakwoakok,0,0,0,,
sawadijaps,cringe,0,0,0,,
ali_pronjal,Mau komen takut ada yg baper😂,0,0,0,,
maulanaa_234,Angel tenan tuturanmu,0,0,0,,
takmirmasjid,"badut no more, elegant forever..",0,0,0,,
eeejennieee,All in no 02 ✨❤️,0,0,0,,
yazmi_haill,Cari pemimpin yg bet prestasi bukan yg bisa joget :),0,0,0,,
fauzanqla,#asalbukanprabowogibran,117,1,0,,
fandy_dyx,@fauzanqla all in anis,0,0,1,fauzanqla,#asalbukanprabowogibran
rinniealsaffa,Anak2 mudanya suka goyang klw dr 02 knpa gak kaya acara 01 acara Desak Anies lebih bermutu utk kemajuan negaraaa😂😂😂😂😂,0,0,0,,
riswandahimawan,Orang tua Aksi kamisan menangis lihat ini...ditambah penduduk kampung bayan,0,0,0,,
bemz_me_andmyself,"Kagak haus tuh tenggorokan, goyang² joged teros... 🤣",0,0,0,,
lulyka35,tari gemoyy asyiiik asyiik gedein pantat coyyy,1,0,0,,
pra_yogi9090,"Abisin duit nya bang,terus kampanye 😂 ...kalo jadi tinggal cari balikan",0,0,0,,
kampretpid,Kalau untuk naikin pajak ogak...,0,0,0,,
anjah_6,"Kampanye bukannya bahas masalah masyarakat dan negara malah joget2 gk jelas, 🤫🤫💩💩💩",0,0,0,,
efendiefendi2373,"Inti nya , Abah itu lebih cerdas dari pada eyang , itu fakta ,",3,1,0,,
dikhaputra_96,@efendiefendi2373 betul betul pak pen👏,1,0,1,efendiefendi2373,"Inti nya , Abah itu lebih cerdas dari pada eyang , itu fakta ,"
lily.riyanti,✌️,0,0,0,,
tinisafit,"Kemarin di FORUM KPK, ditanya solusi untuk mencegah korupsi. Paslon 02 bilang, menaikan gaji pejabat negara, faktanya tunjangan&fasilitas  DPR MPR byk loh",0,0,0,,
nunungtommy,✌✌✌✌💯💯💯💯❤❤❤❤,0,0,0,,
diiosptr__,ki coro konsep e pye 😂,0,0,0,,
raoshah_,"Seperti capres nya, joget² giliran debat jual air mata",0,0,0,,
rasyid._____,Kita butuh pemimpin yg cerdas bukan ke bnyakan joget apa lagi kumpulan artis mending pilih anies cerdas jelas jejak kerja nya,0,0,0,,
hsnsbl2,Kita butuh pemimpin bukan ketua senam 😂,3,0,0,,
ontysky_99,Se  NKRI  mendukung  abah  @aniesbaswedan  RI  1  2024 - 2029 🤝 🤗 ♥️,1,0,0,,
gw.you_,All in Prabowo ✌🏼,0,0,0,,
pakngah_182,mau jd apa negri ini makin hancur aja,0,0,0,,
bisma_asterick,Joget terus wes wkwkwkw,0,0,0,,
susi_dicky,👏👏👏👏,0,0,0,,
eladin_hijab,"Pasukan badut😍😍😍semangat terus untuk menghibur kontes pemilu, dari jaman megawati.... 😂😂😂",0,0,0,,
emayuliaw,Prabowo Gibran 🩵🩵🫰🏻🫰🏻,0,0,0,,
eli_helina,Bisanya cuma joget,0,0,0,,
latiefarbani,AMiT AMIT JABANG Bayi 😂😂😂😂😂😂😂 pendukung Streeesss,0,0,0,,
cinsawman,Semakin terlihat tidak berguna,0,0,0,,
erdin_x,Salam perubahan ☝️,0,0,0,,
hairil2446,Samarinda all in prabowo Gibran ✌️✌️🔥🔥,0,0,0,,
rania_231,Ditanya ngga bisa jawab pasahal budangnya bisanya joged...ini orang2 yg mau melanggengkan dinasti jokowi,0,0,0,,
mersinumberi,FOKUS SAMA KAOSNYA😍,0,0,0,,
suhadi8750,Kita butuh pemimpin yg cerdas muda punya gagasan.bukan yg suka joget joget doang,2174,134,0,,
eti.hidayati,@suhadi8750 YESS,16,0,1,suhadi8750,Kita butuh pemimpin yg cerdas muda punya gagasan.bukan yg suka joget joget doang
libr.aa30,"@suhadi8750 ada waktu buat senang"" ada waktu buat serius pak busetttt joget juga ga setiap saat🤣🤣🤣 kaya gini juga paslon lain ngikutin tuh",56,0,1,suhadi8750,Kita butuh pemimpin yg cerdas muda punya gagasan.bukan yg suka joget joget doang
ygeminigirl94,@suhadi8750 berisik lu 😏😒,10,0,1,suhadi8750,Kita butuh pemimpin yg cerdas muda punya gagasan.bukan yg suka joget joget doang
mlnaadam66,@suhadi8750 tong kosong nyaring bunyinya,9,0,1,suhadi8750,Kita butuh pemimpin yg cerdas muda punya gagasan.bukan yg suka joget joget doang
sgsfpfoscar,"@suhadi8750 contohnya, Bapak Pranowo",1,0,1,suhadi8750,Kita butuh pemimpin yg cerdas muda punya gagasan.bukan yg suka joget joget doang
fhyy15._,"@suhadi8750 Indonesia juga butuh rakyat yang pinter menilai,bukan seperti anda yang hanya tau dari vidio doang😂",11,0,1,suhadi8750,Kita butuh pemimpin yg cerdas muda punya gagasan.bukan yg suka joget joget doang
xyimell_07,"@suhadi8750 mainmu kurng jauh mass, wkwk",4,0,1,suhadi8750,Kita butuh pemimpin yg cerdas muda punya gagasan.bukan yg suka joget joget doang
eriyah.tokk0797,@suhadi8750 banyak omong bapak bapak satu ini knpa ga nyapres pak sapa tau kepilih jadi RT,5,0,1,suhadi8750,Kita butuh pemimpin yg cerdas muda punya gagasan.bukan yg suka joget joget doang
heirrtho,@suhadi8750 betul pilih yg muda kayak gibran pemuda milineal🔥,2,0,1,suhadi8750,Kita butuh pemimpin yg cerdas muda punya gagasan.bukan yg suka joget joget doang
itsmeardha,@ygeminigirl94 smangat yookk cari duid nyaa ...kerja kerja 😂,0,0,1,suhadi8750,Kita butuh pemimpin yg cerdas muda punya gagasan.bukan yg suka joget joget doang
ygeminigirl94,"@itsmeardha 😂😂😂 kalo lu yg ngajak atau yg nyemangatun, gw ogah ikutan 😜",0,0,1,suhadi8750,Kita butuh pemimpin yg cerdas muda punya gagasan.bukan yg suka joget joget doang
itsmeardha,"@ygeminigirl94 hahaaa ... tp lo kl gk ada netijen kyk gw kan gk dpt duid, gk ada yg buat di komenin 😂",0,0,1,suhadi8750,Kita butuh pemimpin yg cerdas muda punya gagasan.bukan yg suka joget joget doang
jastinalfredo7,@suhadi8750 emng slh kalo kita joget? emng slh kalo masyarakat Indonesia bahagia dengan joget? mendingan joget dri pada nyindir nyindir 😜,1,0,1,suhadi8750,Kita butuh pemimpin yg cerdas muda punya gagasan.bukan yg suka joget joget doang
_rizkysaputr4,@suhadi8750 indonesia gk butuh orang seperti bapak terimakasih😂,1,0,1,suhadi8750,Kita butuh pemimpin yg cerdas muda punya gagasan.bukan yg suka joget joget doang
ygeminigirl94,@itsmeardha si sok tau lagi komentar menggunakan kehaluannya 😂😂😂,0,0,1,suhadi8750,Kita butuh pemimpin yg cerdas muda punya gagasan.bukan yg suka joget joget doang
itsmeardha,@ygeminigirl94 eehh lembur bang 😂,0,0,1,suhadi8750,Kita butuh pemimpin yg cerdas muda punya gagasan.bukan yg suka joget joget doang
ozanzz,@___ayone___lee Bacot Ham Ham isu 5 tahunan.. Kemana aja lo pas d jaman megawati sby jokowi ko ga langsung d hukum aja.. Gmna kalo Tuhan lo ngeliat dosa lo d masa lalu lo.. Rekam jejak lo ga d maafin mau gmna..? Belajar bijak setiap orang punya salah liat dari sekarang dah tobat atw masih..,0,0,1,suhadi8750,Kita butuh pemimpin yg cerdas muda punya gagasan.bukan yg suka joget joget doang
lennymariana_2518,@suhadi875oy joget tspi berkwalitas,0,0,1,suhadi8750,Kita butuh pemimpin yg cerdas muda punya gagasan.bukan yg suka joget joget doang
ygeminigirl94,@itsmeardha eh kok kepo ya..,0,0,1,suhadi8750,Kita butuh pemimpin yg cerdas muda punya gagasan.bukan yg suka joget joget doang
irkusnandar,@suhadi8750 pak klo tolol jangan terlalu semua capres punya gagasan joget cma sebagai bentuk gembira,0,0,1,suhadi8750,Kita butuh pemimpin yg cerdas muda punya gagasan.bukan yg suka joget joget doang
irkusnandar,@___ayone___lee buzzer nih,0,0,1,suhadi8750,Kita butuh pemimpin yg cerdas muda punya gagasan.bukan yg suka joget joget doang
lovaqailula_wardhani,@libr.aa30 betuuuullll,0,0,1,suhadi8750,Kita butuh pemimpin yg cerdas muda punya gagasan.bukan yg suka joget joget doang
vinaanafisah,@suhadi8750 hidup dibawa enjoy bangggg,0,0,1,suhadi8750,Kita butuh pemimpin yg cerdas muda punya gagasan.bukan yg suka joget joget doang
suhadi8750,@susinia01 dunia mana ya mengakui Prabowo 😂😂😂 wakanda 😂,0,0,1,suhadi8750,Kita butuh pemimpin yg cerdas muda punya gagasan.bukan yg suka joget joget doang
_fateee17,"@suhadi8750 sok tau banget sih pak, lihat aja apaa aja yg dilakukan pak Prabowo demi Indonesia🤭✌️",0,0,1,suhadi8750,Kita butuh pemimpin yg cerdas muda punya gagasan.bukan yg suka joget joget doang
suhadi8750,@_fateee17 ..nanam singkong aja gagal 😂😂😂 lagian situ Baru kali ini dukung Prabowo saya udah tiga kali dukung beliau,0,0,1,suhadi8750,Kita butuh pemimpin yg cerdas muda punya gagasan.bukan yg suka joget joget doang
aqbar_annif,@suhadi8750 brrti gibran 🔥,0,0,1,suhadi8750,Kita butuh pemimpin yg cerdas muda punya gagasan.bukan yg suka joget joget doang
keylaa.zahraa,"@suhadi8750 pak,kalo BPK ketemu dangdut sya yakin BPK juga joget",0,0,1,suhadi8750,Kita butuh pemimpin yg cerdas muda punya gagasan.bukan yg suka joget joget doang
suhadi8750,@exlusivezahra ketemu... emang dangdut jalan jalan... bener kata RK KLO pendukung 02 pendidikan menengah ke bawah 😂😂😂,0,0,1,suhadi8750,Kita butuh pemimpin yg cerdas muda punya gagasan.bukan yg suka joget joget doang
abdulgofur0,@suhadi8750 lebih baik seperti ini dari pada pake agama,0,0,1,suhadi8750,Kita butuh pemimpin yg cerdas muda punya gagasan.bukan yg suka joget joget doang
suhadi8750,@abdulgofur0 semua capres pake agama update berita ga sih... bener kata RK KLO pendukung 02 pendidikan menengah ke bawah 😂😂😂😂,0,0,1,suhadi8750,Kita butuh pemimpin yg cerdas muda punya gagasan.bukan yg suka joget joget doang
abdulgofur0,@suhadi8750 apakah saya menyebutkan paslon tertentu saya hanya berpendapat lebih baik kampanye seperti itu dari pada bawa agama,0,0,1,suhadi8750,Kita butuh pemimpin yg cerdas muda punya gagasan.bukan yg suka joget joget doang
dheleopratama_20,@suhadi8750 SdM Rendah,0,0,1,suhadi8750,Kita butuh pemimpin yg cerdas muda punya gagasan.bukan yg suka joget joget doang
gheasadiya,@suhadi8750 huft 😑,0,0,1,suhadi8750,Kita butuh pemimpin yg cerdas muda punya gagasan.bukan yg suka joget joget doang
keylaa.zahraa,"@suhadi8750 walaupun pendidikan masih menengah ke bawah,tidak lupa juga dengan etika wkwkwk,ya emang dangdut gak jalan¹ pak,tapi disini kn kandang nya pendukung Paslon 2,dengan bapak komen begitu bapak kaya kepanasan tau dengan melihat kampanye Paslon 2,bapak menilai nya dari sisi buruk nya saja ya?",2,0,1,suhadi8750,Kita butuh pemimpin yg cerdas muda punya gagasan.bukan yg suka joget joget doang
adangkurdi5,@libr.aa30 iya benr ribet amet ya ...kalau ga suka lewat aja ga usah di commen oon amet c ...✌✌✌ cinta damai loe loe gw gw ' ko repot ya 😂😂😂😂,0,0,1,suhadi8750,Kita butuh pemimpin yg cerdas muda punya gagasan.bukan yg suka joget joget doang
aqdarbunayya,"@suhadi8750 hahaha Kata Org Yg Cerdas Begini Pak, namun Kalau yg Pikirannya Dangkal Bilang Banyak Omong Krn Merwka Gk Pagan",0,0,1,suhadi8750,Kita butuh pemimpin yg cerdas muda punya gagasan.bukan yg suka joget joget doang
fandy_dyx,"@suhadi8750 benar banget, bismillah anis menang aaminn",0,0,1,suhadi8750,Kita butuh pemimpin yg cerdas muda punya gagasan.bukan yg suka joget joget doang
reyzz_kids,@suhadi8750 kita butuh pemimpin yg cerdas bukan yang bawa bawa agama untuk hal politik😂,0,0,1,suhadi8750,Kita butuh pemimpin yg cerdas muda punya gagasan.bukan yg suka joget joget doang
suhadi8750,@reyzz_kids semua capres bawa agama..on..😂,0,0,1,suhadi8750,Kita butuh pemimpin yg cerdas muda punya gagasan.bukan yg suka joget joget doang
asbullah306,"@suhadi8750 makanya bang main kekota jangan hanya bisa liat di sosmed aja😅😅 ,kita butuh pemimpin yang bisa kerja bukan hanya fitnah sana sini",0,0,1,suhadi8750,Kita butuh pemimpin yg cerdas muda punya gagasan.bukan yg suka joget joget doang
andika_bili,@___ayone___lee jadi apa juga negara ini kalau hanya dikasih janji tanpa bukti bulshitt wkwkw,0,0,1,suhadi8750,Kita butuh pemimpin yg cerdas muda punya gagasan.bukan yg suka joget joget doang
andika_bili,"@suhadi8750 gagasan aja tanpa diterapin sama aja nol pak, liat hasil dah kebanyakan gagasan tapi ga maksimal sama aja, ngangkrak semua haha",0,0,1,suhadi8750,Kita butuh pemimpin yg cerdas muda punya gagasan.bukan yg suka joget joget doang
nab1lalzahra,"@suhadi8750 ini pesta rakyat wajar dong,ada saat nya serius dan ada saat nya butuh hiburan",0,0,1,suhadi8750,Kita butuh pemimpin yg cerdas muda punya gagasan.bukan yg suka joget joget doang
noviritwakristianti,@suhadi8750 🤣🤣🤣🤣 dari pada yg suka blunder,0,0,1,suhadi8750,Kita butuh pemimpin yg cerdas muda punya gagasan.bukan yg suka joget joget doang
zidan_mrzain,@suhadi8750 jangan goblok deh semua capres pasti ada gagasan ini tuh cuma hiburanya doank joged²,0,0,1,suhadi8750,Kita butuh pemimpin yg cerdas muda punya gagasan.bukan yg suka joget joget doang
yuyunwardani_,@suhadi8750 gausah tegang tegang napa,0,0,1,suhadi8750,Kita butuh pemimpin yg cerdas muda punya gagasan.bukan yg suka joget joget doang
ibon_adli,@suhadi8750 kita butuh pemimpin modal kerja bukan hanya gagasan anak kuliah juga bisa balik main FB ajah pak,0,0,1,suhadi8750,Kita butuh pemimpin yg cerdas muda punya gagasan.bukan yg suka joget joget doang
bewafaaaa52,@suhadi8750 iya harusnya yg pinter ngibul ya,0,0,1,suhadi8750,Kita butuh pemimpin yg cerdas muda punya gagasan.bukan yg suka joget joget doang
jihaanwwwwww,@suhadi8750  msih mending klok gak joget tar dikira patung maniezz,1,0,1,suhadi8750,Kita butuh pemimpin yg cerdas muda punya gagasan.bukan yg suka joget joget doang
2nd.l444,@suhadi8750 mang eak pak minimal tau lah adal usulnya dah tua ko begitu sie🤭,0,0,1,suhadi8750,Kita butuh pemimpin yg cerdas muda punya gagasan.bukan yg suka joget joget doang
melodyamelon_26,@suhadi8750 Lahhh wong anis sama ganjar juga suka joget kok 😂,0,0,1,suhadi8750,Kita butuh pemimpin yg cerdas muda punya gagasan.bukan yg suka joget joget doang
besok_31,@suhadi8750 awas kmu joget😂,0,0,1,suhadi8750,Kita butuh pemimpin yg cerdas muda punya gagasan.bukan yg suka joget joget doang
7.ayur1,@suhadi8750 kita butuh pemimpin yang pandai menjaga negara bukan yg modal bacot doang,0,0,1,suhadi8750,Kita butuh pemimpin yg cerdas muda punya gagasan.bukan yg suka joget joget doang
re_____ckha,"@suhadi8750 pak prabowo juga gak butuh bapak pak pak 😂,, kek bapak gak pernah joget aja ,, atau bapak joget sama biduan dangdut ya",0,0,1,suhadi8750,Kita butuh pemimpin yg cerdas muda punya gagasan.bukan yg suka joget joget doang
badieeshit,@suhadi8750 panassss,0,0,1,suhadi8750,Kita butuh pemimpin yg cerdas muda punya gagasan.bukan yg suka joget joget doang
masyallahnak,@suhadi8750 WKWKWK DAYA TARIK MENARIK PENDUKUNG ITU UDAA LUMRAH DI LAKUKAN EH YG MENARIK 02 PAKE TEHNIK INI SAYANGNYA TEHNIK SLEPET PAK IMIN GAA MENARIK 🤣,0,0,1,suhadi8750,Kita butuh pemimpin yg cerdas muda punya gagasan.bukan yg suka joget joget doang
nzwaaxxz,"@suhadi8750 bapa bego ya?? Emng nya joget joget setiap saat?? Knp si hal apapun tentang prabowo pasti yg buruk nya nyebar giliran prabowo yg positif nya di pendem, kan tolol",0,0,1,suhadi8750,Kita butuh pemimpin yg cerdas muda punya gagasan.bukan yg suka joget joget doang
novarizki1311,"@suhadi8750 bener kita butuh pemimpin yg jago dongeng dan jago merangkai kata ,",0,0,1,suhadi8750,Kita butuh pemimpin yg cerdas muda punya gagasan.bukan yg suka joget joget doang
novarizki1311,@novarizki1311 buat memimpin negeri dongeng,0,0,1,suhadi8750,Kita butuh pemimpin yg cerdas muda punya gagasan.bukan yg suka joget joget doang
nblsll,@suhadi8750 iya loo mending yng jual agama,0,0,1,suhadi8750,Kita butuh pemimpin yg cerdas muda punya gagasan.bukan yg suka joget joget doang
ndayyy_y,@suhadi8750 ga butuh banyak janji juga,0,0,1,suhadi8750,Kita butuh pemimpin yg cerdas muda punya gagasan.bukan yg suka joget joget doang
vyvytaaa,"@suhadi8750 halah taii noh tiktok lu isinya lonte joget""",0,0,1,suhadi8750,Kita butuh pemimpin yg cerdas muda punya gagasan.bukan yg suka joget joget doang
suhadi8750,Bener kata RK KLO pendukung 02 pendidikan menengah ke bawah 😂😂😂😂😂 omongan kasar jorok ga beretika 😂😂,0,0,1,suhadi8750,Kita butuh pemimpin yg cerdas muda punya gagasan.bukan yg suka joget joget doang
vyvytaaa,@suhadi8750 wkwk di gas balik ga terima cuakss,0,0,1,suhadi8750,Kita butuh pemimpin yg cerdas muda punya gagasan.bukan yg suka joget joget doang
cawmay,@suhadi8750 nggk dia klau nggk suka pak😂,0,0,1,suhadi8750,Kita butuh pemimpin yg cerdas muda punya gagasan.bukan yg suka joget joget doang
suhadi8750,@cawmay bener kata RK KLO pendukung 02 pendidikan menengah ke bawah..ngetik bahasa ga jelas 😂😂😂😂😂,0,0,1,suhadi8750,Kita butuh pemimpin yg cerdas muda punya gagasan.bukan yg suka joget joget doang
cawmay,"@suhadi8750  haha wajar aja kali kalau typo pak,bapaknya ajak sok pinter 😂",0,0,1,suhadi8750,Kita butuh pemimpin yg cerdas muda punya gagasan.bukan yg suka joget joget doang
_raayyyaaaa,@suhadi8750 yaaaa drpd menebar janji manis,0,0,1,suhadi8750,Kita butuh pemimpin yg cerdas muda punya gagasan.bukan yg suka joget joget doang
sha.ndut__,@suhadi8750 bnyk pak pemimpin cerdas muda gagasan pak cuman kagak publish liat dulu pak dari dalam nya jangan cuman liat dari luar nya😂,0,0,1,suhadi8750,Kita butuh pemimpin yg cerdas muda punya gagasan.bukan yg suka joget joget doang
meeeeaaa_____,@suhadi8750 cari tuh si anies baswedan juga suka joget dangdut kek d kampung2🤣,0,0,1,suhadi8750,Kita butuh pemimpin yg cerdas muda punya gagasan.bukan yg suka joget joget doang
suhadi8750,@meeeeaaa_____ ... joget joget tpi g kesurupan..😂 kayak si Wowo,0,0,1,suhadi8750,Kita butuh pemimpin yg cerdas muda punya gagasan.bukan yg suka joget joget doang
meeeeaaa_____,@suhadi8750 cobaa tunjukin njingg,0,0,1,suhadi8750,Kita butuh pemimpin yg cerdas muda punya gagasan.bukan yg suka joget joget doang
rani_pricillia12,"@suhadi8750 urus keluarga miskin dulu sana pak ,gagasan gak guna kerja gak ada , pendukung goblok 😂",0,0,1,suhadi8750,Kita butuh pemimpin yg cerdas muda punya gagasan.bukan yg suka joget joget doang
rani_pricillia12,@putri_why_ jadi pengemis terpilih itu rayuan nya😂,0,0,1,suhadi8750,Kita butuh pemimpin yg cerdas muda punya gagasan.bukan yg suka joget joget doang
rani_pricillia12,@erikaa063_ biasa itu pendukung dibekali kata manis doang biasa ngomong kerja gak ada😂,0,0,1,suhadi8750,Kita butuh pemimpin yg cerdas muda punya gagasan.bukan yg suka joget joget doang
audia_________,@suhadi8750 GAPAPA JOGET-JOGET KINERJA NYA UDAH NYATA !! 🔥 DARIPADA PINTER NGOMONG KINERJA 0 🤣,0,0,1,suhadi8750,Kita butuh pemimpin yg cerdas muda punya gagasan.bukan yg suka joget joget doang
rahmadakbarrrr,@suhadi8750 joget joget aja prtahanan indonesia urutan 13 dunia sory udah basi sama calon yang srring bilang kalo menang ini itu ini itu eleh tai kambing,0,0,1,suhadi8750,Kita butuh pemimpin yg cerdas muda punya gagasan.bukan yg suka joget joget doang
sf_0014,@suhadi8750 cerdas tapi klo gak waras ya mikir lagi lah,0,0,1,suhadi8750,Kita butuh pemimpin yg cerdas muda punya gagasan.bukan yg suka joget joget doang
el_imantaka,@libr.aa30 TAPI YANG INI SENANG-SENANG TERUS,0,0,1,suhadi8750,Kita butuh pemimpin yg cerdas muda punya gagasan.bukan yg suka joget joget doang
pejuang_perubahan24,@suhadi8750 Alhamdulilah Ga salah pilih debat ke 1-5 akhir paslon #01 mengusai materi ini lah rekam.jejak pemimpin yg jelas kapasitas nya adalah  tokoh dunia d akui. semua d babad abis materi dan ada solusi yg di tawarankan abah kami bangga menjadi relawan mu. wakanda no more Indonesia forever,0,0,1,suhadi8750,Kita butuh pemimpin yg cerdas muda punya gagasan.bukan yg suka joget joget doang
astrisahar,@suhadi8750 betull bang🔥,0,0,1,suhadi8750,Kita butuh pemimpin yg cerdas muda punya gagasan.bukan yg suka joget joget doang
enls._,"@suhadi8750 kita juga perlu pemimpin yang bisa menyangkal isu penyesatan dan pembawaan agama di politik, punya gagasan g plin-plan, janji banyak terlaksanakan nol, bukan yang suka ngurusin 03 doang 🙌🔥",0,0,1,suhadi8750,Kita butuh pemimpin yg cerdas muda punya gagasan.bukan yg suka joget joget doang
enls._,@suhadi8750 ralat typo 02,0,0,1,suhadi8750,Kita butuh pemimpin yg cerdas muda punya gagasan.bukan yg suka joget joget doang
sylviaachaterina,"@suhadi8750 panas ya pak, minum dulu🤣",1,0,1,suhadi8750,Kita butuh pemimpin yg cerdas muda punya gagasan.bukan yg suka joget joget doang
rmdhniputt,@___ayone___lee buzzer dibayar brp sih hadeuuhh🤣,0,0,1,suhadi8750,Kita butuh pemimpin yg cerdas muda punya gagasan.bukan yg suka joget joget doang
rmdhniputt,@___ayone___lee cebong teriak cebong LOL,0,0,1,suhadi8750,Kita butuh pemimpin yg cerdas muda punya gagasan.bukan yg suka joget joget doang
dikakuhhh__,@suhadi8750 imam Mahdi? Yohannes baswedan? Kalau ga milih dosa? Politik bawa agama?,0,0,1,suhadi8750,Kita butuh pemimpin yg cerdas muda punya gagasan.bukan yg suka joget joget doang
suhadi8750,@muhammaddika10________ bener kata RK KLO pendukung 02 pendidikan menengah ke bawah ini contoh Nya.😂 Imam Mahdi itu musuh Dajjal berarti KLO ga suka sama Anis itu Dajjal 😂😂😂😂,0,0,1,suhadi8750,Kita butuh pemimpin yg cerdas muda punya gagasan.bukan yg suka joget joget doang
dikakuhhh__,@suhadi8750 lahh udah tua inget umur siapa yang bilang Anis kau itu imam Mahdi pendukung 01 sendiri elu pendidikan menengah kebawah coba orng orng Anis akalnya dicek dulu bapak dulu deh di cek akalnya,0,0,1,suhadi8750,Kita butuh pemimpin yg cerdas muda punya gagasan.bukan yg suka joget joget doang
suhadi8750,@muhammaddika10________ kenapa nyebut nyebut Imam Mahdi... yg tua itu Prabowo 😂😂😂,0,0,1,suhadi8750,Kita butuh pemimpin yg cerdas muda punya gagasan.bukan yg suka joget joget doang
dikakuhhh__,@suhadi8750 panas sampe bilangin kubuh 02 Anies kau Dajjal jelas jelas beredar video nya om wkwkwk lucu sekali anda ini sampe bilang pendidikan menengah kebawah seharusnya anda yang pendidikan nya menengah kebawah,0,0,1,suhadi8750,Kita butuh pemimpin yg cerdas muda punya gagasan.bukan yg suka joget joget doang
dikakuhhh__,@suhadi8750 lain dijawabnya pada hilang akal kubu 01 wwk,0,0,1,suhadi8750,Kita butuh pemimpin yg cerdas muda punya gagasan.bukan yg suka joget joget doang
dikakuhhh__,@suhadi8750 orang yng susah dinasehati 1 judi online 2 mabok 3 pendukung Anis wesedan🥱,0,0,1,suhadi8750,Kita butuh pemimpin yg cerdas muda punya gagasan.bukan yg suka joget joget doang
hamidahnst.29,"@suhadi8750 Prabowo Ama Anis jauh banget wkwk Anis mah piyikan nya Prabowo tanpa Prabowo Anis itu bukan siapa² pentingnya cari tau dlu bukan asal jeplak wkwk,soal cerdas jauh cerdasan Prabowo,gagasan?sorry Yee 02 gagasannya luas gagasan Anis cetek,gapapa suka jovet² daripada suka ngebully tong kosong nyaring bunyinya 😂",0,0,1,suhadi8750,Kita butuh pemimpin yg cerdas muda punya gagasan.bukan yg suka joget joget doang
linxyx__,"@suhadi8750 kita juga butuh pemimpin yg nggk jadiin agama buat kampanye gk jelas,pke bilang yg beragama islam kalo gk pilih anies ntar dosa.lh apa hubungannya masa emg dia siapa cuman Muhammadiyah doang",0,0,1,suhadi8750,Kita butuh pemimpin yg cerdas muda punya gagasan.bukan yg suka joget joget doang
ryanadew,@suhadi8750 ihh bapak mending out deh keknya salah lapak. Sana gih hus hus husssss,0,0,1,suhadi8750,Kita butuh pemimpin yg cerdas muda punya gagasan.bukan yg suka joget joget doang
suriadisuriyani,@suhadi8750 maklum banyakn anak tiktok🤪😀,0,0,1,suhadi8750,Kita butuh pemimpin yg cerdas muda punya gagasan.bukan yg suka joget joget doang
utthy.nhata_20,@suhadi8750 bkn yg jual2 agama,0,0,1,suhadi8750,Kita butuh pemimpin yg cerdas muda punya gagasan.bukan yg suka joget joget doang
nievwaaa,@suhadi8750 alah joget itu hal biasa karena buat have fun bukan setiap saat joget kayak dangdutan,0,0,1,suhadi8750,Kita butuh pemimpin yg cerdas muda punya gagasan.bukan yg suka joget joget doang
desmaranda_,@suhadi8750 bacot penikmat bpjs lu,0,0,1,suhadi8750,Kita butuh pemimpin yg cerdas muda punya gagasan.bukan yg suka joget joget doang
suhadi8750,Bener kata RK KLO pendukung 02 pendidikan menengah ke bawah ini contoh Nya ngomong asal bacot KLO BPJS itu program pemerintah. 😂😂😂😂,0,0,1,suhadi8750,Kita butuh pemimpin yg cerdas muda punya gagasan.bukan yg suka joget joget doang
sbilanrk__,@suhadi8750 untung org pinter,0,0,1,suhadi8750,Kita butuh pemimpin yg cerdas muda punya gagasan.bukan yg suka joget joget doang
anggunfnxt,@___ayone___lee lah yg penting bersih dari hutang situ rumah aja masih kredit gmn nanti buat masyarakatnya,0,0,1,suhadi8750,Kita butuh pemimpin yg cerdas muda punya gagasan.bukan yg suka joget joget doang
suhadi8750,@___ayone___lee ..ga jelas ngetik Nya 😂😂😂,0,0,1,suhadi8750,Kita butuh pemimpin yg cerdas muda punya gagasan.bukan yg suka joget joget doang
njrlrmnd,@suhadi8750 dari pada suka jual agama😜,0,0,1,suhadi8750,Kita butuh pemimpin yg cerdas muda punya gagasan.bukan yg suka joget joget doang
iwanbbs,@suhadi8750 bisanya mengandalkan orang . ilmunya blm sampe. cuman sudah ambisi jdi pemimpin . maklum aja bang,0,0,1,suhadi8750,Kita butuh pemimpin yg cerdas muda punya gagasan.bukan yg suka joget joget doang
_feralde,@suhadi8750 bacot he orang tua pikun😂,0,0,1,suhadi8750,Kita butuh pemimpin yg cerdas muda punya gagasan.bukan yg suka joget joget doang
whysterflay,@suhadi8750 kita ga butuh pemimpin yg juma janji manis doang🤣🤣🤣,1,0,1,suhadi8750,Kita butuh pemimpin yg cerdas muda punya gagasan.bukan yg suka joget joget doang
anjusetiawan1310,@suhadi8750 Kita Butuh Pemimpin Yang Mengemban Amanat Bukan Penghianat 👏👏,0,0,1,suhadi8750,Kita butuh pemimpin yg cerdas muda punya gagasan.bukan yg suka joget joget doang
suhadi8750,@anjusetiawan1310 betul Kita dulu di khianati Prabowo janji timbul tenggelam bersama rakyat pendukung Nya eh malah melamar jadi menhan... jadi siapa yg berkhianat paham kan 😂😂😂😂,0,0,1,suhadi8750,Kita butuh pemimpin yg cerdas muda punya gagasan.bukan yg suka joget joget doang
suhadi8750,@xcrazy_2992 saya blm cukup umur saya ga mau melanggar konstitusi. 😂😂😂😂,0,0,1,suhadi8750,Kita butuh pemimpin yg cerdas muda punya gagasan.bukan yg suka joget joget doang
tassolshoppe_tjuban,@suhadi8750 salam perubahan semoga pak anies menang 🇮🇩,0,0,1,suhadi8750,Kita butuh pemimpin yg cerdas muda punya gagasan.bukan yg suka joget joget doang
einbaruu,@suhadi8750 kita butuh pemimpin yang kerja nyata bukan tebar janji manis doang,0,0,1,suhadi8750,Kita butuh pemimpin yg cerdas muda punya gagasan.bukan yg suka joget joget doang
febnrhmaw__,@suhadi8750 yg penting santuy di lemesin aja brodi ga usah repot sana sini biar keliatan wah😂,0,0,1,suhadi8750,Kita butuh pemimpin yg cerdas muda punya gagasan.bukan yg suka joget joget doang
trisuaka_1604,"@suhadi8750 bacot lo binatang , kalah mah kalah aja gak usah bacot",0,0,1,suhadi8750,Kita butuh pemimpin yg cerdas muda punya gagasan.bukan yg suka joget joget doang
suhadi8750,@auliabila_02 .. binatang ngomong binatang 😂,0,0,1,suhadi8750,Kita butuh pemimpin yg cerdas muda punya gagasan.bukan yg suka joget joget doang
pandu_ajah_86,All in prabowo❤️❤️❤️❤️❤️,0,0,0,,
khalidabj47,nanti indonesi di kasih gimik jogedan rakyat nya..😂,7,0,0,,
yaniati5531,Dukung terus Pak Prabowo Ginran,0,0,0,,
kimcunghuy,"Kita butuh pemimpin, bukan maskot",1668,126,0,,
rahayuselpia,@kimcunghuy  iya inn,5,0,1,kimcunghuy,"Kita butuh pemimpin, bukan maskot"
ygeminigirl94,"@kimcunghuy dih, berisik 😒😏",8,0,1,kimcunghuy,"Kita butuh pemimpin, bukan maskot"
jastinalfredo7,"@kimcunghuy kita butuh pemimpin,bukan nyindir²😜",18,0,1,kimcunghuy,"Kita butuh pemimpin, bukan maskot"
toskyyyyyy,@kimcunghuy kita butuh yang kerja bukan yang banyak bacot,10,0,1,kimcunghuy,"Kita butuh pemimpin, bukan maskot"
chaisyah27,@kimcunghuy kaaaak wkwkw 😭😭,3,0,1,kimcunghuy,"Kita butuh pemimpin, bukan maskot"
chaisyah27,@harsya204 kerja untuk menaikkan pajak rakyat ngga dulu,8,0,1,kimcunghuy,"Kita butuh pemimpin, bukan maskot"
toskyyyyyy,@chaisyah27 bayar dulu gaji pns yang di pinjem,2,0,1,kimcunghuy,"Kita butuh pemimpin, bukan maskot"
chaisyah27,"@harsya204 ga merasa tuh 😂 , bayar dulu utang yg habis nge thrift",5,0,1,kimcunghuy,"Kita butuh pemimpin, bukan maskot"
hafizbaskoro_,@kimcunghuy betul👏👏👏👏,1,0,1,kimcunghuy,"Kita butuh pemimpin, bukan maskot"
huzaifah77,@kimcunghuy waduh waduh para sih😂,1,0,1,kimcunghuy,"Kita butuh pemimpin, bukan maskot"
kimcunghuy,@yohannicaf si paling maskot,1,0,1,kimcunghuy,"Kita butuh pemimpin, bukan maskot"
kimcunghuy,@jastinalfredo7 bilang ke Jokowi. Yg nyontohin kan dia di debat pilpres sebelumnya,0,0,1,kimcunghuy,"Kita butuh pemimpin, bukan maskot"
kimcunghuy,"@harsya204 yaudah pilih mesin pabrik aja bang. Banyak kerja ga banyak bacot. Daripada yg ini. G bisa kerja, ga bisa ngomong. Cuma ngandelin bapak",0,0,1,kimcunghuy,"Kita butuh pemimpin, bukan maskot"
kimcunghuy,@yohannicaf nah ngerasa,0,0,1,kimcunghuy,"Kita butuh pemimpin, bukan maskot"
kimcunghuy,@yohannicaf harusnya joget2 di acara taman hiburan. Bukan di acara formal kaya pilpres. Salah acara emang nih maskot,0,0,1,kimcunghuy,"Kita butuh pemimpin, bukan maskot"
kimcunghuy,@yohannicaf oh,0,0,1,kimcunghuy,"Kita butuh pemimpin, bukan maskot"
toskyyyyyy,@kimcunghuy kenapa jadi mesin pabrik bodoo,0,0,1,kimcunghuy,"Kita butuh pemimpin, bukan maskot"
cis_indonesia,@kimcunghuy jadi boneka sukses cari suara ternyata,0,0,1,kimcunghuy,"Kita butuh pemimpin, bukan maskot"
utiikhaaaa05,"@kimcunghuy kita butuh pemimpin kak,bukan yang suka nonton bok""""""p😂😂😂😂",0,0,1,kimcunghuy,"Kita butuh pemimpin, bukan maskot"
kimcunghuy,@harsya204 lu butuh yg g banyak omong cuma bisa kerja kan. Ya mesin lah. Ga banyak omong karena g punya otak. Apa jangan2 lu anggap junjungan lu sama,0,0,1,kimcunghuy,"Kita butuh pemimpin, bukan maskot"
kimcunghuy,@cis_indonesia boneka maskot joget2,0,0,1,kimcunghuy,"Kita butuh pemimpin, bukan maskot"
kimcunghuy,"@cis_indonesia ya maklum lah, penontonya kaum balita semua. Ada boneka joget malah ikut joget2. Balita kan?",0,0,1,kimcunghuy,"Kita butuh pemimpin, bukan maskot"
kimcunghuy,@ciputtt00__ makanya pilih orang berpendidikan,0,0,1,kimcunghuy,"Kita butuh pemimpin, bukan maskot"
utiikhaaaa05,"@kimcunghuy mana bisa saya ikutin pilihan kamu 😂😂😂😂 semua orang berhak memilih dan nentukan siapa pilihannya,berpendidikan tinggi sekalipun kalau dia gakpunya attitude gimana itu coba,masa iya pilih presiden yang menjatuhkan ornaglain wkwkk,nanti pas jadi presiden menjatuhkan rakyat pulak,kan gak cocok😂😂",0,0,1,kimcunghuy,"Kita butuh pemimpin, bukan maskot"
radenardi12,@kimcunghuy maskot mah bisa dimuseumkan 😂😂😂,0,0,1,kimcunghuy,"Kita butuh pemimpin, bukan maskot"
ibriantono,@kimcunghuy hahahaha 😂,0,0,1,kimcunghuy,"Kita butuh pemimpin, bukan maskot"
kimcunghuy,"@ciputtt00__ lah, orang Jokowi udh lebih dulu mencontohkan. Persis yg pa anies sampaikan, adalah yg pa Jokowi sampaikan di debat pilpres sebelumnya. Dan pa anies mengingatkan kembali. Tinggal bantah aja dengan data lagi kalau emang salah. Bukanya nangis dan nyebut goblok di belakang. Patriot kok ngomongnya di belakang? Patut d pertanyakan",0,0,1,kimcunghuy,"Kita butuh pemimpin, bukan maskot"
kimcunghuy,"@radenardi12 kaya nya salah acara. Harusnya acara pemilihan maskot seagame, pengganti Modo Ama Modi. Secara Modo Ama Modi emang kurang atraktif sebagai maskot.",0,0,1,kimcunghuy,"Kita butuh pemimpin, bukan maskot"
sri.hrtti_,@kimcunghuy kalau ngga mendukung ngga usah berisik,0,0,1,kimcunghuy,"Kita butuh pemimpin, bukan maskot"
tryharyono6,@kimcunghuy 😂😂,1,0,1,kimcunghuy,"Kita butuh pemimpin, bukan maskot"
dheleopratama_20,@kimcunghuy SDMRendah,0,0,1,kimcunghuy,"Kita butuh pemimpin, bukan maskot"
gheasadiya,@kimcunghuy gk di ajak 😂,0,0,1,kimcunghuy,"Kita butuh pemimpin, bukan maskot"
elsanrlafifah_,@kimcunghuy kmha mnh,0,0,1,kimcunghuy,"Kita butuh pemimpin, bukan maskot"
kimcunghuy,@sri.hrtti_ fakta!,0,0,1,kimcunghuy,"Kita butuh pemimpin, bukan maskot"
kimcunghuy,"Betul, di kasih joget doang udh pada senang kelojotan",0,0,1,kimcunghuy,"Kita butuh pemimpin, bukan maskot"
kimcunghuy,@gheasadiya siapa yg mau dukung badut?,0,0,1,kimcunghuy,"Kita butuh pemimpin, bukan maskot"
kimcunghuy,@elsanrlafifah_ kmh aing,0,0,1,kimcunghuy,"Kita butuh pemimpin, bukan maskot"
joytamaa,@kimcunghuy Buahaha kepikiran Bang 😂,1,0,1,kimcunghuy,"Kita butuh pemimpin, bukan maskot"
gioputrasarnando,"@kimcunghuy kecee,",1,0,1,kimcunghuy,"Kita butuh pemimpin, bukan maskot"
kimcunghuy,@joytamaa harusnya nanti pas Asian games ya. Pengganti Modo Modi.,1,0,1,kimcunghuy,"Kita butuh pemimpin, bukan maskot"
nisaindahg,@kimcunghuy lebih ke badut sih😂,1,0,1,kimcunghuy,"Kita butuh pemimpin, bukan maskot"
abdi_hrnawan,"@kimcunghuy haha ngomongin butuh ini itu la ,ujung ujung ny butuh sembako smpe ngantri ngantri",0,0,1,kimcunghuy,"Kita butuh pemimpin, bukan maskot"
bogeng759,@jastinalfredo7 lah awowok itu mahh🤣,0,0,1,kimcunghuy,"Kita butuh pemimpin, bukan maskot"
kimcunghuy,@m.pegangsaan yg g punya iman g usah komen agama,0,0,1,kimcunghuy,"Kita butuh pemimpin, bukan maskot"
kimcunghuy,Lu makan batu ya?,0,0,1,kimcunghuy,"Kita butuh pemimpin, bukan maskot"
kimcunghuy,@m.pegangsaan fitnahan Lo kaya odgj bong. Halu,0,0,1,kimcunghuy,"Kita butuh pemimpin, bukan maskot"
kimcunghuy,@m.pegangsaan tanggung aja akhirat lu bong,0,0,1,kimcunghuy,"Kita butuh pemimpin, bukan maskot"
kimcunghuy,@m.pegangsaan kalau g punya iman dan g ngerti agama. G usah sok tau bong. Udh minum obat belum BPK odgj? Bentar lagi lu di kasih hak buat milih. Jangan sampai ngamuk d TPS ya,0,0,1,kimcunghuy,"Kita butuh pemimpin, bukan maskot"
kimcunghuy,@m.pegangsaan belajar agama dulu bong. Fahami yg namanya keimanan. Tapi kaum kaya lu g bakalan ngerti sih. Ngerti nya kalo di lempar tulang. Baru kibas2 ekor,0,0,1,kimcunghuy,"Kita butuh pemimpin, bukan maskot"
kimcunghuy,@m.pegangsaan ngaca Chung. Yg Londo Ireng pecinta ketek penguasa siapa? Penjilat itu kaum pecinta ketek penguasa. Yg gitu aja g faham boong bong,0,0,1,kimcunghuy,"Kita butuh pemimpin, bukan maskot"
kimcunghuy,"@m.pegangsaan lah, secara lu ngedukung pelaku kriminal nepotisme, tapi mengali2 kesalahan orang yg banyak prestasinya. Kan konyol",0,0,1,kimcunghuy,"Kita butuh pemimpin, bukan maskot"
kimcunghuy,@m.pegangsaan ngomong agama sama orang g ngerti iman g bakal nyambung. Gua bukan rasul,0,0,1,kimcunghuy,"Kita butuh pemimpin, bukan maskot"
zaahra.st,@kimcunghuy bodo amay,0,0,1,kimcunghuy,"Kita butuh pemimpin, bukan maskot"
2nd.l444,@kimcunghuy muka lu maskot miksu noh,0,0,1,kimcunghuy,"Kita butuh pemimpin, bukan maskot"
sall3383,@harsya204 kita butuh pemimpin yang kerja bukan joget joget,1,0,1,kimcunghuy,"Kita butuh pemimpin, bukan maskot"
abdi_hrnawan,"@abdi_hrnawan bnyk bct lu ,g jelas kek anies",0,0,1,kimcunghuy,"Kita butuh pemimpin, bukan maskot"
nanadnadiaaaaaa,@kimcunghuy bener,1,0,1,kimcunghuy,"Kita butuh pemimpin, bukan maskot"
kimcunghuy,Secretsshitzzz____ eh ada anjing piaraan si maskot. Pengen keliatan tampil ya biar di elus dan di puji2,0,0,1,kimcunghuy,"Kita butuh pemimpin, bukan maskot"
kimcunghuy,Emang lu bodo salah milih acara,0,0,1,kimcunghuy,"Kita butuh pemimpin, bukan maskot"
badieeshit,@kimcunghuy panassss,1,0,1,kimcunghuy,"Kita butuh pemimpin, bukan maskot"
masyallahnak,@kimcunghuy YAKAN UDAA LUMRAH KALO NYALON CARI DAYA TARIK BIAR MENARIK YAA INI TEHNIK YG MENARIK DSRI 02 SOALNYA KALO SLEPET DARI PAK IMIN TEHNIKNYA KURANG MENARIK😂,0,0,1,kimcunghuy,"Kita butuh pemimpin, bukan maskot"
kimcunghuy,@masyallahnak salah acara Mpok. Harusnya ikutan pemilihan maskot aja. Cocok banget banget banget cocok,0,0,1,kimcunghuy,"Kita butuh pemimpin, bukan maskot"
masyallahnak,@kimcunghuy wkwkwk gini gini kalo ga ngerti yg namanya tehnik daya tarik wkwkw kenapaa karna daya tarik slepet pak Imin ga menarik awww🤣,0,0,1,kimcunghuy,"Kita butuh pemimpin, bukan maskot"
eka_sfitri06,@kimcunghuy senyumin aja 😊✌️,0,0,1,kimcunghuy,"Kita butuh pemimpin, bukan maskot"
novarizki1311,"@kimcunghuy kita butuh pemimpin tegas bukan manipulatif ,halusinasi ,dan yg suka fitnah",0,0,1,kimcunghuy,"Kita butuh pemimpin, bukan maskot"
kimcunghuy,@novarizki1311 Jokowi maksudnya?,0,0,1,kimcunghuy,"Kita butuh pemimpin, bukan maskot"
novarizki1311,@kimcunghuy ya bukan lah setidak baik nya beliau ga suka fitnah2 cuma untuk menjatuhkan orang lain,0,0,1,kimcunghuy,"Kita butuh pemimpin, bukan maskot"
kimcunghuy,"@novarizki1311 lah, terus siapa lagi si tukang fitnah? Dari 01 g ada tuh",0,0,1,kimcunghuy,"Kita butuh pemimpin, bukan maskot"
muhammadrizkyrizaldi1,@kimcunghuy maskot kan ada di paslon no 01 sama 03😂😂,0,0,1,kimcunghuy,"Kita butuh pemimpin, bukan maskot"
_raayyyaaaa,@kimcunghuy iya tah,0,0,1,kimcunghuy,"Kita butuh pemimpin, bukan maskot"
kimcunghuy,@bbcteambbc 😂😂😂😂 02 otaknya parah dah,0,0,1,kimcunghuy,"Kita butuh pemimpin, bukan maskot"
_ciiputriiiiiii,@kimcunghuy kits butuh pemimpin bukan orang yang jual agama demi jabatan 😂,0,0,1,kimcunghuy,"Kita butuh pemimpin, bukan maskot"
muhammadrizkyrizaldi1,@kimcunghuy 01 sama paslon nya sama aja pinter omon omon,0,0,1,kimcunghuy,"Kita butuh pemimpin, bukan maskot"
kimcunghuy,"@bbcteambbc Paslon 01 belum bisa omon omon, bisanya nangis Ama tantrum doang. Otokotokotok",0,0,1,kimcunghuy,"Kita butuh pemimpin, bukan maskot"
syahetzsch_,@kimcunghuy hahahahaha,0,0,1,kimcunghuy,"Kita butuh pemimpin, bukan maskot"
shbtcerita.fashion,@kimcunghuy nahh kok betulll😍,1,0,1,kimcunghuy,"Kita butuh pemimpin, bukan maskot"
d.agistryadi,@kimcunghuy badut 😂,0,0,1,kimcunghuy,"Kita butuh pemimpin, bukan maskot"
nthliieeaa,"@kimcunghuy hidup jangan dibawa serius sayy,ini cuma hiburan buat para pendukung 02,klo panas diem didalem kulkas ademm🤪🤪🤪🤪",0,0,1,kimcunghuy,"Kita butuh pemimpin, bukan maskot"
sylviaachaterina,@kimcunghuy diam luu gk diajak njirr,0,0,1,kimcunghuy,"Kita butuh pemimpin, bukan maskot"
kimcunghuy,"@sylviaachaterina lah, ini urusan negara gua",0,0,1,kimcunghuy,"Kita butuh pemimpin, bukan maskot"
kimcunghuy,@caaaaa.09 berarti emang harusnya ikut kontes maskot biar bercandanya bebas g ada yg ganggu. Ngurus negara tuh urusan serius coy. Kalo mau bercanda beda acara.,0,0,1,kimcunghuy,"Kita butuh pemimpin, bukan maskot"
kimcunghuy,@dimas_agistryadi cocok,0,0,1,kimcunghuy,"Kita butuh pemimpin, bukan maskot"
sylviaachaterina,@kimcunghuy lah kok ngamok🤣,0,0,1,kimcunghuy,"Kita butuh pemimpin, bukan maskot"
ilhamihamdi_sr,@kimcunghuy kita butuh presiden bukan guru ngaji🔥,0,0,1,kimcunghuy,"Kita butuh pemimpin, bukan maskot"
wirdaa_20,@kimcunghuy kami butuh pemimpin bukan sales sempak,0,0,1,kimcunghuy,"Kita butuh pemimpin, bukan maskot"
hamidahnst.29,@kimcunghuy mukanya jlk sama Kya hatinya Anis rata penduduk 01 mah munafik semua Ampe jual agama SMA ulama haha eeek,0,0,1,kimcunghuy,"Kita butuh pemimpin, bukan maskot"
_massokerrr_,@kimcunghuy idihhh berisik lu mending tidur aja,0,0,1,kimcunghuy,"Kita butuh pemimpin, bukan maskot"
kimcunghuy,@wirdaa_20 02 banget,0,0,1,kimcunghuy,"Kita butuh pemimpin, bukan maskot"
kimcunghuy,@ilhamihamdi_sr SDM rendah banget😂😂😂 g mikir asal mangap ni orang😂,0,0,1,kimcunghuy,"Kita butuh pemimpin, bukan maskot"
kimcunghuy,@sylviaachaterina siapa yg ngamok? Jih ketawa g jelas odgj ya bang,0,0,1,kimcunghuy,"Kita butuh pemimpin, bukan maskot"
ilhamihamdi_sr,"@kimcunghuy lu ngomong apa sih gk jelas anying,sama kaya calon nya banyak omon omon doang😂",1,0,1,kimcunghuy,"Kita butuh pemimpin, bukan maskot"
xdrlstr._,@kimcunghuy kita butuh pemimpin bukan yang bawa bawa agama wkwk tolol,0,0,1,kimcunghuy,"Kita butuh pemimpin, bukan maskot"
jktonsunday_,@kimcunghuy serius tapi gua liat muka lu cocok banget bang jadi maskot,0,0,1,kimcunghuy,"Kita butuh pemimpin, bukan maskot"
arioyanuarr,@kimcunghuy @b.raihan.lubis @rhdalghifari 😂,1,0,1,kimcunghuy,"Kita butuh pemimpin, bukan maskot"
rhdalghifari,@ariorizkyy maskot buat mukbang,1,0,1,kimcunghuy,"Kita butuh pemimpin, bukan maskot"
kimcunghuy,@lalaaaa_antnio ga masalah yg penting gua jujur dan taat hukum. Bukan penjahat konstitusi,0,0,1,kimcunghuy,"Kita butuh pemimpin, bukan maskot"
kimcunghuy,"@ilhamihamdi_sr ya namanya orang berwawasan, pasti banyak ilmu yg bisa disampaikan. Bukan cuma joget2, nangis Ama tantrum doanh",0,0,1,kimcunghuy,"Kita butuh pemimpin, bukan maskot"
yogaa_sptraaa00,@kimcunghuy 02 mah badut,0,0,1,kimcunghuy,"Kita butuh pemimpin, bukan maskot"
jktonsunday_,"@kimcunghuy penjahat darimananya,lol",0,0,1,kimcunghuy,"Kita butuh pemimpin, bukan maskot"
nurcahaya2197,@kimcunghuy kita butuh pemimpin bukan org yg udh di baptis tpi agama Islam 🥴🤭🤪,0,0,1,kimcunghuy,"Kita butuh pemimpin, bukan maskot"
fannyhafifa05_,@kimcunghuy hahahahah kek penari lc cuk,0,0,1,kimcunghuy,"Kita butuh pemimpin, bukan maskot"
nthliieeaa,@kimcunghuy lah ya bebas dong orang ini cuma hiburan toh bukan lagi acara serius🙀,0,0,1,kimcunghuy,"Kita butuh pemimpin, bukan maskot"
kimcunghuy,@su.nsh_ine konyol kan,1,0,1,kimcunghuy,"Kita butuh pemimpin, bukan maskot"
kimcunghuy,@caaaaa.09 pilpres itu hiburan ya? Kalian salah tempat bong. Harusnya ke pemilihan maskot hiburan mah,0,0,1,kimcunghuy,"Kita butuh pemimpin, bukan maskot"
qqbeea_,@kimcunghuy najisss,0,0,1,kimcunghuy,"Kita butuh pemimpin, bukan maskot"
gifaryabbas,@kimcunghuy 😂😂,0,0,1,kimcunghuy,"Kita butuh pemimpin, bukan maskot"
sussaaan_,Wahhhh all in ga nih?? 🔥,0,0,0,,
miftah_auztin,Lelucon apa lagi ini🔥,0,0,0,,
rendi_nurzid,Coba sebutkan alasan saya harus pilih 02,0,3,0,,
dadansopian_,"@rendi_nurzid tak pandai merangkai kata, pandainya kerja nyata wkwkw",0,0,1,rendi_nurzid,Coba sebutkan alasan saya harus pilih 02
p2npqtc_,@rendi_nurzid janji ga ngasih rate 11/100 sama orang yang dipecat dari Mentri pendidikan karena ga becus kerja wkwkwk🙌,1,0,1,rendi_nurzid,Coba sebutkan alasan saya harus pilih 02
dadansopian_,@p2npqtc_ 🔥🔥🔥,1,0,1,rendi_nurzid,Coba sebutkan alasan saya harus pilih 02
putra_bambu123,Guru senam apa??,267,11,0,,
ygeminigirl94,@putra_bambu123 berisik,1,0,1,putra_bambu123,Guru senam apa??
mfr_ucup,@ygeminigirl94 digaji berapa kau gaji anjg jkw?,1,0,1,putra_bambu123,Guru senam apa??
ygeminigirl94,"@mfr_ucup mulutmu sudah sangat terlatih untuk berkata kotor, tidak heran jika hatimu ikutan kotor 😂",1,0,1,putra_bambu123,Guru senam apa??
mfr_ucup,@ygeminigirl94 lain di tanya lain pula yg dibahas nak hasil kndm bocor,1,0,1,putra_bambu123,Guru senam apa??
secc.aldy_,@putra_bambu123 bukaan guru ngibul,1,0,1,putra_bambu123,Guru senam apa??
ayiisiregar,@putra_bambu123 senam urat malu 😂😂😂😂😂,2,0,1,putra_bambu123,Guru senam apa??
libr.aa30,@putra_bambu123 gak liat tuh istri sebelah jadi pemandu senam🤣🤣,1,0,1,putra_bambu123,Guru senam apa??
ygeminigirl94,"@mfr_ucup gk ngurusi pendapatmu, gk penting 😝😂😂",0,0,1,putra_bambu123,Guru senam apa??
dheleopratama_20,@putra_bambu123 SDMRendah,0,0,1,putra_bambu123,Guru senam apa??
hamidahnst.29,"@putra_bambu123 semunya guru senam bukan 02 doang yg joget,maknya Jagan liat jogetnya doang malu apa malu wkwk ngapa pada munafik si yaa pendukung nya si Anis yg banyak utang banyak janji ga ada tindakan dan rumah masih nyicil malu,soal bayar iyalah mna sanggup dia utang dah numpuk",0,0,1,putra_bambu123,Guru senam apa??
lavenia4248,"@putra_bambu123 jangan usil,kami lagi senang,insyaallah 02 satu putaran",0,0,1,putra_bambu123,Guru senam apa??
tobing16_edy,Gaskeunn.....,0,0,0,,
phyyarr,Cahaya cinta azzura ko ga tayang lagi @fero_walandouw,0,0,0,,
itsmeardha,Gak ngerti gmn konsep kampanye nya ini 🤔,1481,136,0,,
ygeminigirl94,"@itsmeardha belajar, biar ngerti 😝😂😂",53,0,1,itsmeardha,Gak ngerti gmn konsep kampanye nya ini 🤔
itsmeardha,"@ygeminigirl94 blajar JOGED mksd nya? Ahhh gmn gmn , apa yg perlu dipelajari? 🙄",34,0,1,itsmeardha,Gak ngerti gmn konsep kampanye nya ini 🤔
ygeminigirl94,"@itsmeardha pengetahuanmu, dasar 🤐",23,0,1,itsmeardha,Gak ngerti gmn konsep kampanye nya ini 🤔
itsmeardha,"@ygeminigirl94 mau jwb lg, eehh males aahh akun bodong ternyata lg kerja 😂",17,0,1,itsmeardha,Gak ngerti gmn konsep kampanye nya ini 🤔
ygeminigirl94,"@itsmeardha kepo ya 😝, atau nyerah atau kalah 😂😂",5,0,1,itsmeardha,Gak ngerti gmn konsep kampanye nya ini 🤔
itsmeardha,"@ygeminigirl94 yaelah jawaban lo aj gk nyambung ..., ditanya apa yg perlu dipelajari, ehh jawabnya pengetahuanmu... kan ketauan bgt zonk nya 😂",22,0,1,itsmeardha,Gak ngerti gmn konsep kampanye nya ini 🤔
ygeminigirl94,"@itsmeardha 😂😂 bod, eh eh 🤐😝",1,0,1,itsmeardha,Gak ngerti gmn konsep kampanye nya ini 🤔
itsmeardha,@ygeminigirl94 nyari duit gitu amat kasiaann,13,0,1,itsmeardha,Gak ngerti gmn konsep kampanye nya ini 🤔
ygeminigirl94,"@itsmeardha iihhh sok tau lu, 🤐😝",3,0,1,itsmeardha,Gak ngerti gmn konsep kampanye nya ini 🤔
selvya_26,"@itsmeardha konsep nya cuma joget"" yg gk ada faedahnya ..😢",8,0,1,itsmeardha,Gak ngerti gmn konsep kampanye nya ini 🤔
si_ana04,@itsmeardha lah mending ini dr pada kampanye  main nya baptis bawa2 agama lawak,5,0,1,itsmeardha,Gak ngerti gmn konsep kampanye nya ini 🤔
itsmeardha,Situ yg lawak.. kl mau komen baca dl cari fakta .. eehh tapi kan emg suka nya yg hoax yaa #uuppsss,5,0,1,itsmeardha,Gak ngerti gmn konsep kampanye nya ini 🤔
si_ana04,"@itsmeardha Agus takut buk,,yg lebih lawak itu di katain Sholeh ternyata di baptis di kasih nama Yohanes،piye mba",1,0,1,itsmeardha,Gak ngerti gmn konsep kampanye nya ini 🤔
itsmeardha,"Yaelah bisanya ngetik gt doang .  Disuruh cari fakta jg.  Ehhh iya kan emg nyari nya emg yg hoax, lupaa 😆",5,0,1,itsmeardha,Gak ngerti gmn konsep kampanye nya ini 🤔
auapaah.nf,"@itsmeardha lha sebelah bawa² agama gimana tuh,jangan buta fakta y bocah",0,0,1,itsmeardha,Gak ngerti gmn konsep kampanye nya ini 🤔
itsmeardha,Sebelah mana? Bu khofifah mksd nya? Yg kmrn sholat bareng ibu2? 😮,2,0,1,itsmeardha,Gak ngerti gmn konsep kampanye nya ini 🤔
itsmeardha,sholawat bareng ibu2 NU...,1,0,1,itsmeardha,Gak ngerti gmn konsep kampanye nya ini 🤔
fanzaayn,"@itsmeardha konsepnya bagus tapi lingkungan nya gak cocok di ranah politik , orang cari pemimpin itu dari gagasan, bukan joged² kan , mungkin yang di gaungkan mungkin politik riang gembira, tapi gembira yang gimana dluu😂😂😂 udah jngan komen di sini bang, nanti lu di serang , sarangnya di sini",5,0,1,itsmeardha,Gak ngerti gmn konsep kampanye nya ini 🤔
auapaah.nf,"@itsmeardha lha buta map kah,ga liat sebelah bawa² ayat suci al-quran",0,0,1,itsmeardha,Gak ngerti gmn konsep kampanye nya ini 🤔
auapaah.nf,"@itsmeardha lhu kalo ga 1 ye 3,debat sama gw sini sampe subuh gw jabanin",0,0,1,itsmeardha,Gak ngerti gmn konsep kampanye nya ini 🤔
auapaah.nf,@itsmeardha atau cod an sini gw samperin lhu,0,0,1,itsmeardha,Gak ngerti gmn konsep kampanye nya ini 🤔
itsmeardha,"Sebelah mana ? Pak ahok yg dulu itu? Itu mah udh berlalu, jgn diungkit lagi..",1,0,1,itsmeardha,Gak ngerti gmn konsep kampanye nya ini 🤔
itsmeardha,Pak ahok jg gk maksud menghina kok dulu itu kan.. basi aahh...,1,0,1,itsmeardha,Gak ngerti gmn konsep kampanye nya ini 🤔
itsmeardha,"Hahahah mirip banget sm yg didukung, demennya ngajak ketemuan diluar forum 😂",2,0,1,itsmeardha,Gak ngerti gmn konsep kampanye nya ini 🤔
abdullatif.an,"@itsmeardha rakyat kita SDM rendah, memang gitu caranya, bagi kaos, kasih amplop, kasih beras. Kampanye pembodohan dan penghinaan rakyat",0,0,1,itsmeardha,Gak ngerti gmn konsep kampanye nya ini 🤔
kaa_rosiinta,"@itsmeardha lagi olah raga itu, biar sehat wal afiat😂",0,0,1,itsmeardha,Gak ngerti gmn konsep kampanye nya ini 🤔
mnhyais,@itsmeardha yg pnting jogetttt,0,0,1,itsmeardha,Gak ngerti gmn konsep kampanye nya ini 🤔
soni_fernandika,"@itsmeardha hoax gimana 😂, saya sholat aja sampai gak khusyu gara"" Amin dibawa"" + tasyadu nya ragu 😢",0,0,1,itsmeardha,Gak ngerti gmn konsep kampanye nya ini 🤔
rah_puttra99,@ygeminigirl94 intinya yang beginian jgn di pilih pantasenya jdi presiden tiktok 😂😂😂,0,0,1,itsmeardha,Gak ngerti gmn konsep kampanye nya ini 🤔
islami_kafah,@itsmeardha lah mereka kan nyari instruktur senam mangkanya di setiap kampanye joget² doang..beda kelas sama yg nyari leader lah ..beda kelas 🤣,1,0,1,itsmeardha,Gak ngerti gmn konsep kampanye nya ini 🤔
itsmeardha,"@soni_fernandika hmmm berarti iman mu yg HARUS dipertanyakan , gk khusyuk kok nyalain org 😂",1,0,1,itsmeardha,Gak ngerti gmn konsep kampanye nya ini 🤔
soni_fernandika,"@itsmeardha hahaha hebat politik agama 🔥 sampai amin & tasyadu dibawa"" kocak 😂",0,0,1,itsmeardha,Gak ngerti gmn konsep kampanye nya ini 🤔
itsmeardha,"@soni_fernandika tasyadu emg apaan bang? 😂 belajar sholat dulu dah yg bener.. mau nyuruh belajar bahasa arab, takut otak abang gk nyampe.. 🫢",0,0,1,itsmeardha,Gak ngerti gmn konsep kampanye nya ini 🤔
uudyyyyyyy,Yahhhh si kocak mau aja termakan fitnah buzzer😍 katanya genZ hp nya smart tapi pikirannya dangkal dan minim literasi 🤪🤣,0,0,1,itsmeardha,Gak ngerti gmn konsep kampanye nya ini 🤔
cis_indonesia,"@itsmeardha Presiden itu yang lucu, gak perlu pinter",0,0,1,itsmeardha,Gak ngerti gmn konsep kampanye nya ini 🤔
soni_fernandika,@itsmeardha emang Lo sholat 😂 saya mualaf😢,0,0,1,itsmeardha,Gak ngerti gmn konsep kampanye nya ini 🤔
itsmeardha,"@soni_fernandika 'palying victim' dahh 😂  belajar dl lah kl mualaf, jgn komentar yg diduluin",0,0,1,itsmeardha,Gak ngerti gmn konsep kampanye nya ini 🤔
veilmorsa,"@itsmeardha konsep kampanye jadul.., skrg warga sdh cerdas harus tau gagasan dab solusi paslon.. yg minim gagasan apalagi gak hadir diundang untuk debat tinggalin aja",0,0,1,itsmeardha,Gak ngerti gmn konsep kampanye nya ini 🤔
rslthfh,@itsmeardha masa joget harus diajarin wgwg asilin aja kali semua org berhak bahagia mau joget mau nyanyi bebas lahhhh yg penting ga rugiin lu emg kampanye pake duit lu? Kaga kocak😂,0,0,1,itsmeardha,Gak ngerti gmn konsep kampanye nya ini 🤔
seclanaaaa,@itsmeardha butuh aksi bukan omon omon doang🕺,0,0,1,itsmeardha,Gak ngerti gmn konsep kampanye nya ini 🤔
mocha_monalisa,"@itsmeardha gak usah pusing kak, jogetin aja..hahahha",0,0,1,itsmeardha,Gak ngerti gmn konsep kampanye nya ini 🤔
libr.aa30,"@itsmeardha mbak iduplu terlalu serius kaliii,,,, paslon lain juga joget""tuh ada waktu joget santai sama serius diimbangiiii mbak busetttlahhhhhh",0,0,1,itsmeardha,Gak ngerti gmn konsep kampanye nya ini 🤔
libr.aa30,"@itsmeardha ngeyel banget mbak harian apa borongan nih ,",0,0,1,itsmeardha,Gak ngerti gmn konsep kampanye nya ini 🤔
libr.aa30,@itsmeardha udahlah mbak gausa banyak omong akun privat ajaaa banyak ini itu🤣🤣🤣🤣🤣🤣🤣,0,0,1,itsmeardha,Gak ngerti gmn konsep kampanye nya ini 🤔
itsmeardha,@libr.aa30 minggir wiiiirr ini relawan bukan bayaran 🤪,1,0,1,itsmeardha,Gak ngerti gmn konsep kampanye nya ini 🤔
libr.aa30,@itsmeardha relawan kok akun privat ga berani lu,0,0,1,itsmeardha,Gak ngerti gmn konsep kampanye nya ini 🤔
libr.aa30,@itsmeardha ngomongin orang akun bodong situ sendiri akun privatttt ngaca mbakk apa beda nyaa,0,0,1,itsmeardha,Gak ngerti gmn konsep kampanye nya ini 🤔
itsmeardha,@libr.aa30 e.osian amat bang 😂😂😂,0,0,1,itsmeardha,Gak ngerti gmn konsep kampanye nya ini 🤔
itsmeardha,"@libr.aa30 lahh suka2 ,, akun2 gw , ribet amat lu bang... 😂😂",0,0,1,itsmeardha,Gak ngerti gmn konsep kampanye nya ini 🤔
libr.aa30,"@itsmeardha gini nih orang kalo suka ngatain orang dikatain balik bilangnya suka""🤣🤣🤣🤣🤣 aneh",0,0,1,itsmeardha,Gak ngerti gmn konsep kampanye nya ini 🤔
libr.aa30,@itsmeardha dih siapa juga yang emosi gajelas banget🤣,0,0,1,itsmeardha,Gak ngerti gmn konsep kampanye nya ini 🤔
ygeminigirl94,@rama_kususma99 daripada elu? Udah jadi apa sekarang??? Minimal NGACA' 😝😂😂,0,0,1,itsmeardha,Gak ngerti gmn konsep kampanye nya ini 🤔
itsmeardha,@libr.aa30 lah lo sendiri ngapain disini?.. 😂,0,0,1,itsmeardha,Gak ngerti gmn konsep kampanye nya ini 🤔
fzahra_id,@itsmeardha masak itu aja nggak ngerti.  Itu konsep kampanye nya adu goyang. Adu joget.,0,0,1,itsmeardha,Gak ngerti gmn konsep kampanye nya ini 🤔
libr.aa30,@itsmeardha lah lu yang ngapain dilapak pendukung 02 dih,0,0,1,itsmeardha,Gak ngerti gmn konsep kampanye nya ini 🤔
itsshofee_,@itsmeardha dripda yg minta donasi wk,0,0,1,itsmeardha,Gak ngerti gmn konsep kampanye nya ini 🤔
itsmeardha,@libr.aa30 laahh gw kan nny .. gk baca emg 😂😂,0,0,1,itsmeardha,Gak ngerti gmn konsep kampanye nya ini 🤔
itsmeardha,@itsshofee_ donasi wk? Donasi MK x ? 🫢,1,0,1,itsmeardha,Gak ngerti gmn konsep kampanye nya ini 🤔
itsshofee_,"@itsmeardha iya yg videotron nya blm sehari diturunin bu, ga punya duit sok sok pgn ikutan 02 psg iklan video AI, eh ibu tau AI ga ? Klo g tau balik aja ke facebook bu wk",0,0,1,itsmeardha,Gak ngerti gmn konsep kampanye nya ini 🤔
soni_fernandika,@itsmeardha ajarin dong 😂 katanya paling cerdas 😢,0,0,1,itsmeardha,Gak ngerti gmn konsep kampanye nya ini 🤔
itsmeardha,@itsshofee_ helooww itu bukan donasi .. beda kelas say sm pendukung paslon 1 .. videotron bukan AI ..blm liat yaa video nya ? Liat dl baru komen,0,0,1,itsmeardha,Gak ngerti gmn konsep kampanye nya ini 🤔
itsshofee_,"@itsmeardha mau videotron mau AI intinya sok sokan fomo pgn ikutan 02, tp ga punya duit🤣 apa perlu pak prabowo jual tanahnya dlu buat donasi🤣 HAHAHAH",0,0,1,itsmeardha,Gak ngerti gmn konsep kampanye nya ini 🤔
itsmeardha,@soni_fernandika ahh komennya udh gk nyambung gk seru.. disini emg ada yg blg siapa paling cerdas..? 🫠,0,0,1,itsmeardha,Gak ngerti gmn konsep kampanye nya ini 🤔
itsmeardha,"@itsshofee_ itu namanya kreatifitas, itu yaa liat kompaknya paslon 1? #uppsss.. kpopers loh itu yg buat.. 🤩",1,0,1,itsmeardha,Gak ngerti gmn konsep kampanye nya ini 🤔
itsmeardha,@itsshofee_ sosok an ngatain gk tau AI.. ehh sendiri nya gk tau bedanya videotron sm AI.. 🤫🤫,0,0,1,itsmeardha,Gak ngerti gmn konsep kampanye nya ini 🤔
itsshofee_,"@itsmeardha dihhh yg g tau siapa? Konteksnya difahami mak,besok bsok klo mau kreatif bilangin klo kompak ksih donasi juga dong biar ga cuma sehari tayang udh kyk layar tancep😝🤣",0,0,1,itsmeardha,Gak ngerti gmn konsep kampanye nya ini 🤔
itsmeardha,"@itsshofee_ helooww cari tau fakta nya knp itu di take down... # eehh lupaa, kan bukan pencari fakta, tp pencari hoax 🤥",1,0,1,itsmeardha,Gak ngerti gmn konsep kampanye nya ini 🤔
soni_fernandika,@itsmeardha sambungin dong 😂,0,0,1,itsmeardha,Gak ngerti gmn konsep kampanye nya ini 🤔
itsshofee_,"@itsmeardha wakakak sok sokann nyari fakta, brusan aja bilg videorton itu ""donasi"" eh mksdnya hasil kompak kpoper 01😋 mon maap tapi tidak semua kpopers mendukung
01. jadi aniesbubble nyebutnya ""humannies""mak wkwk gmna si tntng junjurangnnya aja salah😝🤣, wkwk ga smua kpoper yg lain sudi buk dibilg pndukung 01 🤣🤣
""humanies"" bukan kpopers (CATAT)🤣🤣🤣",0,0,1,itsmeardha,Gak ngerti gmn konsep kampanye nya ini 🤔
itsmeardha,"@soni_fernandika susah bang kl udh gk nyambung mah, walau udh disambungin jg, bs korslet malah",1,0,1,itsmeardha,Gak ngerti gmn konsep kampanye nya ini 🤔
hoeman_sam,@itsmeardha jgn di ladenin pendukung 02 IQ nya di bawah rata-rata,2,0,1,itsmeardha,Gak ngerti gmn konsep kampanye nya ini 🤔
radenbst_311297,Ini bedanya orang sok tau sama tau bneran😂😂,0,0,1,itsmeardha,Gak ngerti gmn konsep kampanye nya ini 🤔
itsmeardha,"@itsshofee_ lahh itu mah urusan nya kpopers mau dukung siapa, repot bgt siih mba ngetik pjg tp zonk .. 🫣",0,0,1,itsmeardha,Gak ngerti gmn konsep kampanye nya ini 🤔
itsshofee_,@itsmeardha lah sma dong kyk situ repot amat jarinya ngetik ngetik hina pilihan paslon lain ckckck NGACA🤣,0,0,1,itsmeardha,Gak ngerti gmn konsep kampanye nya ini 🤔
itsmeardha,"@itsshofee_ kan  perintahnya : cari fakta knp itu di takedown, bkn bahas siapa yg didukung kpopers.. ampuunn dah... 😪",0,0,1,itsmeardha,Gak ngerti gmn konsep kampanye nya ini 🤔
dheleopratama_20,@itsmeardha SDM Rendah,0,0,1,itsmeardha,Gak ngerti gmn konsep kampanye nya ini 🤔
itsmeardha,@itsshofee_ coba bagian mana yg menghina? 🤔,0,0,1,itsmeardha,Gak ngerti gmn konsep kampanye nya ini 🤔
itsmeardha,@hoeman_sam 🫢,0,0,1,itsmeardha,Gak ngerti gmn konsep kampanye nya ini 🤔
itsshofee_,"@itsmeardha wkwkw kn kalah debat malah nanya2 ckckndasar SDM Rendah!! Amit amit dah g ush sok sokan mgknya , kaum fomo ikut2an di ajak debat malah ngalor ngidul wkwk belajar politik bu biar ga malu klo mau komen komen, cuih🤣🤣",0,0,1,itsmeardha,Gak ngerti gmn konsep kampanye nya ini 🤔
itsmeardha,Lahhh lawak aahh.  Kan ditanya mana bagian yg menghina? Jgn omon2,0,0,1,itsmeardha,Gak ngerti gmn konsep kampanye nya ini 🤔
itsshofee_,"@itsmeardha lah joget joget jtu apa? Biasanya emg Sdm rendah itu emg ksdarannya dibwah ngkuin kslahan aja g mau, sma kyk junjungannya ditolongin kyk anjing kjepit malah g tau diri😂",0,0,1,itsmeardha,Gak ngerti gmn konsep kampanye nya ini 🤔
kyyy_xynn,@itsmeardha belajar selepet sarung coba,0,0,1,itsmeardha,Gak ngerti gmn konsep kampanye nya ini 🤔
adangkurdi5,@itsmeardha kalau ga ngerti d lewt aja ga ush d commen simpelkan 😂😂😂😂,0,0,1,itsmeardha,Gak ngerti gmn konsep kampanye nya ini 🤔
adangkurdi5,Nah kenapa ga dari tadi loe lewat aja ga usah commen  kan  jadinya di sini damai ✌✌,0,0,1,itsmeardha,Gak ngerti gmn konsep kampanye nya ini 🤔
mhadewii_,@itsmeardha sama... Ra ngerti konsep kampanye apa ya ini.. Apa kita suruh joget saja sampai makan siang dibagikan ato susu di bagikan😂😂,0,0,1,itsmeardha,Gak ngerti gmn konsep kampanye nya ini 🤔
fanzaayn,"@adangkurdi5 lahh terserah gue lahh😂😂 udah kasih pencerahan malah pura² buta, fanatik boleh tapi jangan berlebihan, nanti lu kecewa 😂😂",0,0,1,itsmeardha,Gak ngerti gmn konsep kampanye nya ini 🤔
itsmeardha,"@adangkurdi5 kl gk ngerti kan , nanya,.. kasih paham lah,..",0,0,1,itsmeardha,Gak ngerti gmn konsep kampanye nya ini 🤔
adangkurdi5,E G P ✌✌✌ 🔥🔥 ✌✌✌,0,0,1,itsmeardha,Gak ngerti gmn konsep kampanye nya ini 🤔
risnamellia,"Konsep nya kampanye riang gembira kak , waduh kmana 😂",0,0,1,itsmeardha,Gak ngerti gmn konsep kampanye nya ini 🤔
asbullah306,Sini gw kasih tau biar lo pinter,0,0,1,itsmeardha,Gak ngerti gmn konsep kampanye nya ini 🤔
awaywe21,"ga ngerti kampanya @aniesbaswedan @ganjar_pranowo yang satu minta sumbangan, yang satu dangkal otaknya",0,0,1,itsmeardha,Gak ngerti gmn konsep kampanye nya ini 🤔
nab1lalzahra,@hoeman_sam oh ngomongin diri sendiri ya keliatan soalnya wkkw,0,0,1,itsmeardha,Gak ngerti gmn konsep kampanye nya ini 🤔
nab1lalzahra,"jika ingin menguasai orang bodoh,maka bungkuslah yg batil dgn agama(Ibnu Rusyd)",0,0,1,itsmeardha,Gak ngerti gmn konsep kampanye nya ini 🤔
nisaindahg,"Sini tak kasih tau kak. Konsep kampanye nya cuma joget2 gemoy, ada orasinya gak? Jelas ada.. Orasinya menghina paslon lain, tapi merasa paling trsakiti pas diacara debat😂 drama king sepanjang masa😂🙌",0,0,1,itsmeardha,Gak ngerti gmn konsep kampanye nya ini 🤔
ririenhartono,"😂,baru mau komentar sdh ketawa dluan...kampanye koh gini.klo d tempatku senam massal ,sanggar senam lg keliling",0,0,1,itsmeardha,Gak ngerti gmn konsep kampanye nya ini 🤔
chyputttt,Bljar bikin KTP buat angin ajah mba klo gatau mahh 😂,0,0,1,itsmeardha,Gak ngerti gmn konsep kampanye nya ini 🤔
aryxfinn07,Dari pada kampanye di mesjid tu gimana azad 4 arah itu gimana????,0,0,1,itsmeardha,Gak ngerti gmn konsep kampanye nya ini 🤔
wahyu_kenaca77,"Lebih ga ngerti kampanye pas hari jumaatan sebelum solat jumaat, itu kampanye kok sambil jual agama😂😂😂... PENYEPONG ANIS",0,0,1,itsmeardha,Gak ngerti gmn konsep kampanye nya ini 🤔
khumairooayu,Joget aja ini buk kampanye ny,0,0,1,itsmeardha,Gak ngerti gmn konsep kampanye nya ini 🤔
2nd.l444,yg penting ga blunder banyak bacot smpe berbusa😽,0,0,1,itsmeardha,Gak ngerti gmn konsep kampanye nya ini 🤔
alinee.u,"Belajar mba, jangan taunya mau dpt 150T untuk anak muda, pdhl pas kampanye doang😂",1,0,1,itsmeardha,Gak ngerti gmn konsep kampanye nya ini 🤔
ssndyyscuteee,Yaelah susah banget kalo kaga SUKA ya skip aja njirr ribet banget salah lapak woyy,0,0,1,itsmeardha,Gak ngerti gmn konsep kampanye nya ini 🤔
besok_31,Konsep kampanye bagi2 duit ya 😂,0,0,1,itsmeardha,Gak ngerti gmn konsep kampanye nya ini 🤔
besok_31,Yg nyari duit paslon 3😂,0,0,1,itsmeardha,Gak ngerti gmn konsep kampanye nya ini 🤔
crlenaamliaa,Berpikir biar paham😂,1,0,1,itsmeardha,Gak ngerti gmn konsep kampanye nya ini 🤔
ucii_mlbb31,Dri pda kampanye nya dii mesjid🗿,0,0,1,itsmeardha,Gak ngerti gmn konsep kampanye nya ini 🤔
danawatisri,"Gak usah menjelekan, 01 juga sama senam sehat tapi sama aja joged2 😂",0,0,1,itsmeardha,Gak ngerti gmn konsep kampanye nya ini 🤔
nkfiz,Ngajak joget mba,0,0,1,itsmeardha,Gak ngerti gmn konsep kampanye nya ini 🤔
tikabcdefghi,"Ya begitulah kalau kampanye di luar, ya kalau kampanye di tempat ibadah mana bisa joget² eh tapi emang boleh kampanye ditempat ibadah 😕",0,0,1,itsmeardha,Gak ngerti gmn konsep kampanye nya ini 🤔
_ciiputriiiiiii,Lah 03 begitu juga wou😂,0,0,1,itsmeardha,Gak ngerti gmn konsep kampanye nya ini 🤔
echizen__ryomaaa,@itsmeardha mereka mau balik ke orba 😂😂😂😂,0,0,1,itsmeardha,Gak ngerti gmn konsep kampanye nya ini 🤔
badvillain17,iri? bilang boss,0,0,1,itsmeardha,Gak ngerti gmn konsep kampanye nya ini 🤔
rani_pricillia12,Jual kata manis dulu capres miskin😂🤪,0,0,1,itsmeardha,Gak ngerti gmn konsep kampanye nya ini 🤔
rani_pricillia12,"Kasihan rakyat jelata capres open donasi ,bayar utang dulu sonohh ,tukang fitnah pula ,gak malu Tah bodoh pula kau nyet😂🤭",0,0,1,itsmeardha,Gak ngerti gmn konsep kampanye nya ini 🤔
rani_pricillia12,Benarin dulu otak sengklek lu itu Bu ibuu😂😂,0,0,1,itsmeardha,Gak ngerti gmn konsep kampanye nya ini 🤔
nrkmilaa,"@selvya_26 wkakaka, pdhl mbanya cuma ngeliat videonya bae",0,0,1,itsmeardha,Gak ngerti gmn konsep kampanye nya ini 🤔
nrkmilaa,@rama_kususma99 pdhl anis live tiktok setiap saat🙏🏻,0,0,1,itsmeardha,Gak ngerti gmn konsep kampanye nya ini 🤔
dek_pingkiii,Lu diem aja lu tuh ga di ajak🥴🤭,0,0,1,itsmeardha,Gak ngerti gmn konsep kampanye nya ini 🤔
caaa_aaa23,@selvya_26 Dari pada Kampanye di masjid😍,0,0,1,itsmeardha,Gak ngerti gmn konsep kampanye nya ini 🤔
rizqiatmajayaa,yang penting ga nyenggol sana sini😮,0,0,1,itsmeardha,Gak ngerti gmn konsep kampanye nya ini 🤔
ryanadew,Gausah dingertiin otak kamu ga bakalan sampe. Lagian juga bakalan salah trus dimata kamu jadi husss huss husssss sana gih pergi,0,0,1,itsmeardha,Gak ngerti gmn konsep kampanye nya ini 🤔
ahmdnrdnsyh77,"otak nya dangkal kek anies, agama tuh dijualin buat jabatan wkwk. nonis ya mba nya🤣",0,0,1,itsmeardha,Gak ngerti gmn konsep kampanye nya ini 🤔
hendrik_prasetyo8,Kalau yg kampanye di dalam masjid? Apa itu waras?,0,0,1,itsmeardha,Gak ngerti gmn konsep kampanye nya ini 🤔
kyfrl_,dripda kampanye di mesjid apa tuhan ga marah🤔,0,0,1,itsmeardha,Gak ngerti gmn konsep kampanye nya ini 🤔
_.adrianohabibi__,@ygeminigirl94 ditanya konsep kampanye paslonnya jawab nya pengetahuan dasar oh paok paok,0,0,1,itsmeardha,Gak ngerti gmn konsep kampanye nya ini 🤔
_.adrianohabibi__,"haduhhh ada bukti pak Anies dibaptis? gelar Yohanes bukan termasuk tata cara pembaptisan, sekarang sebutkan prestasi Prabowo 5 saja",0,0,1,itsmeardha,Gak ngerti gmn konsep kampanye nya ini 🤔
ddiirraaaaaaaaa,senam.,0,0,1,itsmeardha,Gak ngerti gmn konsep kampanye nya ini 🤔
fahiya_tiljannah,yaudah mba klo gak ngerti diem aja. 😂,0,0,1,itsmeardha,Gak ngerti gmn konsep kampanye nya ini 🤔
nurcahaya2197,@ygeminigirl94 😂😂😂,0,0,1,itsmeardha,Gak ngerti gmn konsep kampanye nya ini 🤔
febnrhmaw__,Kampanye santuy lahh ga usah pake jual agama biar kepilih😂,0,0,1,itsmeardha,Gak ngerti gmn konsep kampanye nya ini 🤔
hafidali77,All in MK 😂,0,0,0,,
hafidali77,Pasukan MK MK MK MK MK 😂,0,0,0,,
amah.felisa,❤️❤️❤️😍2,0,0,0,,
kong_djali,"Ayo dong 02 bosen ah joget melulu ,",0,0,0,,
fauzih_m2,Politik yang berkeadilan lahir dari gagasan bukan hiburan all in 01 Amin,0,0,0,,
i.am_tulloh,"Gerakan jogetya udah bagus, oke Gas,  kita pakai buat merayakan kemenangan pak @aniesbaswedan  jadi Presiden Indonesia",0,0,0,,
diirusss,All in PRABOWO GIBRAN 🇲🇨✌🏼,0,0,0,,
rasto_putra,Makin yakin untuk tidak memilih 02 😂😂😂 no prestasi 😂😂,0,0,0,,
nurramdanallaitsy,#aminajadulu,0,0,0,,
laqanyeuismerina,Torang Manado tetap Amin 01,0,0,0,,
laqanyeuismerina,,0,0,0,,
panjiprasetyo87,Cuma bs bgni....😢,0,0,0,,
arb_aliim232,"Jogett mulu,, gk da gagasan yaa, modal punya partai dan lnggr kode etik doank,, chuanksss",133,16,0,,
layla005254,@amin.01.perubahan.kalimantan Nyindir mulu kayak anis dn ganjar ajehhh lu bngst,0,0,1,arb_aliim232,"Jogett mulu,, gk da gagasan yaa, modal punya partai dan lnggr kode etik doank,, chuanksss"
dillllleeeeee,@amin.01.perubahan.kalimantan bawa happy aja duluu wgwg,0,0,1,arb_aliim232,"Jogett mulu,, gk da gagasan yaa, modal punya partai dan lnggr kode etik doank,, chuanksss"
wahyu_kenaca77,"@amin.01.perubahan.kalimantan ya gak adalah tar di contek anis gagasannya😂😂.... ANIS KAN CUMAN BISA NGOMNG PAKE CONGOR ANIS, DASAR OENJILAT PANTAT ANIS😂😂😂",0,0,1,arb_aliim232,"Jogett mulu,, gk da gagasan yaa, modal punya partai dan lnggr kode etik doank,, chuanksss"
alfannyslsa,@amin.01.perubahan.kalimantan so paling politik deh lu wkwk,0,0,1,arb_aliim232,"Jogett mulu,, gk da gagasan yaa, modal punya partai dan lnggr kode etik doank,, chuanksss"
7.ayur1,"@amin.01.perubahan.kalimantan hadeh, udah berapa lama ngukurin tanah?",0,0,1,arb_aliim232,"Jogett mulu,, gk da gagasan yaa, modal punya partai dan lnggr kode etik doank,, chuanksss"
_ciiputriiiiiii,"@amin.01.perubahan.kalimantan kayak etika lu bagus aja lah,ngaca",0,0,1,arb_aliim232,"Jogett mulu,, gk da gagasan yaa, modal punya partai dan lnggr kode etik doank,, chuanksss"
arb_aliim232,"@_ciiputriiiiiii etika gue baguss,, asli",0,0,1,arb_aliim232,"Jogett mulu,, gk da gagasan yaa, modal punya partai dan lnggr kode etik doank,, chuanksss"
_ciiputriiiiiii,@amin.01.perubahan.kalimantan bagus dari mananya menjatuhkan orang  itu emang baik ya?😂,0,0,1,arb_aliim232,"Jogett mulu,, gk da gagasan yaa, modal punya partai dan lnggr kode etik doank,, chuanksss"
pejuang_perubahan24,@amin.01.perubahan.kalimantan minggir wir jagoan gue lolos etika bukan dari MK haaaaa,0,0,1,arb_aliim232,"Jogett mulu,, gk da gagasan yaa, modal punya partai dan lnggr kode etik doank,, chuanksss"
hamidahnst.29,"@amin.01.perubahan.kalimantan pendukung 01 munafik,,contohnya pawai daerah rumah gua ada yg pilih anis ikut2 pawai Prabowo ngicer duitnya doang gua ga terima lah gua bocorin ajh akhirnya duitnya ga dikasih haha 01 munafik",0,0,1,arb_aliim232,"Jogett mulu,, gk da gagasan yaa, modal punya partai dan lnggr kode etik doank,, chuanksss"
risma__str,@amin.01.perubahan.kalimantan kekayaan pak Anis sebesar apa yh?,0,0,1,arb_aliim232,"Jogett mulu,, gk da gagasan yaa, modal punya partai dan lnggr kode etik doank,, chuanksss"
azkiaelinazakirah,@amin.01.perubahan.kalimantan okeee sipaling gagasan,0,0,1,arb_aliim232,"Jogett mulu,, gk da gagasan yaa, modal punya partai dan lnggr kode etik doank,, chuanksss"
flower.dinn_4,@amin.01.perubahan.kalimantan sirik mulu😂,0,0,1,arb_aliim232,"Jogett mulu,, gk da gagasan yaa, modal punya partai dan lnggr kode etik doank,, chuanksss"
ris__1106,Min joget tuh harus di dukung dengan gagasan bukan ngango ngangong,0,0,0,,
fitrazulfy84,AMIN,0,0,0,,
ndyaprillian,Gemoy,0,0,0,,
amonks_amsky,Gak berbobot gak punya gagasan... Kampanye katrok,0,0,0,,
arifin_pjk,"Susunan acar kampanye 02 . Pertama joget, kedua bagi bagi Susu dan nasbung, ketiga gibahin Paslon lain.😂 Ya sudahlah nanti pendukungnya nangis lagi",0,0,0,,
herrisetiawanarifin,Kasian talenta cma d joget,0,0,0,,
agsmln7,"Goyang trs gila lama""",0,0,0,,
awhy_94,Wkwkkw gila btul jika mau mendkung model joget” harus y kasih peljran atau gagasan (ilmu) agar anak muda bsa sepintr tdk bodoh cumn model joget mau pimpin indonesiaaa.. adu gagasan donk jgn model joget kekkw,0,0,0,,
rzqyzdn,harusnya memberi gagasan ke masyrakat bukannya joget' gajelas 😂😂,0,0,0,,
bsmclubcares,"Giliran debat mewek, jadi dancer aja, jangan jadi presiden",0,0,0,,
sapuutraaaa_,Lu pilih prabowo kita saudara🔥🫶🏻,0,5,0,,
lopes.iman,@sapuutraaaa_ pret,0,0,1,sapuutraaaa_,Lu pilih prabowo kita saudara🔥🫶🏻
fandy_dyx,"@sapuutraaaa_ gua milih anies, kenapa??? Gak senang kau?? 🔥",0,0,1,sapuutraaaa_,Lu pilih prabowo kita saudara🔥🫶🏻
sapuutraaaa_,@lopes.iman idih panasa ya🥱,0,0,1,sapuutraaaa_,Lu pilih prabowo kita saudara🔥🫶🏻
lopes.iman,@sapuutraaaa_ ohh GK bangget..apa LG sama Wowo..GK..amit2..panas..santai aja LG..,0,0,1,sapuutraaaa_,Lu pilih prabowo kita saudara🔥🫶🏻
lopes.iman,@sapuutraaaa_ siapa yg GK tau sepak terjangnya yg kamu jilat itu..dulu jadi tim suksesnya..skrng GK minat .,0,0,1,sapuutraaaa_,Lu pilih prabowo kita saudara🔥🫶🏻
wzy_kristianingsih,All in Amin 01,0,0,0,,
david114567,MENDING JADI PRESIDEN DANGDUT KOPLO COCOK YANG HOBINYA GOYANG,0,0,0,,
lily_mariahi,No ✌️✌️✌️✌️✌️✌️ gas fol,0,0,0,,
ahmadfaisal_________,Ga ngaruh. Tetap amin 01☝️❤️. #asalbukanprabowo,0,0,0,,
salamun.salamun.50746444,Prabowo okeeeeeee,0,0,0,,
handikaahmad,Malu maluin,0,0,0,,
hendihermawan117,Hidup perabowo,0,0,0,,
mas.priyanto_,Wowo mabok lagi.,0,0,0,,
sri3258wahyuni,Tetap pilih pak Prabowo mas Gibran 👍🏻👍🏻👍🏻🇲🇨🇲🇨🇲🇨❤️❤️❤️,0,0,0,,
utomo.es,😂😂😂😂😂😂😂 ini yabg akan di gemukkan Gibran?,0,0,0,,
dengkul_anjlog,no 1 utk perubahan,0,0,0,,
sysylvy.x,Sdm rendah 😂,0,0,0,,
sigos.bandi,Goblok ye malah goyang²,0,0,0,,
wahyuandi754,Tarian pengundang jabatan taah,0,0,0,,
che_s3pt14n,terus apa hubunganya dengan kemajuan bangsa kita ?? 😂,2,0,0,,
gallery_ainul,"Enak di lihat, gandul2 itunya..",0,0,0,,
yohanasurawijaya,AMIN ☝️,0,0,0,,
slviasnd,✌🏻,0,0,0,,
mufidsuherman090,Nangis dulu coy..baru joget,0,0,0,,
yessy.kuswati,😂😂😂😂😂,0,0,0,,
saiyah838,✌️✌️✌️✌️✌️✌️✌️❤️❤️❤️❤️❤️💪💪🇲🇨🇲🇨🇲🇨🇲🇨,0,0,0,,
ivan132901,Jabar full all in prabowo bismillah 🔥🤲,0,0,0,,
yuli.507,✌️✌️✌️,0,0,0,,
f4xliee_20,lu pilih pak prabowo kita saudara🔥🔥✌✌,0,0,0,,
dahlanahmadi,Program spektakuler hanya bisa joget joget😂😂😂,0,0,0,,
indra_ahmaddrajat,TASIK ALL IN PRABOWO GIBRAN,0,0,0,,
duriahdayat,,0,0,0,,
ulfa_modjo_61,Prabowo Gibran pilihanku,0,0,0,,
adeng960,Tombol All in PRABOWO GIBRAN satu putaran Bismillah 🩵🩵🩵🩵🩵🩵🩵🩵✌️✌️✌️✌️✌️✌️✌️✌️,0,0,0,,
lizarnifitri,Kumpulan para stressss,0,0,0,,
alfnrmdn21,😍,0,0,0,,
dennyfathuloh,Apa yg di dapat ???,0,0,0,,
mustika.pratiwi,Rekam jejak ada looooo....😂😂😂,0,0,0,,
taqiim_jr,Oke gas prabowo gibran satu putaran ✌️,0,0,0,,
mhmdlutfil_03,Saya ingin anak muda kita seperti anak muda di Jerman😂,21,7,0,,
ygeminigirl94,@mhmdlutfil_03 sana pindah aja lu kesana,0,0,1,mhmdlutfil_03,Saya ingin anak muda kita seperti anak muda di Jerman😂
dienghasneli,@mhmdlutfil_03 😂😂😂😂,0,0,1,mhmdlutfil_03,Saya ingin anak muda kita seperti anak muda di Jerman😂
islami_kafah,@mhmdlutfil_03 siang jd petani malm ke disko besok nya di tagih pinjol 🤣,1,0,1,mhmdlutfil_03,Saya ingin anak muda kita seperti anak muda di Jerman😂
pisangijo09,@ygeminigirl94 panas panas,0,0,1,mhmdlutfil_03,Saya ingin anak muda kita seperti anak muda di Jerman😂
idd4_69,"@mhmdlutfil_03 tunggu dulu saya jual kebun bapak saya, nanti malam saya ke diskotik seperti saran Prabowo",0,0,1,mhmdlutfil_03,Saya ingin anak muda kita seperti anak muda di Jerman😂
ygeminigirl94,"@arman_drunker Kobong Kobong, elu 😝",0,0,1,mhmdlutfil_03,Saya ingin anak muda kita seperti anak muda di Jerman😂
pisangijo09,@ygeminigirl94 sdm rendah,0,0,1,mhmdlutfil_03,Saya ingin anak muda kita seperti anak muda di Jerman😂
ucok_merdeka,walaupun gak ada prestasi tetap all in Prabowo Gibran,0,0,0,,
duleinstein,Giliran debat mewek😂,0,0,0,,
yuyun87_tuban,bismillah Prabowo Gibran 02 menang satu putaran 2024..aamiin,0,0,0,,
riboy_77,#asalbukanprabowo,1248,43,0,,
1rm44_,@riboy_77 caper jelek,2,0,1,riboy_77,#asalbukanprabowo
rahayuselpia,@riboy_77  iww slah lapak?,11,0,1,riboy_77,#asalbukanprabowo
okky_damar,@riboy_77 penyefong koalisi 2 putaran😂,2,0,1,riboy_77,#asalbukanprabowo
riboy_77,@rahayuselpia orang yang berfikir pasti pilih anis,7,0,1,riboy_77,#asalbukanprabowo
cis_indonesia,@riboy_77 #asalbukanprabowo,0,0,1,riboy_77,#asalbukanprabowo
utiikhaaaa05,@riboy_77 iya bang Anis kan dibaptis dulu😂😂😂,3,0,1,riboy_77,#asalbukanprabowo
watersevennn77,@riboy_77 👏,0,0,1,riboy_77,#asalbukanprabowo
kikifebrianti6,@riboy_77 All in Amin bang,4,0,1,riboy_77,#asalbukanprabowo
riboy_77,@kikifebrianti6 ❤️❤️❤️❤️❤️❤️❤️😍😍😍😍😍,0,0,1,riboy_77,#asalbukanprabowo
___flara,@riboy_77 berfikir untuk  ancur kali,0,0,1,riboy_77,#asalbukanprabowo
riboy_77,@_fadillar  pajak naik cokk,1,0,1,riboy_77,#asalbukanprabowo
riboy_77,@ciputtt00__  hah? Coba lebih teliti lagi kalo liat informasi,0,0,1,riboy_77,#asalbukanprabowo
dheleopratama_20,@riboy_77 SDMRendah,0,0,1,riboy_77,#asalbukanprabowo
utiikhaaaa05,"@riboy_77 sudah teliti bang,sudah terlihat di mana"" jugak,dan para netizen warga Indonesia juga tau beritanya",0,0,1,riboy_77,#asalbukanprabowo
riboy_77,@ciputtt00__  coba kasih tau saya,0,0,1,riboy_77,#asalbukanprabowo
utiikhaaaa05,"@riboy_77 banyak bang di tiktok,liat aja berita",0,0,1,riboy_77,#asalbukanprabowo
riboy_77,@ciputtt00__  itu buzzer,0,0,1,riboy_77,#asalbukanprabowo
urlove.378,@riboy_77 #AsalBukanPenculik,0,0,1,riboy_77,#asalbukanprabowo
lbtzz_1,@ciputtt00__ contoh komentr org2 sush d ksh tau ya gni ni,0,0,1,riboy_77,#asalbukanprabowo
akkew.setiawan19,@riboy_77 Jangan biarkan si GEMOYSIAN jadi presiden,1,0,1,riboy_77,#asalbukanprabowo
muhammadrizkyrizaldi1,@riboy_77 #asalbukananies #asalbukanganjar,0,0,1,riboy_77,#asalbukanprabowo
_ciiputriiiiiii,@riboy_77 mau jadi apa Indonesia ini kalau Anis yang jadi presiden 😂,0,0,1,riboy_77,#asalbukanprabowo
riboy_77,@_ciiputriiiiiii  mau jadi negara yang adil bagi seluruh rakyat nya,0,0,1,riboy_77,#asalbukanprabowo
_ciiputriiiiiii,@riboy_77 mangeakkkk,0,0,1,riboy_77,#asalbukanprabowo
riboy_77,@_ciiputriiiiiii  iya dongg kalo boleh tau apa alesannya pilih prabowo,0,0,1,riboy_77,#asalbukanprabowo
_ciiputriiiiiii,@riboy_77 Karena kita ingin melanjutkan program-program hebat dari pemerintahan Pak Jokowi.,0,0,1,riboy_77,#asalbukanprabowo
riboy_77,@_ciiputriiiiiii  program apa?,0,0,1,riboy_77,#asalbukanprabowo
_ciiputriiiiiii,@riboy_77 seperti pembuatan jalan tol,0,0,1,riboy_77,#asalbukanprabowo
riboy_77,@_ciiputriiiiiii anis juga kalii,0,0,1,riboy_77,#asalbukanprabowo
_ciiputriiiiiii,@riboy_77 Anis aja di pecat sama Jokowi karna kerjanya ngak becus 😂😂,0,0,1,riboy_77,#asalbukanprabowo
riboy_77,"@_ciiputriiiiiii  yaallah kakk, anis dipecat karena gak mau diajak korupsi",0,0,1,riboy_77,#asalbukanprabowo
badvillain17,@riboy_77 asal bukan LO,0,0,1,riboy_77,#asalbukanprabowo
abdulayys,@riboy_77 angin tidak punya KTP🙂,0,0,1,riboy_77,#asalbukanprabowo
audia_________,@riboy_77 #asalbukan01,0,0,1,riboy_77,#asalbukanprabowo
sykooaee,@riboy_77 #asalkanbukananies #asalkanbukanganjar,0,0,1,riboy_77,#asalbukanprabowo
riboy_77,@zara_lavincyes  yang kalah,0,0,1,riboy_77,#asalbukanprabowo
_feralde,@riboy_77 janji manis doang semua bisa blok goblok,0,0,1,riboy_77,#asalbukanprabowo
riboy_77,@_feralde  buta ya mata lu,0,0,1,riboy_77,#asalbukanprabowo
_feralde,@riboy_77 buta apa lu?,0,0,1,riboy_77,#asalbukanprabowo
redberry112,@rahayuselpia baru main sosmed cil,0,0,1,riboy_77,#asalbukanprabowo
redberry112,"@riboy_77 sekarang aja pajak naik melambung,mereka mana paham.",0,0,1,riboy_77,#asalbukanprabowo
nblsll,@riboy_77 pilihan orang beda-beda kali lo milih anis silahkan tetap Prabowo saya mah,0,0,1,riboy_77,#asalbukanprabowo
alyakbaaar_,Indonesia butuh jogetan bukan yg lain,0,0,0,,
ameliaaputrii321,LAMPUNG Love Prabowo Gibran ❣️❣️❣️❣️🤘🤘,0,0,0,,
ad1r4a,Prabowo 🔥🔥🔥,0,0,0,,
skillisdead,Trend pembodohan minimal punya gagasan,0,0,0,,
teuku_rajarizqullah,Siapa yang udah muak dengan kata kata gemoy🖐🏿,0,0,0,,
mmhricoandrafli,❤️❤️❤️ ✌,0,0,0,,
dinnnandini,Asikkkkk nambah personil...❤️✌️,0,0,0,,
adipajiji_,Ajakin debat plonga plongo,0,0,0,,
nurul_bullet,❤️🙌👏,0,0,0,,
rahmad.hidayatullah.16,Sdm menengah ke bawah ayo gemoy omon omon😍😍😍😍,0,0,0,,
siti01_aisyah,Hidup pak Prabowo!!!kami dukung sampai titik darah penghabisan!😍,0,0,0,,
atehtanah_,"Giliran kampanye aja bilangnya kita semua bersaudara,ehh nanti udah hilang waktu kampanye bilang “lu siapa” hahahahah eekkkk",0,0,0,,
lachibolalalalaaaaa,🔥🔥,0,0,0,,
ahmetaghazemir,Perasaan kebanyakan reel tentang probowo cuma goyang2 aja kwkwk ga ada yang mamparin data frestasinya apalagi gagasannya.... Oke gass oke gass ...Kita butuh pemimpin bukan goyangan yg kaga jelas🔥,0,0,0,,
dev_joham,✌🏻♥️,0,0,0,,
siapart10,01 tetap 🔥🔥,0,0,0,,
stellaariana.s,❤️❤️,0,0,0,,
dyanna.__,Al in Anis Baswedan ❤️❤️,0,0,0,,
byyhayyy,Suka bat dah gua,0,0,0,,
hafidsuhaemi,✌️✌🏻✌🏻 pilihanku,0,0,0,,
tanpa_nama000001,CERDASLAH MEMILIH PRESIDEN JANGAN ASAL IKUT IKUTAN KARNA KALIAN BUKAN LAGI ANAK KECIL YANG GAMPANG DIBODOH BODOHI SALAM AKAL SEHAT.,0,0,0,,
dhlyanti,Salam Gemoy ✌✌✌❤️❤️❤️2⃣,0,0,0,,
musmaulana60,Anies menang 1 putaran❤️,0,0,0,,
musmaulana60,Anies ... ❤️❤️❤️❤️,0,0,0,,
septavita,Prabowo presiden RI 2024🔥🙌❤️,0,0,0,,
ratna.yuliyanti_,"Prabowo ..., Presiden. RI ,1 🔥🔥🔥😇✌✌✌✌✌✌✌❤❤",0,0,0,,
ardidiana7,"Kami butuh pemimpin yang memberikan kecerdasan,bukan sekedar joget joget tanpa gagasan",2,0,0,,
uwaisal.qoroni.3386,Badut?,126,12,0,,
fandy_dyx,@uwaisal.qoroni.3386 bukan badut tapi budak,1,0,1,uwaisal.qoroni.3386,Badut?
agthfeey,@uwaisal.qoroni.3386 si paling Islam cuih,0,0,1,uwaisal.qoroni.3386,Badut?
uwaisal.qoroni.3386,"Lah malah bawa"" agama,,, blok""🗿🗿",2,0,1,uwaisal.qoroni.3386,Badut?
lbtzz_1,"Dih bawa2 agama, dikira bnr lu begitu? #miriss",0,0,1,uwaisal.qoroni.3386,Badut?
agthfeey,"@lbtzz_1 gausah so suci, noh diatas pantes kah ngatain badut?;",0,0,1,uwaisal.qoroni.3386,Badut?
agthfeey,@lbtzz_1 DIKIRA BENER YG GITU TOLOL,0,0,1,uwaisal.qoroni.3386,Badut?
uwaisal.qoroni.3386,Badut kan suka menghibur orang🗿,1,0,1,uwaisal.qoroni.3386,Badut?
carryon_vx,Dari pada sok kafir😂,0,0,1,uwaisal.qoroni.3386,Badut?
uty_82,"Wooii bawa,bawaa agama..rasis lu",0,0,1,uwaisal.qoroni.3386,Badut?
nurcahaya2197,Ini yg di kata kan Mahfud itu kah ank yg GK punya akhlak 🤪,0,0,1,uwaisal.qoroni.3386,Badut?
uwaisal.qoroni.3386,@chyaput_01 iye kek lu jga🤡🤌,0,0,1,uwaisal.qoroni.3386,Badut?
flower.dinn_4,sirik mulu hidup lu😂,0,0,1,uwaisal.qoroni.3386,Badut?
alamo_saja,Joget mulu disaat rakyat susah....,13,0,0,,
hallo_ali24,klo ktemu pemimpin negara goyang aja jngan bahas apa apa 😂... indonesia makin kesini makin kesana....,0,0,0,,
yeitjeyoula,✌✌❤️❤️,0,0,0,,
snowball0789,"Oke gas 10/10, Ide gagasan -10/10, Goyang gemoy 100/10, undang² di rombak demi calon 1000000/10",0,0,0,,
mhadtea,AMIN PRESIDEN 2024 🔥🔥🔥🔥 --->>>,58,0,0,,
putrisari260112,Idolaku ternyata satu pilihan denganku 😍 salam ✌ jari,0,0,0,,
sagita_wina,Prabowo,0,0,0,,
_aldialzidan_,All in prabowo Gibran :>>>,0,0,0,,
aura_1111sinaga,Wkwkwkwk...kumpulan kelompok yg memikirkan kepentingan sendiri dr pada masyarakat..🤟🤟,0,0,0,,
rezamuhammadalimahfudz,Semakin yakin❤ Insha Allah Makin Mantap Tetap Pilih 02. Letjend. TNI (Purn.) Prabowo Subianto For Presiden RI. Atas izin Allah Insha Allah Mantap Satu putaran. Salam sehat dan panjang umur untuk saudara ku semuanya saja aamiin.,10,4,0,,
ipinkuproy6,@rezaalimahfudz harus nya dateng donk dialog ma tim kesehatan ahahaa,4,0,1,rezamuhammadalimahfudz,Semakin yakin❤ Insha Allah Makin Mantap Tetap Pilih 02. Letjend. TNI (Purn.) Prabowo Subianto For Presiden RI. Atas izin Allah Insha Allah Mantap Satu putaran. Salam sehat dan panjang umur untuk saudara ku semuanya saja aamiin.
zuraidahevy,@rezaalimahfudz hehehe... Mantab apanya. Mantab jogetnya 😂 1,0,0,1,rezamuhammadalimahfudz,Semakin yakin❤ Insha Allah Makin Mantap Tetap Pilih 02. Letjend. TNI (Purn.) Prabowo Subianto For Presiden RI. Atas izin Allah Insha Allah Mantap Satu putaran. Salam sehat dan panjang umur untuk saudara ku semuanya saja aamiin.
fandy_dyx,"@rezaalimahfudz sorry yee, presiden ku itu cerdas bukan gemoy yg gak punya gagasan🔥",0,0,1,rezamuhammadalimahfudz,Semakin yakin❤ Insha Allah Makin Mantap Tetap Pilih 02. Letjend. TNI (Purn.) Prabowo Subianto For Presiden RI. Atas izin Allah Insha Allah Mantap Satu putaran. Salam sehat dan panjang umur untuk saudara ku semuanya saja aamiin.
lopes.iman,@rezaalimahfudz preeet,0,0,1,rezamuhammadalimahfudz,Semakin yakin❤ Insha Allah Makin Mantap Tetap Pilih 02. Letjend. TNI (Purn.) Prabowo Subianto For Presiden RI. Atas izin Allah Insha Allah Mantap Satu putaran. Salam sehat dan panjang umur untuk saudara ku semuanya saja aamiin.
tisasalsabilaa,ASAL BUKAN PRABOWO,3,0,0,,
selametriyadi2345678,Bpk prabowo ❤️❤️❤️❤️,0,0,0,,
anggisett,AMIN 2024,0,0,0,,
anggraenaputtri,02❤️❤️,0,0,0,,
ety.moet,Prabowo 🔥,0,0,0,,
achmad_samroni,Emang kalo gak punya gagasan mending di jogetin aja.,0,0,0,,
nanang_saepudin_herlamb,✌️❤️,0,0,0,,
lindabadarudin97,Anis presiden ❤️,128,3,0,,
pakprabowonow,@lindabadarudin97 bokep,0,0,1,lindabadarudin97,Anis presiden ❤️
putra_wbsno20,@tandifebr cek kinerja Anis di @kkm.id,0,0,1,lindabadarudin97,Anis presiden ❤️
diastutilevi,Insya Allah pak Anies presiden RI 2024,231,2,0,,
fandy_dyx,@diastutilevi aamin,1,0,1,diastutilevi,Insya Allah pak Anies presiden RI 2024
ciwciww_yy,@diastutilevi bukan lapak anies,0,0,1,diastutilevi,Insya Allah pak Anies presiden RI 2024
firaaa.nmf,Ganteng banget si😍,0,0,0,,
adi_iqbaal,Amin aja dulu❤️😎☝️,52,0,0,,
srirahayuauliajasmin,Pendukung gemoy  persib orang  sangek😂😂😂😂😂,0,0,0,,
ifariz9,Disini Fans berat pak prabowo. ..ingin mempunyai kaosnya..😢,0,0,0,,
mikayla_riyanda,😍😍😍,0,0,0,,
riky_bean,Anak muda cirebon siap all in jendral pak prabowo ✌️🔥,0,0,0,,
mldnn.dnd,ALL IN PRABOWO GIBRAN MENUJU INDONESIA EMAS,0,0,0,,
jibrisaoza,Salam ✌️ Prabowo Gibran Karawang,0,0,0,,
yulieta_birru,Lampung All in Prabowo Gibran😍😍,0,0,0,,
carmiatiucup,Ikut barisan prabowo-gibran ✌️,0,0,0,,
kizuna347,All in prabowk,0,0,0,,
______rika1234,Orang waras pilih pak Prabowo ✌️✌️✌️✌️,0,0,0,,
safiraira588,Prabowo menang satu putaran 😍,0,0,0,,
kokom_274,02 gaspol,0,0,0,,
xnunar,Ga jls,3,0,0,,
yayahmuari,Warna bajunya bikin bahagia,0,0,0,,
abdillah.jhon,Baru kali ini pilpres seru senang bahagia gak tegang 02 Prabowo Gibran emang josss membawa aura positif buat Rakyat🔥,2,0,0,,
didik___harmoko,JAWA TIMUR ALL IN PRABOWO  GIBRAN❤️❤️❤️❤️❤️,340,27,0,,
mass.ekaa,@ninofebrian0705 lo doang Jawa Timur yg 02 😂,32,0,1,didik___harmoko,JAWA TIMUR ALL IN PRABOWO  GIBRAN❤️❤️❤️❤️❤️
rdwn.sym,@ninofebrian0705 Biduan aja lebih mending dibanding liat topeng monyet badut goyang gk jelas😂,15,0,1,didik___harmoko,JAWA TIMUR ALL IN PRABOWO  GIBRAN❤️❤️❤️❤️❤️
arifin_pjk,@ninofebrian0705 lah gue Jatim tetep Anies 🔥,26,0,1,didik___harmoko,JAWA TIMUR ALL IN PRABOWO  GIBRAN❤️❤️❤️❤️❤️
bisma_asterick,@ninofebrian0705 aku enggak wkwkw,14,0,1,didik___harmoko,JAWA TIMUR ALL IN PRABOWO  GIBRAN❤️❤️❤️❤️❤️
dicky_apex,@zainul_pjk cakep banget nih komen,5,0,1,didik___harmoko,JAWA TIMUR ALL IN PRABOWO  GIBRAN❤️❤️❤️❤️❤️
littlestar_aya,@ninofebrian0705 aku jawatimur tapi ogah pilih 02,12,0,1,didik___harmoko,JAWA TIMUR ALL IN PRABOWO  GIBRAN❤️❤️❤️❤️❤️
rizki_elsyiam,@ninofebrian0705 aku Jawa AMIN,11,0,1,didik___harmoko,JAWA TIMUR ALL IN PRABOWO  GIBRAN❤️❤️❤️❤️❤️
abdullatif.an,@ninofebrian0705 buat SDM rendah,5,0,1,didik___harmoko,JAWA TIMUR ALL IN PRABOWO  GIBRAN❤️❤️❤️❤️❤️
khadijah_hijabs,@ninofebrian0705 sy jatim pilih 01,8,0,1,didik___harmoko,JAWA TIMUR ALL IN PRABOWO  GIBRAN❤️❤️❤️❤️❤️
mellamonabila,"@ninofebrian0705 ngga tuh, aku jatim sekeluarga pak @aniesbaswedan",2,0,1,didik___harmoko,JAWA TIMUR ALL IN PRABOWO  GIBRAN❤️❤️❤️❤️❤️
tari_araaya,@ninofebrian0705 aku jatim sekeluarga pilih 01 sorry yee sorry yee 😂,3,0,1,didik___harmoko,JAWA TIMUR ALL IN PRABOWO  GIBRAN❤️❤️❤️❤️❤️
lauren20.08,@ninofebrian0705 JATIM 02❤️❤️,0,0,1,didik___harmoko,JAWA TIMUR ALL IN PRABOWO  GIBRAN❤️❤️❤️❤️❤️
bent_kimci,@ninofebrian0705 kere kere😂😂😂,1,0,1,didik___harmoko,JAWA TIMUR ALL IN PRABOWO  GIBRAN❤️❤️❤️❤️❤️
nisrina.huwaidaa_,@ninofebrian0705 bawak2 Jawa timur.....luu aja kalii,2,0,1,didik___harmoko,JAWA TIMUR ALL IN PRABOWO  GIBRAN❤️❤️❤️❤️❤️
bond1212247,@ninofebrian0705 jgn bawa2 jawa timur kau goblok😂😂 gua ga tuh 100% ANIES BASWEDAN,0,0,1,didik___harmoko,JAWA TIMUR ALL IN PRABOWO  GIBRAN❤️❤️❤️❤️❤️
fandy_dyx,@ninofebrian0705 otak udang,0,0,1,didik___harmoko,JAWA TIMUR ALL IN PRABOWO  GIBRAN❤️❤️❤️❤️❤️
lopes.iman,@ninofebrian0705 Jawa timur yg mana ou,0,0,1,didik___harmoko,JAWA TIMUR ALL IN PRABOWO  GIBRAN❤️❤️❤️❤️❤️
wardana.alesandro,@ninofebrian0705 hahaha Jawa Timur timur 😂😂😂😂😂,0,0,1,didik___harmoko,JAWA TIMUR ALL IN PRABOWO  GIBRAN❤️❤️❤️❤️❤️
kapten_ina_cantik,@ninofebrian0705 ah ga mau ga punya gagasan sy pilih amin aja yg punya rekam jejaknya nyata amin aja dulu,1,0,1,didik___harmoko,JAWA TIMUR ALL IN PRABOWO  GIBRAN❤️❤️❤️❤️❤️
debbitrirahayu,@ninofebrian0705 surabaya AMIN😍,0,0,1,didik___harmoko,JAWA TIMUR ALL IN PRABOWO  GIBRAN❤️❤️❤️❤️❤️
fierdaanata,@ninofebrian0705 Lo aj kali,0,0,1,didik___harmoko,JAWA TIMUR ALL IN PRABOWO  GIBRAN❤️❤️❤️❤️❤️
mazerorz,"@ninofebrian0705  nanti apa apa mahal nangis.. Sambat, nyalain pemerintah, wongyg milih anda sendiri",0,0,1,didik___harmoko,JAWA TIMUR ALL IN PRABOWO  GIBRAN❤️❤️❤️❤️❤️
bukan_pendukung_02,@ninofebrian0705 lo doang sma kluargmu kmren di srbya kota pling besar ko sepi 😂😂😂 msihkah all in😂,0,0,1,didik___harmoko,JAWA TIMUR ALL IN PRABOWO  GIBRAN❤️❤️❤️❤️❤️
melfins_sa,"@ninofebrian0705 elu aja, gue mah mau mengAMINkan indonesia😂☝🏻☝🏻",0,0,1,didik___harmoko,JAWA TIMUR ALL IN PRABOWO  GIBRAN❤️❤️❤️❤️❤️
joandaffa1,"@ninofebrian0705 apa pun pertanyaan ,pendukung prabowo jawabannya ALL IN😂😂😂",0,0,1,didik___harmoko,JAWA TIMUR ALL IN PRABOWO  GIBRAN❤️❤️❤️❤️❤️
dyah_kusuma4,@ninofebrian0705 siap gass✌️,0,0,1,didik___harmoko,JAWA TIMUR ALL IN PRABOWO  GIBRAN❤️❤️❤️❤️❤️
encupcuplis,Ya jogetin ajahhhh slm 2 jari,0,0,0,,
lompoliuwr,mantap vero walandouw kita org minahasa mmng harus pilih bpk prabowo gibran dukung sampai 1 putaran saja Amin😇😇😇,0,0,0,,
suryanisunawi,Iyo to iyo to,0,0,0,,
fitrii.wally,Kalau cuman pintar bacot mendingan diam dahh😂.. yg pintar ngomong belum tentu pintar krja ya mbak😂.. pintar itu banyak macam mbak. Salah satunya juga pintar janji manis dan pintar bohong.. masi banyak definisi pintar😂 All ini 02❤️❤️,0,0,0,,
meyraamey_,Prabowo❤️❤️🔥,0,0,0,,
lomah_happynoah,Homaa musik @fero_walandouw,1,0,0,,
agstnptr_r,senam sehatttt,0,0,0,,
rans_fcriau,🔥🔥😎,0,0,0,,
bassam_mee,Prabowo yess 😍,75,0,0,,
azriiel_2925,Gass 02 🔥🔥,0,0,0,,
dina_mkoapa,uhuuyyyy🙌🔥,0,0,0,,
raflin_makal,Torang kawal sampe lantik ✌🏻🔥🔥,21,3,0,,
rdwn.sym,"@raflin_makal kawal smpe stroke lagi, mending lo doain moga2 sehat liat Pak Anies majukan Indonesia",5,0,1,raflin_makal,Torang kawal sampe lantik ✌🏻🔥🔥
raflin_makal,Lah ngapain nyinyirin capres lain sih anjeng. Kalo merasa lu bakalan menang yah gak perlu masuk postingan capres lain buat nyinyir dong 🤣,0,0,1,raflin_makal,Torang kawal sampe lantik ✌🏻🔥🔥
lembagaim,Setuju,2,0,1,raflin_makal,Torang kawal sampe lantik ✌🏻🔥🔥
amin_x_gung,Mata duwitan,0,0,0,,
apakorsquad,Mudahan Prabowo mang bang,2,2,0,,
fandy_dyx,"@apakorsquad menanggung kekalahan, aaminn❤️",0,0,1,apakorsquad,Mudahan Prabowo mang bang
lopes.iman,@apakorsquad preti,0,0,1,apakorsquad,Mudahan Prabowo mang bang
ladybyunn,2❤️❤️,0,0,0,,
sjenyrundengan,PRAGIB 🔥🔥🔥,44,1,0,,
lopes.iman,@sjenyrundengan preeet,0,0,1,sjenyrundengan,PRAGIB 🔥🔥🔥
a_suhanto,Amin aja,5,0,0,,
meisy704,✌🏾,2,0,0,,
feradiaphenia,❤️❤️❤️,0,0,0,,
its_______raannnn,✌️✌️✌️✌️,2,1,0,,
fandy_dyx,"@oktaviany306 tangan kau lapet, all in anis🔥",0,0,1,its_______raannnn,✌️✌️✌️✌️
yanie_subkhi,"Gak ngaruh artis banyak yg ke 02 ,tetap bismillah pak Anis president Aamiin",2,0,0,,
fi_triani5055,✌️✌️😺😺✌️✌️🤲🤲😚👃👍💪🇦🇹👌,1,0,0,,
rosalikatrin,#allinprabowogibran#torangdengprabowo ✌️✌️🤩🔥,3,0,0,,
melamaringka_mdc,Im So Happy 😍😍😍😍 meledak 🔥🔥🔥 ✌ @fero_walandouw 👏 semoga bisa se panggung lagi ❤🤗,3,0,0,,
rickyalfarizzy__,All in Prabowo-Gibran✌🏻🤩🤩,599,3,0,,
fandy_dyx,"@rickyalfarizzy__ all in siapa aja, asalkan jangan prabowo , takbirrr",2,0,1,rickyalfarizzy__,All in Prabowo-Gibran✌🏻🤩🤩
lopes.iman,@rickyalfarizzy__ preeet,0,0,1,rickyalfarizzy__,All in Prabowo-Gibran✌🏻🤩🤩
seya._hyl,@rickyalfarizzy__ taunya all in all in doang yah? 😂,0,0,1,rickyalfarizzy__,All in Prabowo-Gibran✌🏻🤩🤩
ummu.andra8,✌✌✌✌🔥🔥🔥🔥🔥,1,0,0,,
rizkaelvira_,✌✌,1,0,0,,
purwadispdpurwadi,❤️02,0,0,0,,
rimas.mas.5648,02 💘💘💘💘,0,0,0,,
yanteraka,🤟🤟🤟🤟,0,0,0,,
baihaqikhaizan93,Aku bersamamu pak anis 👏,5,0,0,,
shmllll20,All in prabowo ✌️❤️❤️❤️,15,2,0,,
fandy_dyx,@symh.shmll otak udang,0,0,1,shmllll20,All in prabowo ✌️❤️❤️❤️
lopes.iman,@symh.shmll preet,0,0,1,shmllll20,All in prabowo ✌️❤️❤️❤️
mr_dedy_,Memang terbaik 🔥✌🏻,5,2,0,,
lopes.iman,Preeeet,0,0,1,mr_dedy_,Memang terbaik 🔥✌🏻
mr_dedy_,@lopes.iman hush.. Hush 😂😂,0,0,1,mr_dedy_,Memang terbaik 🔥✌🏻
umek_azz.16,Ga pendukungnya ga komandannya emang cakep semua 🤣♥️,5,0,0,,
macalawera19,No 2 ✌️✌️✌️,1,0,0,,
cindyynajoan,torang deng prabowo,1,0,0,,
ismailmajid_,Unfollow dah,0,0,0,,
darmayanti1037,✌️,1,0,0,,
den.moz.33,Gemoyyyy❤️❤️❤️,0,0,0,,
keylla7721,Salam ✌️🫰❤️❤️,0,0,0,,
pangsitayam_karyawangi,ᴹᵉⁿᵈⁱⁿᵍ ʲᵃʲᵃⁿ ʷᵒⁿᵗᵒⁿ ᵃʲᵃ ᵈᵉʰ. ᴾᵘˢⁱⁿᵍ ᵈᵉᵇᵃᵗ ᶜᵃᵖʳᵉˢ.,0,0,0,,
lastrisu651,✌️✌️✌️✌️🔥,1,0,0,,
ah1ma2d_,Apa.nama DJ nya di capcut,0,0,0,,
rantiramadiantii,Sarimi isi ✌🏻,1,0,0,,
rantiramadiantii,✌🏻✌🏻✌🏻✌🏻✌🏻,1,0,0,,
arista_mayaa,02 ✌️,2,0,0,,
ekayani.yani.391,Sorry ya rakyat pada cerdas masak jualan goyang gemuk-gemboy orang rakyat itu butuh makan butuh bahan pokok yang murah nggak butuh yang goyang-goyang butuh itu gagasan punya moral punya etika cukup nomor satu Amin 2024,4,0,0,,
ine_depaul,❤️❤️❤️❤️,0,0,0,,
evanalikendal,goyang melulu giliran debat nangis....😂😂😂😂,228,21,0,,
exyzxlass,@evanalikendal emang boleh sefakta itu?😂,5,0,1,evanalikendal,goyang melulu giliran debat nangis....😂😂😂😂
riskauni_,@evanalikendal mkmkmkmkmk😂,3,0,1,evanalikendal,goyang melulu giliran debat nangis....😂😂😂😂
nita_kawakib,@_piy0o iyaa bener😂,1,0,1,evanalikendal,goyang melulu giliran debat nangis....😂😂😂😂
ndayyy_y,"debat mulu, kasih janji mulu, ga ada buktinya buat apa? mending gausah banyak ngomong tapi tiba' terbukti hehe",15,0,1,evanalikendal,goyang melulu giliran debat nangis....😂😂😂😂
_ciiputriiiiiii,"Alah emak""buzzer anis😂",9,0,1,evanalikendal,goyang melulu giliran debat nangis....😂😂😂😂
syahetzsch_,Hahahahahhahahahahahahah,0,0,1,evanalikendal,goyang melulu giliran debat nangis....😂😂😂😂
bangemss.advertising,Pake lagu dawai lagi 😂,0,0,1,evanalikendal,goyang melulu giliran debat nangis....😂😂😂😂
gaarainnova,Jangan di ulti mbak😂,1,0,1,evanalikendal,goyang melulu giliran debat nangis....😂😂😂😂
pipaupapiu,"Diem bu, ibu g diajk",0,0,1,evanalikendal,goyang melulu giliran debat nangis....😂😂😂😂
hamidahnst.29,Gimna gak nangis di bully sama orng yg ga tau diri contohnya anis,0,0,1,evanalikendal,goyang melulu giliran debat nangis....😂😂😂😂
putr4rmdhni,Muka kek puan😂,0,0,1,evanalikendal,goyang melulu giliran debat nangis....😂😂😂😂
ade.samun,😂hahhahahaha😢,0,0,1,evanalikendal,goyang melulu giliran debat nangis....😂😂😂😂
azkiaelinazakirah,"Ibu""julidnihhh",0,0,1,evanalikendal,goyang melulu giliran debat nangis....😂😂😂😂
yunihermann,Menyala kakak...jual tangisan biar orang simpati..padahal habis itu ngatain orang goblok..,0,0,1,evanalikendal,goyang melulu giliran debat nangis....😂😂😂😂
bsirunn,Saya kira saya setuju dengan pendapat mas Anis dan mas Ganjar,0,0,1,evanalikendal,goyang melulu giliran debat nangis....😂😂😂😂
flower.dinn_4,gosip aja sana bu sma tetangga😂,0,0,1,evanalikendal,goyang melulu giliran debat nangis....😂😂😂😂
ikaarorrr,yang penting ga dibaptis wkaowkw kocak,0,0,1,evanalikendal,goyang melulu giliran debat nangis....😂😂😂😂
febnrhmaw__,Bukannya pilihan situ giliran didebatin jawaban tidak masuk akal😂,0,0,1,evanalikendal,goyang melulu giliran debat nangis....😂😂😂😂
nza_548,Aduhh tolong gemes banget ciiiii 😍,0,0,0,,
surkiahsyahid123,Amin,2,0,0,,
surkiahsyahid123,"Modal goyang doang rusak.negara, semoga calon ini ga akan pernah terpilih.",0,0,0,,
londahjulitha,Ityyyyyuuu karu dia✌️✌️✌️✌️,2,0,0,,
cewe.banten.37,😍,0,0,0,,
annetteldewi,🔥🔥🔥,4,0,0,,
wulananggraeni103,Gaasskkeeunnnn ✌️,1,0,0,,
susiroger,prabowo ❤️❤️ 2 .,6,0,0,,
amranggurs,"Prabowo & Gibran, sukses selalu..😍",2,0,0,,
yuliaagus834,Duh babang makin sehati kita ya kan hahahahha,1,0,0,,
f.indrianyyy,02 HADIRR!!!!!!🙌🔥,2,0,0,,
ayuusantrii,Mancapppp🔥🔥🔥❤️❤️❤️,1,0,0,,
sari_agustanti,✌️✌️✌️✌️✌️,1,0,0,,
nyt_smbw,✌️,1,0,0,,
nova_andrea1606,"Ok gas oke gas , Prabowo Gibran Torang gass ✌️",2,0,0,,
mandalino999,✌🏻✌🏻✌🏻🤍🤍🤍,1,0,0,,
amelwulur,❤️,0,0,0,,
krisjulius.13,✌✌✌✌✌,1,0,0,,
liasherlisyifabella,Keren fero_walandouw👏👏👏😍,2,0,0,,
noviaveiro,Oke gas oke gasss ✌ wes wayah e,1,0,0,,
iputstiftmh,❤️🔥,1,0,0,,
oppangalila20,Prabowo Gibran 🇮🇩 RI 1 ✌️ 1 putaran Amin.,2,0,0,,
dsriana_sari,❤️❤️❤️❤️,0,0,0,,
aniezaniz2,✌️✌️✌️✌️✌️✌️✌️✌️✌️✌️✌️,2,0,0,,
papykeai,😍😍😍✌️✌️✌️✌️✌️,2,0,0,,
atikahchairunnisaa,Jmlop datgc ksimp eusat inlqwe kmpsilo💃🕺🎤🥁🎧🎸🎷🎹,0,0,0,,
don_caberes,Torang deng @prabowo @gibran_rakabuming . #1PUTARAN JO. SALAM ✌️,4,0,0,,
asrimadiun,Taiwan 02,3,0,0,,
ilham_maruf03,Torang deng Gemoy✌🏻 All in prabowo. No debatt🔥❤️‍🔥✌🏻,11,0,0,,
mamaeyuti,😍😍✌️✌️,1,0,0,,
dewi.aminah185,Gaskeun✌️✌️✌️,2,0,0,,
marysilvita,🔥🔥🔥,1,0,0,,
lorensiaemma,All in Prabowo Gibran ❤️‍🔥,2,0,0,,
__selania__,🔥✌,1,0,0,,
mamankvr_,Yg penting joget aja dulu masalah gagasan hanya gibran dan usman yg tau,0,0,0,,
sayayesushanyanabi,THE BEST MAN IN THE WORLD PAK ANIES BASWEDAN JADI PRESIDEN GUYS INDONESIA AMAN DAH.,0,0,0,,
sayayesushanyanabi,"PRABOWO PROGRAM TRILIUNAN GAGAL, ADA DI VIDEO SAYA CEK POSTINGAN, GIBRAN PLONGA PLONGO, APANYA YANG HARUS DI PILIH?",0,0,0,,
sayayesushanyanabi,"Sebutkan prestasi PRABOWO selain Urus keluarga GAGAL, urus PT TMI 1760 T GAGAL, urus food ESTATE GAGAL 108,8 T. Lalu sok sok an URUS INDONESIA? SALAM ANTI PLONGA PLONGO.",0,0,0,,
sayayesushanyanabi,"PRABOWO GGA BISA BACA ALQUR'AN, CERE SAMA ISTRI NYE,NAIKIN PAJAK, JOGET TOPENG MONYET, GGA BISA SHOLAT. APA YANG KALIAN BANGGAKAN?",5,1,0,,
fandy_dyx,"@kafirmenujuislam rata rata pemilih 02 itu orang nya buta map bg, dark sistem dan epik abadi",0,0,1,sayayesushanyanabi,"PRABOWO GGA BISA BACA ALQUR'AN, CERE SAMA ISTRI NYE,NAIKIN PAJAK, JOGET TOPENG MONYET, GGA BISA SHOLAT. APA YANG KALIAN BANGGAKAN?"
sayayesushanyanabi,KIRAIN YANG LEBIH DUNGU BODOH BEGO TOLOL PRABOWO? RUPANYA PARA PENDUKUNG O2 JAUH LEBIH DUNGU. HAHAHAHA HAHAHA. SALAM ANTI PLONGA PLONGO.,0,0,0,,
mitrass55,"Mau kalah maupun menang..
Tetap Prabowo di ❤️🌹✌️",4,1,0,,
ifariz9,Betull bang,0,0,1,mitrass55,"Mau kalah maupun menang..
Tetap Prabowo di ❤️🌹✌️"
freddy_lempas,Wah ada pak imba rogi🫰,1,0,0,,
salmawati.sunusi,"Gemoy banget, Salam 2 jari",4,4,0,,
fandy_dyx,"@sela.muslimah.9 gemoy kok udah kakek kakek, lawak kau dek😂",0,0,1,salmawati.sunusi,"Gemoy banget, Salam 2 jari"
salmawati.sunusi,@fandy_arsah kamu kalah dong sm kakek²😄,0,0,1,salmawati.sunusi,"Gemoy banget, Salam 2 jari"
lopes.iman,@sela.muslimah.9 preeet,0,0,1,salmawati.sunusi,"Gemoy banget, Salam 2 jari"
salmawati.sunusi,@lopes.iman prittt,0,0,1,salmawati.sunusi,"Gemoy banget, Salam 2 jari"
huda_stell01,All in prabowo siap gada sertifikat rumah😂,0,0,0,,
mawarzuizui,Kerennn👏👏👏🔥🔥❤️❤️❤️✌️✌️✌️,2,0,0,,
rinafitria5778,Prabowo ✌️,2,0,0,,
ritchiekotambunan,❤️❤️❤️❤️,0,0,0,,
waseng_26,Waktunya Sulawesi Utara dukung Bapak Prabowo Subianto berdarah Minahasa untuk menjadi Presiden RI🇮🇩 👌✌,58,1,0,,
meiske_uhing,@mustikalengkongan10 Rapatkan barisan team Gemoy🔥🔥🔥🔥🔥 Sulut all in Prabowo Gibran,2,0,1,waseng_26,Waktunya Sulawesi Utara dukung Bapak Prabowo Subianto berdarah Minahasa untuk menjadi Presiden RI🇮🇩 👌✌
bella_sinta09,Prabowo Gibran Menang👏🔥 So Pasti😍,3,0,0,,
husfullaili,PRAGIB🔥🔥🔥,66,1,0,,
lopes.iman,@husfullaili preet,0,0,1,husfullaili,PRAGIB🔥🔥🔥
bella_sinta09,😍😍,0,0,0,,
janah.miftachul,Bismillah Prabowo Gibran menang satu putaran aamiin 🫰✌️,9,1,0,,
termassud,"@janah.miftachul knp cuma 1 putaran..harus 100 putaran 😂😂 biar puyeng di putar "" wkkk",0,0,1,janah.miftachul,Bismillah Prabowo Gibran menang satu putaran aamiin 🫰✌️
ladieses.es,🙌🙌,2,0,0,,
azahra.saputri.9809,Bang Fero dapat Beby gemoy ✌️😍,6,0,0,,
greyti_feiren,"Ada baby Jheren juga😁 tim Gemoy, #torangprabowo ✌🏻🔥🔥",7,2,0,,
febitaan,@greyti_feiren hahaha iyaa...kader gerindra sejak dalam kandungan❤️,0,0,1,greyti_feiren,"Ada baby Jheren juga😁 tim Gemoy, #torangprabowo ✌🏻🔥🔥"
greyti_feiren,"@febitaan haha, iya bi dia udah berjuang di partai sejak dini😁",0,0,1,greyti_feiren,"Ada baby Jheren juga😁 tim Gemoy, #torangprabowo ✌🏻🔥🔥"
johanes_tutu,Kerenn abiss😍😍🔥🔥,4,0,0,,
jer.ry9887,✌️✌️✌️,3,0,0,,
afti_susanti,😂😂jualan goyang doang di tanyakan tak bisa jawab,3170,562,0,,
vivi_vj09,@afti_susanti bukan gk bisa jawab nek😂tapi memang tidak boleh di jawab depan umum masalah pertahanan .jangan bodoh deh,37,0,1,afti_susanti,😂😂jualan goyang doang di tanyakan tak bisa jawab
afti_susanti,"@_albash_98 kau ini yg paling gblok, di tanyakan apa  goreng nya apa makanya bang paham apa yg di maksud apa yg di tanyakan kaya prabowo aja kadin tanya apa jawabanya rumput laut di jadiin ppuk dn BBM😂😂😂",10,0,1,afti_susanti,😂😂jualan goyang doang di tanyakan tak bisa jawab
afti_susanti,@_albash_98 abang juga kayanya harus les lagi deh mna yg tdak perlu di publik dn mna yg engg?,81,0,1,afti_susanti,😂😂jualan goyang doang di tanyakan tak bisa jawab
albasyir_98,@afti_susanti bicit banget 😂,79,0,1,afti_susanti,😂😂jualan goyang doang di tanyakan tak bisa jawab
albasyir_98,@afti_susanti gak usah ngegas deh haha,46,0,1,afti_susanti,😂😂jualan goyang doang di tanyakan tak bisa jawab
afti_susanti,"@_albash_98 pda hal kasibtau kenyataan di bilang ngegas, yg ngerasa ngegakn kmu kaya wowo aja",43,0,1,afti_susanti,😂😂jualan goyang doang di tanyakan tak bisa jawab
afti_susanti,@_albash_98 otaknya dungu tdak bisa membedakan mana Capres yg ngegas cuman bawa nama org maling teriak maling😂😂,0,0,1,afti_susanti,😂😂jualan goyang doang di tanyakan tak bisa jawab
ryuto_86,@afti_susanti dikasih kenyataan bhw km bodoh 😂😂,0,0,1,afti_susanti,😂😂jualan goyang doang di tanyakan tak bisa jawab
cameliatan23,"@afti_susanti mau jualan goyang,jualan combro yg penting gak pake janji dp 0% atau 1 lg gaya nya alay2😂. Tetap no 2 yang paling waras!",108,0,1,afti_susanti,😂😂jualan goyang doang di tanyakan tak bisa jawab
afti_susanti,@cameliatan23 wkwk siapa yg janji bgtu? Ganjar mahfud pilihan terbaik untuk Indonesia🤟🤟🤟,4,0,1,afti_susanti,😂😂jualan goyang doang di tanyakan tak bisa jawab
dennyzhalaya,@_albash_98 he lu yg giblik yg di tanya tu anggaran atau dana bukan strategi 😂😂,12,0,1,afti_susanti,😂😂jualan goyang doang di tanyakan tak bisa jawab
cameliatan23,@afti_susanti Ganjar Alay😂😂😂,14,0,1,afti_susanti,😂😂jualan goyang doang di tanyakan tak bisa jawab
afti_susanti,@cameliatan23 prabowo kali,1,0,1,afti_susanti,😂😂jualan goyang doang di tanyakan tak bisa jawab
rikapurnamaa_18,@afti_susanti ngapain ngab ke lapak sini repot2 sepi yaa lapak sana 😂,20,0,1,afti_susanti,😂😂jualan goyang doang di tanyakan tak bisa jawab
ezari14,@afti_susanti yg jualan janji manis apa kabar tuh?ga masuk logika semua🤭,4,0,1,afti_susanti,😂😂jualan goyang doang di tanyakan tak bisa jawab
afti_susanti,@ezari14 siapa ych klua pak gnjar kerja nyata merakyat asli jawa dn asli Indonesia,1,0,1,afti_susanti,😂😂jualan goyang doang di tanyakan tak bisa jawab
arsyilla.ratis28,"@afti_susanti maaf mba ngga suka silahkan skip. Smua orang bebas berkampanye seperti Paslon anda yg dg secara terang mengajak para warga Indonesia untuk ikut berpartisipasi dlm penggalangan dana rakyat yg berada di platform @gotongroyongrakyat.id itu gimana mba..smua orang punya kekurangan begitupun Paslon pilihan mbanya. Paslon anda pun punya rekam jejak yg maaf banyak orang kurang suka dan pendukung Paslon lain punya lidah. Jangan sampai dg ketikan yg ""maaf""ngga seberapa kelak justru memberatkan mbanya dlm Yaumil hisab. Slm damai❤️",10,0,1,afti_susanti,😂😂jualan goyang doang di tanyakan tak bisa jawab
sherlyna.3,@afti_susanti yasudah kalo lo mau pilih ganjar dan mahfud sok atuh gak usah menjelekan yg lain ga ush bkin rusuh nenek sihir 🤪,5,0,1,afti_susanti,😂😂jualan goyang doang di tanyakan tak bisa jawab
afti_susanti,@sherlyna.3 trus loe bole jadi nenek sihir? Hey 02 itu jelas jelas pelanggaran HAM pak prabowo gibran pelanggaran konstitusi dn demokrasi? Bljar dong mba,0,0,1,afti_susanti,😂😂jualan goyang doang di tanyakan tak bisa jawab
sherlyna.3,@afti_susanti iya si plig pinterrr dahhh,0,0,1,afti_susanti,😂😂jualan goyang doang di tanyakan tak bisa jawab
afti_susanti,@sherlyna.3 lah emng gibran prabowo flashback ke blkng mrka kann pelanggaran,0,0,1,afti_susanti,😂😂jualan goyang doang di tanyakan tak bisa jawab
yessiayusafitry_16,"@afti_susanti ribet dukung2 aja g ush omong, bebas kok mau pilih siapa aja .",0,0,1,afti_susanti,😂😂jualan goyang doang di tanyakan tak bisa jawab
kikyannisa21,@afti_susanti kerja nyata apa jalan di jateng bolong kabeh. Kampanye koq minta dana dr masyarakat  sedih kali 😂😂,1,0,1,afti_susanti,😂😂jualan goyang doang di tanyakan tak bisa jawab
fitrii.wally,@afti_susanti sirik ya mbak😂,1,0,1,afti_susanti,😂😂jualan goyang doang di tanyakan tak bisa jawab
ysz_yasss,"@afti_susanti apa gk capek ngotorin komen dgn hal jelek mulu seolah paslon lu paling sempurna. ya mending lo ke ig pak ganjar puji2 terus dia, jgn cmn bisa mencari kejelekan paslon lain aja. jogetin aja ah bawa happy drpd nebar negative vibe😍😍",4,0,1,afti_susanti,😂😂jualan goyang doang di tanyakan tak bisa jawab
afti_susanti,@fitrii.wally sirik? Sirik itu aku omng tentang harta bgtu ini kan jelas 02itu pelanggaran HAM pelanggaran konstitusi dn perusak demokrasi,0,0,1,afti_susanti,😂😂jualan goyang doang di tanyakan tak bisa jawab
_novaliaaaa,@afti_susanti daripada kamu cuma bisa ngomong haha,0,0,1,afti_susanti,😂😂jualan goyang doang di tanyakan tak bisa jawab
banatz93,@afti_susanti idiiihhh lu ga di ajak pergi lu oh iya lapak 01 03 kan sepi 🤣,1,0,1,afti_susanti,😂😂jualan goyang doang di tanyakan tak bisa jawab
afti_susanti,@_novaliaaaa idih emng aku tak bayar pajak ych? Rakyat itu harus bersuara,0,0,1,afti_susanti,😂😂jualan goyang doang di tanyakan tak bisa jawab
afti_susanti,"@banatz93 masa sepi, waduhh lapaknya mngkn sepi tpi klau ke mana-mana tnpa bawa artis pejabat dn pengusaha terkenal slalu rame, klau 02artis tak ada sepi",0,0,1,afti_susanti,😂😂jualan goyang doang di tanyakan tak bisa jawab
fitrii.wally,@afti_susanti kalau benar terbukti pelanggaran HAM apakah 02 pernah di penjara.. tidak kan mbak.. jadi gak usah sok tau ya mbah..,2,0,1,afti_susanti,😂😂jualan goyang doang di tanyakan tak bisa jawab
fitrii.wally,@afti_susanti kalau gak mau nyoblos 02 gak usah banyak bacot. 02 juga gak paksa kamu buat nyoblos mereka..,2,0,1,afti_susanti,😂😂jualan goyang doang di tanyakan tak bisa jawab
afti_susanti,"@fitrii.wally jelas jelas mrka pelanggaran HAM perusak konstitusi buktinya paman gibran di pecat, kan mrka kan bbyak org dlam dn penguasa ketum kpk firli aja ngga penjara pda hal udah tersangka",0,0,1,afti_susanti,😂😂jualan goyang doang di tanyakan tak bisa jawab
fitrii.wally,@afti_susanti aduh mbak kok bicara sampe ke padanya. Ini kita bicara tentang capres dan cawapres mbak... kalau kk mbak mencuri trus nuduhnya ke mbak yg mencuri apakah mbak terima.. udah mbak diam aja yaaa.. 02 terbaik untuk indonesia ❤️❤️❤️,0,0,1,afti_susanti,😂😂jualan goyang doang di tanyakan tak bisa jawab
fitrii.wally,@afti_susanti gak ada sangkut pautnya sama paman nya gibran ya mbak. Jadi mbak diam aja di tempat😂,0,0,1,afti_susanti,😂😂jualan goyang doang di tanyakan tak bisa jawab
ciyxlz12,@afti_susanti emang anda bisa 😂😂😂,0,0,1,afti_susanti,😂😂jualan goyang doang di tanyakan tak bisa jawab
afti_susanti,@fitrii.wally biar bawahan prabowo tak gelap mata kalau wowo ngga bisa apa apa,0,0,1,afti_susanti,😂😂jualan goyang doang di tanyakan tak bisa jawab
fitrii.wally,@afti_susanti gak bisa apa² mungkin kamunya 😂.. gak tau ya kamu skrang Indonesia udah dibperingkt keberapa kekuatannya.. itu semua krna pa prabowo mbak.. bukn karna mbaknya😂😂,1,0,1,afti_susanti,😂😂jualan goyang doang di tanyakan tak bisa jawab
afti_susanti,@fitrii.wally 😂😂wah woiii krna Bpk jokowidodo bu jngn tidur bkn wowo,0,0,1,afti_susanti,😂😂jualan goyang doang di tanyakan tak bisa jawab
fitrii.wally,@afti_susanti itu kerjanya menteri pertahanan mbak😂 mending belajar dulu mbak baru bacot😂,0,0,1,afti_susanti,😂😂jualan goyang doang di tanyakan tak bisa jawab
afti_susanti,@fitrii.wally yg jelas bbyak utang dri pertahanan 385triliunan kmu tau kata mba sri mulyani Mantri pertahanan tdak mau baca data dasarnya mlas belajar mngkn makanya tak bisa paham di tanya data umum buktinya juru bicara nya bisa Jawab,0,0,1,afti_susanti,😂😂jualan goyang doang di tanyakan tak bisa jawab
fitrii.wally,@afti_susanti mbak alat² perang untuk pertahan Indonesia bukan sama harga dengan harga bakso mbak. Jadi wajar kalau utangnya sebanyak itu.. nanti kalau perang bukan mengandalkan bacontan netizen kita butuh alat perang mbak.. kalau mau harga murah mbak sarankan ke mbak Mulyani beli aja pesawat mainan😂,1,0,1,afti_susanti,😂😂jualan goyang doang di tanyakan tak bisa jawab
afti_susanti,"@fitrii.wally cek dong mba org luar aja beli alutsista dgan harga 5,5m lah dsni smpe sgtu di tanyakan harga data tak bisa jawab",0,0,1,afti_susanti,😂😂jualan goyang doang di tanyakan tak bisa jawab
augusst_08,@afti_susanti ganjar boneka partai😂,1,0,1,afti_susanti,😂😂jualan goyang doang di tanyakan tak bisa jawab
afti_susanti,"@sibontott24 psti loe pndkung parbowo 4x kan yg ngatain boneka itukan kubu parbowo dlu bilng pak jokowidodo plonga plongo ank pki cebong kamprett lah sjrg ilang, biasa kata kata kbu parbowo yg sngt nurahaan",0,0,1,afti_susanti,😂😂jualan goyang doang di tanyakan tak bisa jawab
augusst_08,"@afti_susanti karna pngin bersatu damai, prabowo udh sadar, krna waktu itu ada pks",0,0,1,afti_susanti,😂😂jualan goyang doang di tanyakan tak bisa jawab
afti_susanti,"@sibontott24 masa sih mba? Cek dong pas debat 2x loh masih emosian, konpanye aja sindir sndir gblok, dn blng maling kundang apa dia tak sdar lgi omongin dri sndri, klau pemimpin yang, pantas di lihat dri segi merakyat Mengayomi rakyat hanya pak ganjr deh",0,0,1,afti_susanti,😂😂jualan goyang doang di tanyakan tak bisa jawab
shintayuliyantii_,"@afti_susanti terserah anda saja biar susanti senang, maap ya saya ingetin katanya asa salah satu capres yang akan jadi tersangka korupsi ketika nnti kalah pada putaran ke 1,jaga2 deh hehe",0,0,1,afti_susanti,😂😂jualan goyang doang di tanyakan tak bisa jawab
shintayuliyantii_,@s__yntaa maap typo hehe,0,0,1,afti_susanti,😂😂jualan goyang doang di tanyakan tak bisa jawab
afti_susanti,"@s__yntaa masa? Tebak capres siapa? Pak ganjr mahfud mah bebas dri kasus korupsi loh, cman takut nya pak wowo sndri",0,0,1,afti_susanti,😂😂jualan goyang doang di tanyakan tak bisa jawab
shintayuliyantii_,"@afti_susanti sutttttt, ganjar pernah masuk ke isu di kpk, anis juga pernah tentang formula e, prabowo? gapernah boss",0,0,1,afti_susanti,😂😂jualan goyang doang di tanyakan tak bisa jawab
cicamonika26,@afti_susanti kemakan omongan vicky 😂,0,0,1,afti_susanti,😂😂jualan goyang doang di tanyakan tak bisa jawab
afti_susanti,@cicamonika26 kmu mngkn,0,0,1,afti_susanti,😂😂jualan goyang doang di tanyakan tak bisa jawab
riky_bean,@afti_susanti capres ko minta donasi minimal modal sendiri😂,1,0,1,afti_susanti,😂😂jualan goyang doang di tanyakan tak bisa jawab
riky_bean,"@afti_susanti ga bisa apa apa, coba ganjar suruh masuk akademi militer frot bragg klau pak ganjar lulusan terbaik dari pak prabowo boleh nilai menhan 5/10 jateng jalan aja pada rusakk apa lagi urus negara😂",0,0,1,afti_susanti,😂😂jualan goyang doang di tanyakan tak bisa jawab
ndl_snth,@afti_susanti apa dasarnya kk mengatakan bahwa paslon 02 melanggar HAM?,0,0,1,afti_susanti,😂😂jualan goyang doang di tanyakan tak bisa jawab
fedriank21,@afti_susanti jadi rt,0,0,1,afti_susanti,😂😂jualan goyang doang di tanyakan tak bisa jawab
fedriank21,@afti_susanti ouhh COD?,0,0,1,afti_susanti,😂😂jualan goyang doang di tanyakan tak bisa jawab
fedriank21,@afti_susanti udah pintar mas lu brhnti ja bacot gua mau muntah dengar nya,0,0,1,afti_susanti,😂😂jualan goyang doang di tanyakan tak bisa jawab
fedriank21,@afti_susanti ganjar cocok jadi rt,0,0,1,afti_susanti,😂😂jualan goyang doang di tanyakan tak bisa jawab
afti_susanti,"@ndl_snth lah loe lupa loe jarang lihat berita sih taunya goyang doang, tu kpk lagi  sidang kode etik pelanggaran",0,0,1,afti_susanti,😂😂jualan goyang doang di tanyakan tak bisa jawab
afti_susanti,"@riky_bean yg jelas Pak ganjr mengusai debat pertahanan, ini Mantri asal mngkin krna pak jokowidodo bukan wowo drh",0,0,1,afti_susanti,😂😂jualan goyang doang di tanyakan tak bisa jawab
afti_susanti,@riang.wkwk prabowo subianto jdi rt tpi cygny Ibu RT nda ada😂,0,0,1,afti_susanti,😂😂jualan goyang doang di tanyakan tak bisa jawab
fedriank21,@afti_susanti kan ada mama lu bego amat mikir tuh pke otak jangn pke hidung,0,0,1,afti_susanti,😂😂jualan goyang doang di tanyakan tak bisa jawab
rhmnnafis,@afti_susanti Iduplu ke gapernah bahagia gitu knp si fren😂,1,0,1,afti_susanti,😂😂jualan goyang doang di tanyakan tak bisa jawab
ndl_snth,@afti_susanti hhhh si paling tahu kode etik🤪,0,0,1,afti_susanti,😂😂jualan goyang doang di tanyakan tak bisa jawab
ndl_snth,@afti_susanti ehh satu lagi yh selama belum ada putusan pengadilan maka belum dikatakan bersalah✌🏻,0,0,1,afti_susanti,😂😂jualan goyang doang di tanyakan tak bisa jawab
ndl_snth,Dan itu hanyalah sebuah konsep😅,0,0,1,afti_susanti,😂😂jualan goyang doang di tanyakan tak bisa jawab
afti_susanti,@ndl_snth konsep Ohw iya dinastik kan?,0,0,1,afti_susanti,😂😂jualan goyang doang di tanyakan tak bisa jawab
afti_susanti,@ndl_snth idih iya wowo pling tau etika dn maling kundang😂,0,0,1,afti_susanti,😂😂jualan goyang doang di tanyakan tak bisa jawab
afti_susanti,"@ndl_snth cek dong,, penguasa mah bebas😂",0,0,1,afti_susanti,😂😂jualan goyang doang di tanyakan tak bisa jawab
ndl_snth,"@afti_susanti klau gk punya dasar jngan asal ngomong kak, gk takut apa omongannya nntii ditelan lagi kan kasihan😆😆",0,0,1,afti_susanti,😂😂jualan goyang doang di tanyakan tak bisa jawab
ndl_snth,"@afti_susanti hhh iya"" si paling paham politik 🤣",0,0,1,afti_susanti,😂😂jualan goyang doang di tanyakan tak bisa jawab
slamettaufik18,@afti_susanti RAKYAT KONOHA BRISIK 😂,0,0,1,afti_susanti,😂😂jualan goyang doang di tanyakan tak bisa jawab
putrisari260112,"@afti_susanti fokus saja dengan pikihanmu, tidak usah membicarakan pilihan kami,, pilih sja pilihanmu, kami juga tidak memaksa kau pilih pilihan kami, bijak ber sosmed, selagi tidak merugikan kau,, knapa repot,, SORRY YEEE ✌✌✌",0,0,1,afti_susanti,😂😂jualan goyang doang di tanyakan tak bisa jawab
afti_susanti,@ndl_snth lah setidaknya sya bca  dri pda ono tak baca data jualan goyang,0,0,1,afti_susanti,😂😂jualan goyang doang di tanyakan tak bisa jawab
sity9440,"@afti_susanti terus kamu ngomongin ini itu dilapak orang apa?mau menebar kebencian...,",0,0,1,afti_susanti,😂😂jualan goyang doang di tanyakan tak bisa jawab
sity9440,@afti_susanti widih keliatan bngett ga pernah nnton berita...udah salah ngomongnya PD bangett😢,0,0,1,afti_susanti,😂😂jualan goyang doang di tanyakan tak bisa jawab
afti_susanti,"@sity9440 kasi tau kalau 02itu tak benar hasil dri pelanggaran HAM dan konstitusi dn perusak demokrasi,",0,0,1,afti_susanti,😂😂jualan goyang doang di tanyakan tak bisa jawab
afti_susanti,@sity9440 lah yg jelas dong bang berita apa tu buktinya gibran pelanggaran kode etik pelanggaran perusak konstitusi dn demokrasi pamannya di pecat mba mba,0,0,1,afti_susanti,😂😂jualan goyang doang di tanyakan tak bisa jawab
shafaruddinarvan,"@afti_susanti gebrak gebrak meja bisa juga, nyindir orang juga bisa, beli singkong triliun juga bisa, & beli pesawat bekas juga bisa.",1,0,1,afti_susanti,😂😂jualan goyang doang di tanyakan tak bisa jawab
mlsyntsrr__,@fitrii.wall aku padamu mbak😂,0,0,1,afti_susanti,😂😂jualan goyang doang di tanyakan tak bisa jawab
afti_susanti,@shafaruddinarvan sngat bisa mba 02😂,0,0,1,afti_susanti,😂😂jualan goyang doang di tanyakan tak bisa jawab
ndl_snth,"@afti_susanti wkwk mbak"" klau dasarnya belum jelas jangan dulu tabur kebencian kasihan entar telan ludah sendiri✌🏻",0,0,1,afti_susanti,😂😂jualan goyang doang di tanyakan tak bisa jawab
bandit_7jajakam,"@_albash_98 wwkw padahal gemoy aja bilang pertahanan Indonesia lemah biasa aja tuh, bilang aja gak bisa jawab",0,0,1,afti_susanti,😂😂jualan goyang doang di tanyakan tak bisa jawab
afti_susanti,"@ndl_snth aduh mba kok blom jelas yg jelas jelas pelanggaran HAM perusak Drmokrasi dn konstitusi, loenya aja yg udah di butakan emosian lgi",0,0,1,afti_susanti,😂😂jualan goyang doang di tanyakan tak bisa jawab
afti_susanti,@antung.okta woii emang kasih tau kenyataan harus bayar? Berarti loe pilih wowo di bayar ych?,0,0,1,afti_susanti,😂😂jualan goyang doang di tanyakan tak bisa jawab
fitrii.wally,@hiimelisaaa ahaahah.. susah nyadarin orang yg kerasukan mbak😂,1,0,1,afti_susanti,😂😂jualan goyang doang di tanyakan tak bisa jawab
afti_susanti,@fitrii.wally Widi kayanya kmu kerasukan kata wowo goblok,0,0,1,afti_susanti,😂😂jualan goyang doang di tanyakan tak bisa jawab
dassril_,@_albash_98 kocak lu broo yang di tanyak semua bisa di buka kok cuma Prabowo aja yang gak bisa jawab,0,0,1,afti_susanti,😂😂jualan goyang doang di tanyakan tak bisa jawab
afti_susanti,"@antung.okta lah babe haikal itu kan ormas 212 yg di bubarkan pakde masa percya amt, ganjr mahfud🤟🤟 Ter-Baik",0,0,1,afti_susanti,😂😂jualan goyang doang di tanyakan tak bisa jawab
dinnnandini,@afti_susanti klo g suka g ush ngehujat bisa g bu?✌️,0,0,1,afti_susanti,😂😂jualan goyang doang di tanyakan tak bisa jawab
keisyasfald_,"@afti_susanti bisa jawab kok, tapi apapun pertanyaan nya jawabannya makan siang gratis dan susu",0,0,1,afti_susanti,😂😂jualan goyang doang di tanyakan tak bisa jawab
afti_susanti,@dinnnandini lah masa bilang pelanggaran HAM perusak konstitusi dn demokrasi hujat? Kan kenyataan bu,0,0,1,afti_susanti,😂😂jualan goyang doang di tanyakan tak bisa jawab
afti_susanti,@kessafald_ Ohw iya itu sih mending sekolah gratis dri pda mkan gratis bu😂,0,0,1,afti_susanti,😂😂jualan goyang doang di tanyakan tak bisa jawab
rmd_790,"@_albash_98 lah kocak yg ditanyain ganjar sama anis juga bukan hal rahasia,sehqrusnya prabwoo tinggal nunjukin hasil kerja dia bukan malah koar koar dikandang,pendukungnya malah bikin film drama mkmkmkmkmkmkmk🤣",0,0,1,afti_susanti,😂😂jualan goyang doang di tanyakan tak bisa jawab
015_anti,@afti_susanti ampung DJ ngak heran banteng makanya nyeruduk sembarangan ups😂,0,0,1,afti_susanti,😂😂jualan goyang doang di tanyakan tak bisa jawab
dinnnandini,@afti_susanti lah bahasa ibu disitu goyang bu ...ada disitu ibu bilang pelanggaran HAM??,0,0,1,afti_susanti,😂😂jualan goyang doang di tanyakan tak bisa jawab
afti_susanti,@anti07337 widihh lihat dong 02sukanya main mk,0,0,1,afti_susanti,😂😂jualan goyang doang di tanyakan tak bisa jawab
afti_susanti,@dinnnandini jelas 02pelanggaran ham,0,0,1,afti_susanti,😂😂jualan goyang doang di tanyakan tak bisa jawab
fitrii.wally,@afti_susanti mbak buka berita terbaru. Surat suara di tipe di bagikan ke PMI tapi udah tercoblos 03😂😂 gimana mba masi yakin pilih 03😂,0,0,1,afti_susanti,😂😂jualan goyang doang di tanyakan tak bisa jawab
albasyir_98,@ramadhan_xcn OH,0,0,1,afti_susanti,😂😂jualan goyang doang di tanyakan tak bisa jawab
afti_susanti,"@fitrii.wally lah kmu lupa ych mngkn itu fitnah, yg jelas banyak di luar negeri itu coblos prabowo bkan gnjar mahfud, mngkn itu urusan bawslu setmpat ataupun org yg krim dri sni untk mefitna PDI-P",0,0,1,afti_susanti,😂😂jualan goyang doang di tanyakan tak bisa jawab
fitrii.wally,@afti_susanti giliran kaya gini bilng di fitnah. Nanti kalau itu 02 entah apa jadinya netizen😂😂,0,0,1,afti_susanti,😂😂jualan goyang doang di tanyakan tak bisa jawab
ndl_snth,"@afti_susanti gk jelas buktinya mbak coba dulu dihadirkan, sifat ego itu gk baik mbak",1,0,1,afti_susanti,😂😂jualan goyang doang di tanyakan tak bisa jawab
cepy_setiana,@_albash_98 KPU suruh hapus aja tema pertahanan kalo semuanya rahasia 😂😂😂,0,0,1,afti_susanti,😂😂jualan goyang doang di tanyakan tak bisa jawab
yuyun87_tuban,@cameliatan23 bukan itu aja lho ada yg diam2 ketemuan di Bali sama mamarika..trnyata dpt dukungan dr mamarika Cui...😂,0,0,1,afti_susanti,😂😂jualan goyang doang di tanyakan tak bisa jawab
afti_susanti,@zemmypraditya aduh bang kmu cek dong jateng kmu lupa yg klau org jateng bersuara menolak Israel kmu kmna dia di hujat knu kmna? Diamkn takut bsnis mu,0,0,1,afti_susanti,😂😂jualan goyang doang di tanyakan tak bisa jawab
afti_susanti,@zemmypraditya waduh bang kmu org mna cek dong jateng bukan org termiskin knu ceka yg bnar dong wah pda hal jateng paling tinggi mengurangi kemiskinan selama 10tahun,0,0,1,afti_susanti,😂😂jualan goyang doang di tanyakan tak bisa jawab
afti_susanti,"@zemmypraditya lah wajar spya ank ank muda skrg yg tamat SMA SMK bisa maju dong, kan tau dlu sekolah emng agk susah untuk kaum perempuan",0,0,1,afti_susanti,😂😂jualan goyang doang di tanyakan tak bisa jawab
afti_susanti,"@zemmypraditya lah emang nyata pelanggaran HAM perusak konstitusi dn Demokrasi jilad lidah sndiri, maling teriak maling😂😂",0,0,1,afti_susanti,😂😂jualan goyang doang di tanyakan tak bisa jawab
unnclee_,"@_albash_98 

Saran untuk anak muda
Pilihlah pemimpin dengan cara yang rasional 
1. Prestasinya
2. Latar belakang capres dan kepribadian 
3. Tidak melanggar Konstitusi dan kode etik
4. Rekam jejak seorang capres sangat penting 
5. Gagasan dan pengetahuan yang luas
Kita memilih calon orang no 1 di indonesia, harus menggunakan akal sehat Tdak serta merta di dasari ikut ikutan trend yang ada, Joged jogedan
Jadi Fikirkan dengan akal sehat
Amin ☝🏻☝🏻☝🏻
Politik dinasti ❌❌❌",0,0,1,afti_susanti,😂😂jualan goyang doang di tanyakan tak bisa jawab
yusrylkosongsatu,@afti_susanti sabar bang nnti nangis dianya 🤣🤣,0,0,1,afti_susanti,😂😂jualan goyang doang di tanyakan tak bisa jawab
izam42,@afti_susanti lah kok panas kau liat orang seneng,0,0,1,afti_susanti,😂😂jualan goyang doang di tanyakan tak bisa jawab
afti_susanti,@izam42 lah ngga panas jga cuman heran artis ngga bisa bedain pemimpin yg cerdas dn omon omon doang,0,0,1,afti_susanti,😂😂jualan goyang doang di tanyakan tak bisa jawab
afti_susanti,@yusrylkosongsatu ngga sabar bang kita yg normal harus mengingat kn para rakyat Indonesia agar jngn slah plih pemimpin,0,0,1,afti_susanti,😂😂jualan goyang doang di tanyakan tak bisa jawab
pipauuuu_,@afti_susanti ah sotau bngt ni orng,0,0,1,afti_susanti,😂😂jualan goyang doang di tanyakan tak bisa jawab
afti_susanti,@rubnsb.mtwgo__yes loe yg anjirr,0,0,1,afti_susanti,😂😂jualan goyang doang di tanyakan tak bisa jawab
deskarajef_,@_albash_98 jawaban 😂 paling konyol kek pemuda gini klo kebannyakan ancur2an bangsan nalar gak jalan😂😂😂😂😂😂,0,0,1,afti_susanti,😂😂jualan goyang doang di tanyakan tak bisa jawab
peurplle,@afti_susanti yaudah mbak coba spil dong gaya waktu ngewenya gimana?,0,0,1,afti_susanti,😂😂jualan goyang doang di tanyakan tak bisa jawab
noovaaal,"@_albash_98 anggaran itu ga boleh di kasih tau yang bayar pajak ya?, contoh kecil aja, lu bayar manager buat ngurusin bisnis lu, ehh lu ga di bolehin lihat penghasilan dari perusahaan lu sendiri?",1,0,1,afti_susanti,😂😂jualan goyang doang di tanyakan tak bisa jawab
raihan20122001,"@_albash_98 kalau anggaran sah2 aja makanya baca undang² ya goblok, dan cermat nanggapi pertanyaan,bilang aja capres lu gagasan gak ada,dan data gak ada,modal joget doang,tapi pikiran kosong wkwkwkw",0,0,1,afti_susanti,😂😂jualan goyang doang di tanyakan tak bisa jawab
olompou_qqq,"@afti_susanti dari pada jual agama sampek dibilang imam Mahdi, atau yohanes😂",0,0,1,afti_susanti,😂😂jualan goyang doang di tanyakan tak bisa jawab
viaaaa_8888,@afti_susanti panas tinggal skip susah amat,0,0,1,afti_susanti,😂😂jualan goyang doang di tanyakan tak bisa jawab
elma_fbrynti03,"@afti_susanti udah deh, kamu mah ga di ajak",0,0,1,afti_susanti,😂😂jualan goyang doang di tanyakan tak bisa jawab
fajar_official_2026,"@_albash_98 Belajar UU bang biar Pinter dikit dan Gak Malu maluin di depan pendukungnya Anies, diketawain lu ngomong kek gitu, Dah tau wowo salah masih aja dibela, akal mu gak sehat",0,0,1,afti_susanti,😂😂jualan goyang doang di tanyakan tak bisa jawab
albasyir_98,Salah lapak bro,0,0,1,afti_susanti,😂😂jualan goyang doang di tanyakan tak bisa jawab
kissyeum,@afti_susanti btw ganjar jd gub Jateng aj gbener aplg jd presiden 🤣,0,0,1,afti_susanti,😂😂jualan goyang doang di tanyakan tak bisa jawab
afti_susanti,"@sekian_trmksi_ cek dong, terus prabowo blom smpe 5tahun bnyak utang gmna tu? Mkan gratis lebih baik sekolah gratis deh kaya gnjar mahfud🤟",0,0,1,afti_susanti,😂😂jualan goyang doang di tanyakan tak bisa jawab
padliansyah973,@afti_susanti 😂emang calon agak aneh.... sudah emosia omong nya suka kasar ada gelar baru lagi cengeng 😂,0,0,1,afti_susanti,😂😂jualan goyang doang di tanyakan tak bisa jawab
fredriktoluon,"@afti_susanti kebanyakan sakit hati dan nyiyir lu, makanya muka lu jelek banget😂",0,0,1,afti_susanti,😂😂jualan goyang doang di tanyakan tak bisa jawab
thoyyib.zaen,@_albash_98 maksudnya dana pertahan anggaran yg di korup yaa upss😂😂😂😂,0,0,1,afti_susanti,😂😂jualan goyang doang di tanyakan tak bisa jawab
atepsupriyanto8,@_albash_98 tapi kan gak bisa jawab 😂,0,0,1,afti_susanti,😂😂jualan goyang doang di tanyakan tak bisa jawab
atepsupriyanto8,@afti_susanti yang ditanyakan Anggara loh,0,0,1,afti_susanti,😂😂jualan goyang doang di tanyakan tak bisa jawab
selfi_ws,"@afti_susanti mending ada yg dijual. Dripada nga ada yg dijual, kerjanyaa jual fitnah muluu sama jual katakataa.",0,0,1,afti_susanti,😂😂jualan goyang doang di tanyakan tak bisa jawab
ygeminigirl94,"@afti_susanti tidak semua butuh reaksi, pinter dikit lah",0,0,1,afti_susanti,😂😂jualan goyang doang di tanyakan tak bisa jawab
pisangijo09,"@_albash_98 otak dan hati mu hancur, Prabowo pikiran dan hatinya senang rahasia nya tidak dibongkar mark up uang negara 😂",0,0,1,afti_susanti,😂😂jualan goyang doang di tanyakan tak bisa jawab
sabilunasftri_,"@afti_susanti maaf kak lo gak diajakk, mending gausah komen",0,0,1,afti_susanti,😂😂jualan goyang doang di tanyakan tak bisa jawab
afti_susanti,@selfi_ws masa fitnah? Lah jelas udah berita umum tau pelanggaran konstitusi dn demokrasi mah,0,0,1,afti_susanti,😂😂jualan goyang doang di tanyakan tak bisa jawab
afti_susanti,"@sabilunaaa02_ yg penting di ingatkan sesama kata Pak jokowidodo yg pegang jrna sya dkung beliau 2periode pilih pemimpin yang latar blkng bagus, tidak pelanggaran HAM",0,0,1,afti_susanti,😂😂jualan goyang doang di tanyakan tak bisa jawab
selfi_ws,"@afti_susanti nga ada namanyaa pelanggaran konstitusi ya gy, jelas jelas undang-undang itu nantinya berlaku untuk semua org seluruh masyarakat indonesia, lagian dia mengadili uu  yaa bukan seseorang, lagiaan dimana letak nya melanggar sih. Coba jelaskaan",0,0,1,afti_susanti,😂😂jualan goyang doang di tanyakan tak bisa jawab
afti_susanti,"@atepsupriyanto8 😂😂wah betul sekali tpi angggar belanja loh, tpi mantri Sri mulyani aja udah publik klau menhan belanja utang luar negeri 385triliunan.tpi pas ditanya gnjar bnyak alasan tak punya waktu tinggal jelas 385 itukan simpel",0,0,1,afti_susanti,😂😂jualan goyang doang di tanyakan tak bisa jawab
selfi_ws,"@afti_susanti dan coba jelskan dimana melanggat demokrasi, kamu tau nga sih arti pelanggaran demokrasi pelanggaram demokrasi itu kalo ada intimidasi baru disebut pelanggaran demokrasi, lagian pasangan ini tidak pernah mengintimidasi siapapun, untuk yang suka ya silahkan coblos yang nga suka ya udah di skip. Jgn asal bicara kalo nga taau, belajar dulu hukum minimal kuliah hukum deh biar melek tu mata",0,0,1,afti_susanti,😂😂jualan goyang doang di tanyakan tak bisa jawab
selfi_ws,@afti_susanti dan kelihataan juga kok kamu itu suka ngelekin paslon lain. Khususnya paslon 02. Jdi org jgn terlalu busuk hati. Klo nga pinter minimal jgn busuk hati dah.. Maluuu maluuin,0,0,1,afti_susanti,😂😂jualan goyang doang di tanyakan tak bisa jawab
afyyajaa,@afti_susanti JUALAN KATA MANIS DOANG SEAKAN ORANG PINTER MENDING  WARAS DULU SLEPET,0,0,1,afti_susanti,😂😂jualan goyang doang di tanyakan tak bisa jawab
afti_susanti,"@finaanssss idi ai mah dkung gnjar mahfud,",0,0,1,afti_susanti,😂😂jualan goyang doang di tanyakan tak bisa jawab
akusantikaaa,@afti_susanti kata siapa? kata lu sendiri kan? wkwk.,0,0,1,afti_susanti,😂😂jualan goyang doang di tanyakan tak bisa jawab
k1ckedby.auzhia,@afti_susanti ganjar merakyat hrusnya jd rakyat bkn jd presiden 😂,0,0,1,afti_susanti,😂😂jualan goyang doang di tanyakan tak bisa jawab
tambuse_,"@_albash_98 yg goblok itu lu, anggaran pertahanan itu bukan rahasia goblok, baca tuh UUD tentang keterbukaan informasi publik biar ga goblok2 amat😂",0,0,1,afti_susanti,😂😂jualan goyang doang di tanyakan tak bisa jawab
na_dinarahmahnst04,"@_albash_98 haha.. si paling rahasia negara.. yg di tanya itu dana anggaran.. uang rakyat itu ommm, bukan sistem prtahanannya… kocak.. sgitunya mmbela org yg salah…💆🏻‍♀️😂",0,0,1,afti_susanti,😂😂jualan goyang doang di tanyakan tak bisa jawab
celcyyaa,@afti_susanti keliatan bgt pendukung aniesss (MANIS DI BIBIR),0,0,1,afti_susanti,😂😂jualan goyang doang di tanyakan tak bisa jawab
itsmeardha,"@almeeramecca02 betulll banget nihhh .... coba kasih paham PASLON 2 dan pendukung nya .. ""Yaumul Hisab"" menanti...",0,0,1,afti_susanti,😂😂jualan goyang doang di tanyakan tak bisa jawab
arsyilla.ratis28,"@itsmeardha Maaf sebelumnya mba. Smua orang akan mengalami sendiri apa itu Yaumul hisab. Bukan hanya Paslon 1 dan pendukungnya,Paslon 2 dan pendukungnya,ataupun Paslon 3 dan pendukungnya. Tinggal bagaimana tingkat kesadaran diri sendiri menjaga lisan jg jari dg ketikan yg mungkin ""maaf""bisa menyakiti pendukung Paslon lain. Saya berkomentar di laman orang yg mungkin pendukung Paslon 03 karena menurut saya pemikirannya tentang kampanye terlalu sempit. Maksudnya,jika memang dirinya,atau bahkan mbanya,dan yg lain tidak menyukai Paslon 01,02,atau 03 silahkan skip apapun berita tentang mereka,tanpa perlu meninggalkan komentar yg mungkin *maaf*bisa menyakiti para pendukung Paslon masing masing tersebut. Dan jika disini mbanya meminta saya untuk kasih paham ""maaf""tentunya mereka lebih paham pastinya mba dengan apa yg mereka perbuat hingga tau resikonya namun masih jg dilakukan. Semoga siapapun pilihan masing masing tetap bisa saling menghormati tanpa menjelekkan Paslon lain. Smua orang punya kekurangan,begitupun dg Paslon kebanggaan masing masing juga kita sebagai pendukungnya dan orang lain pun punya lidah. Jangan sampai pemilu sementara itu menimbulkan perpecahan selamanya untuk sesama warga Indonesia. Salam damai❤️",0,0,1,afti_susanti,😂😂jualan goyang doang di tanyakan tak bisa jawab
itsmeardha,"@almeeramecca02 Maa Syaa Allah mbaknya sholehah banget ... bikin akun dg konten religi mgkn cocok mba.. jgn hanya di komen aja.. IG nya blm ada posting apa2 soalnya ..dimulai mba konten religi nya, saya dukung 😉",0,0,1,afti_susanti,😂😂jualan goyang doang di tanyakan tak bisa jawab
arsyilla.ratis28,"@itsmeardha Maaf mba,belum berani karna untuk diri sendiri saja saya masih sering lalai🙏🏻",0,0,1,afti_susanti,😂😂jualan goyang doang di tanyakan tak bisa jawab
itsmeardha,"@almeeramecca02 loh kok blm berani , itu komen isinya nasehat2.. berarti kan berani, tinggal dipindah ke akun sendiri aja, jgn di komen gt.. sama jgn lupa perbanyak follower mba, biar dakwahnya makin luas 😉",0,0,1,afti_susanti,😂😂jualan goyang doang di tanyakan tak bisa jawab
arsyilla.ratis28,"@itsmeardha Maaf sebelumnya di komen karna fyp di laman Ig saya. Kedua karna yg saya lihat komen dari orang yg saya komen sebelumnya,""maaf""terlalu sempit pemikirannya. Haruskah smua orang selalu menuruti dg apa yg diri sendiri mau?? Haruskah semua orang bisa sejalan dg apa yg ada di pikiran kita masing2? Benar,Indonesia memang negara demokrasi yg siapapun bebas berpendapat. Tapi tidakkah ada kalimat lebih baik yg bisa ditinggalkan untuk membela Paslon kebanggaan tanpa mengurangi rasa hormat terhadap Paslon lain?? Jika mbanya merasa keberatan dg apa yg saya utarakan,beribu maaf saya sampaikan. Saya menghormati Paslon 01,02,dan 03. Karena itu saya sebut untuk mba yg saya komen sebelumnya hal yg Paslon 03 lakukan yg mungkin pendukung lain pun kurang respect itu bagaimana? Bukankah Paslon masing masing jg punya kekurangan dan pendukung lain punya celah untuk menjelekkan? Tidak sakit hatikah jika Paslon yg mungkin ""maaf""dianggap terbaik dijelekken oleh pendukung Paslon lain? Pasti sakit bukan? Karna itu saya sekedar mengingatkan mba sebelumnya untuk lebih baik jika tidak suka skip saja berita apapun tentang mereka. Tanpa adu gagasan bahkan saling cela di kolom komentar. Disini pasti mayoritas komen dari orang dewasa bukan? Yg pastinya sudah tau mana yg baik dan buruk? Jadi bisa tentunya lebih bijak dalam menyikapi pemilu saat ini. Dan untuk mbanya,jika memang merasa apa yg saya sampaikan kurang pantas,beribu hormat saya minta maaf. Tidak maksud menggurui karna saya yakin mbanya pun orang hebat dan jauh lebih baik dari saya. Berhubung mbanya ""maaf""komen balik di komen saya sebelumnya,saya hanya tanggapi sesuai apa yg saya tau tanpa maksud keberpihakan kepada siapapun. Salam damai❤️🙏🏻",0,0,1,afti_susanti,😂😂jualan goyang doang di tanyakan tak bisa jawab
itsmeardha,"@almeeramecca02 Iya mbak , gpp saya maafin kok mba.. saya kan cuma ngide aja, kan mba nya Sholehah nih, knp gk dakwah aja di IG nya sendiri, kan sayang kl cm komen2 di postingan org .. ☺️",0,0,1,afti_susanti,😂😂jualan goyang doang di tanyakan tak bisa jawab
iezpurnamaalam,@afti_susanti wadas gimn?????,0,0,1,afti_susanti,😂😂jualan goyang doang di tanyakan tak bisa jawab
arsyilla.ratis28,"@itsmeardha Maaf sebelumnya mba, Alhamdulillah dan terimakasih jika menurut mbanya saya Sholehah. Semoga doa baik kembali buat mbanya jg. Aamiin.. Jika dalam komenan saya menurut mbanya sebagai dakwah mungkin kurang tepat mba,karna saya sekedar mengingatkan bukan menggurui. Dan jika mbanya merasa keberatan saya komen di ig orang lain,,bukannya mbanya dulu yg bales komen saya untuk orang sebelumnya?? ""Maaf""dengan kata kata mbanya ini sepertinya mbanya lebih cenderung bukan sekedar ngide tp justru lebih ke hal yg menurut saya tersinggung dg komenan saya terhadap orang sebelumnya. Pendukung 03 kah?? Atau pendukung lain selain Paslon 02?? Bukankah sebelumnya sudah disebutkan saya lebih ke mengingatkan,jika memang Paslon lain tidak disukai jangan tinggalkan apapun yg membuat pendukung Paslon lain tersinggung. Jika memang Paslon yg mbanya dukung terbaik,dukung dan support penuh smua kampanyenya tanpa perlu berpikir terlalu dangkal dan sempit dg kampanye dari Paslon lain. Semua orang punya cara sendiri untuk menarik perhatian pendukungnya mba. Dan maaf,saya komentar sesuai dg apa yg orang sebelumnya komentari saja,tidak untuk menyenggol siapapun. Slm damai❤️",0,0,1,afti_susanti,😂😂jualan goyang doang di tanyakan tak bisa jawab
mahmuda_haris,@afti_susanti dikasih 11/100 kyk.mau mati😂,0,0,1,afti_susanti,😂😂jualan goyang doang di tanyakan tak bisa jawab
itsmeardha,"@almeeramecca02 Subhanallah mba, ini komen nya aja udh bs jd pendahuluan kl bikin buku . Smangat mba 😃",1,0,1,afti_susanti,😂😂jualan goyang doang di tanyakan tak bisa jawab
afti_susanti,@almeeramecca02 🤟🤟🤟,0,0,1,afti_susanti,😂😂jualan goyang doang di tanyakan tak bisa jawab
arsyilla.ratis28,@itsmeardha semangat juga buat mbanya buat menyerukan dukungan penuh buat Paslon yg didukung. Siapapun presidennya kelak semoga Indonesia makin sukses dan maju kedepannya. Aamiin👏,0,0,1,afti_susanti,😂😂jualan goyang doang di tanyakan tak bisa jawab
ariyuzin,@afti_susanti Dijogetin aja geraaah 😂,0,0,1,afti_susanti,😂😂jualan goyang doang di tanyakan tak bisa jawab
afti_susanti,@ariyuzin kayanya kmu gerah deh pngruh bnyak joget😂,0,0,1,afti_susanti,😂😂jualan goyang doang di tanyakan tak bisa jawab
ariyuzin,@afti_susanti masa karena joget geraaah 😂😂,0,0,1,afti_susanti,😂😂jualan goyang doang di tanyakan tak bisa jawab
_faizyxyz_,@afti_susanti tolol jangan dipelihara blog di luar negeri aja udah ngembangin bbm dari rumput laut belajar lgi deh gini nih udah papua msih di bilang wilayah Indonesia tololl,0,0,1,afti_susanti,😂😂jualan goyang doang di tanyakan tak bisa jawab
_faizyxyz_,@afti_susanti hah capres minta penggalangan dana itu lawak apa gmna apa takut rugi ga jdi capres🤭🤭🤣,0,0,1,afti_susanti,😂😂jualan goyang doang di tanyakan tak bisa jawab
_faizyxyz_,@afti_susanti  hah kerja nyata ga salah umr paling rendah aja Jateng upssss 🤭,0,0,1,afti_susanti,😂😂jualan goyang doang di tanyakan tak bisa jawab
afti_susanti,@_faizyxyz_ kmu lupa ych skrg wowo mngkn skrg jrna bnyak uang dri ngra bwt kompanye kmu cek dong 2014 dn 2019 bowo minta dana😂😂mau videonya,0,0,1,afti_susanti,😂😂jualan goyang doang di tanyakan tak bisa jawab
_faizyxyz_,@afti_susanti tinggal buktiin aja,1,0,1,afti_susanti,😂😂jualan goyang doang di tanyakan tak bisa jawab
afti_susanti,@ariyuzin kalau bdan kaya kerbau joget 15 menit paling udh sngat gerah,0,0,1,afti_susanti,😂😂jualan goyang doang di tanyakan tak bisa jawab
ariyuzin,@afti_susanti joget aja bikin geraah bisa gitu ya 😂,0,0,1,afti_susanti,😂😂jualan goyang doang di tanyakan tak bisa jawab
afti_susanti,@_faizyxyz_ Widi ngatain orang rohingya dia aja kaya penjahat Israel,0,0,1,afti_susanti,😂😂jualan goyang doang di tanyakan tak bisa jawab
nopriadiii_,"@afti_susanti gasiap debat ngamuk"" tantrum drama tersakiti laporr, dawaiii🙌",0,0,1,afti_susanti,😂😂jualan goyang doang di tanyakan tak bisa jawab
muhammadsaleh4663,@afti_susanti musim hujan ada yg masih kepanasan awokawok,0,0,1,afti_susanti,😂😂jualan goyang doang di tanyakan tak bisa jawab
afti_susanti,"@pucook_ubi tau tu, habis merka merengek masal kan bnyak artis papan ats kan bang untuk mengajarkan capresnya berekting😂😂",1,0,1,afti_susanti,😂😂jualan goyang doang di tanyakan tak bisa jawab
afti_susanti,@muhammadsaleh4663 wahh siapa hayoo trus kemarin pada hal hujan knpa nangis masal ych? 😂,0,0,1,afti_susanti,😂😂jualan goyang doang di tanyakan tak bisa jawab
abdullatif.an,"@_albash_98 kurang literasi, jelas data itu bukan rahasia, ada semua di medsos dari menteri keuangan. SDM rendah.",0,0,1,afti_susanti,😂😂jualan goyang doang di tanyakan tak bisa jawab
abdullatif.an,"@afti_susanti SDM rendah, semua data yang ditanyakan ada di berita.",0,0,1,afti_susanti,😂😂jualan goyang doang di tanyakan tak bisa jawab
adiss.sr,@afti_susanti aku pendukung 02 gak perlu jawaban tapi bukti nyata bro🔥🔥🔥,0,0,1,afti_susanti,😂😂jualan goyang doang di tanyakan tak bisa jawab
mnca_315,@_albash_98 siap si paling pinter di tanya ekspor jwb mksna gratis 😂,0,0,1,afti_susanti,😂😂jualan goyang doang di tanyakan tak bisa jawab
indragunaaa,@almeeramecca02 ya minimal bukan pelanggar ham/pelanggar etik 🔥MKMKMKMK😂,0,0,1,afti_susanti,😂😂jualan goyang doang di tanyakan tak bisa jawab
arsyilla.ratis28,"@indragunaaa maaf minimal tau smua faktanya dari awal yaa,,bukan sekedar katanya yg didengar. Minimal lagi bukan akun privat. Minimal lagi lebih hebat dari orang yg km nyinyir. Tidak suka kox komen di lapaknya?? Situ haters kah?? Buzzer?? Atau fans yg tertunda??",0,0,1,afti_susanti,😂😂jualan goyang doang di tanyakan tak bisa jawab
rah_puttra99,@_albash_98 bodoh kali kau 😂😂😂 bukan yang rahasia yg di tanayakn bodoh,0,0,1,afti_susanti,😂😂jualan goyang doang di tanyakan tak bisa jawab
lekmansal,"@_albash_98 sama jubirnya di tv2 dijawab, malah kurang dari 4 menit",0,0,1,afti_susanti,😂😂jualan goyang doang di tanyakan tak bisa jawab
leman_rohid,@afti_susanti Klw d tanya apa pun..bilang rahasia NEGARA..😆...mending nangis..hahahaahahahahha,0,0,1,afti_susanti,😂😂jualan goyang doang di tanyakan tak bisa jawab
mandra_si_doel,@_albash_98 🤣🤣🤣 yg di bahas anggaran bukan rahasia taktik berperang yg giblik itu kamu 🤣🤣🤣,0,0,1,afti_susanti,😂😂jualan goyang doang di tanyakan tak bisa jawab
m.fauzan.ulwan,@afti_susanti betul banget😂,0,0,1,afti_susanti,😂😂jualan goyang doang di tanyakan tak bisa jawab
wahya.harsana,"@afti_susanti ga usah ngiri , PRABOWO-GIBRAN unggul , luh pada panik 😂😂",0,0,1,afti_susanti,😂😂jualan goyang doang di tanyakan tak bisa jawab
bent_kimci,@_albash_98 capres kosong pendukung ya juga 0 😂😂😂😂,0,0,1,afti_susanti,😂😂jualan goyang doang di tanyakan tak bisa jawab
pirate_samudera,"@_albash_98 dasar Dunguuuuu, biasakan Kalo nonton debat Di simak bukan di kimak 😂😂😂😂",0,0,1,afti_susanti,😂😂jualan goyang doang di tanyakan tak bisa jawab
nita_kidshop,@afti_susanti satu lgi kerja nyata 02 melanjutkan program pajak naek..sudah terealisasi klo uransn pajak jago bang 😂,0,0,1,afti_susanti,😂😂jualan goyang doang di tanyakan tak bisa jawab
alazarwsm,@_albash_98 MKMKMKMKMK 😂,0,0,1,afti_susanti,😂😂jualan goyang doang di tanyakan tak bisa jawab
cis_indonesia,@afti_susanti malah sok nangis,0,0,1,afti_susanti,😂😂jualan goyang doang di tanyakan tak bisa jawab
fhyy15._,"@afti_susanti mau tau jawaban nya????ya karna pak Prabowo bukan  ngincer hartaaa,tapi tulus buat rakyat Indonesia!!!!",0,0,1,afti_susanti,😂😂jualan goyang doang di tanyakan tak bisa jawab
aris_semarang135,@afti_susanti PENIS,0,0,1,afti_susanti,😂😂jualan goyang doang di tanyakan tak bisa jawab
putr5a_a,@afti_susanti diem janda lu ga di ajak,1,0,1,afti_susanti,😂😂jualan goyang doang di tanyakan tak bisa jawab
zulaikhastirjambi,@_albash_98 anggaran yg dtnya.... Klo prthann yg dtnya y g bs... Yg paslon aj g bs jwb sbg menhan. Pada tau smua mn yg bolh d tnya mn yg gaaaaa😂😂😂,0,0,1,afti_susanti,😂😂jualan goyang doang di tanyakan tak bisa jawab
velaanov_2811,@afti_susanti dripada jual janji kan ya😂,0,0,1,afti_susanti,😂😂jualan goyang doang di tanyakan tak bisa jawab
raraasmaraniii_,Dih,0,0,1,afti_susanti,😂😂jualan goyang doang di tanyakan tak bisa jawab
afti_susanti,@velaanov_2811 wah gnjar mahfud kerja nyata,0,0,1,afti_susanti,😂😂jualan goyang doang di tanyakan tak bisa jawab
paipermana,@afti_susanti goyang doang dapet suara apa lg speak up soal gagasan makin gacor 🔥.,0,0,1,afti_susanti,😂😂jualan goyang doang di tanyakan tak bisa jawab
vinaanafisah,@afti_susanti udehh gaush nyampahhhh,0,0,1,afti_susanti,😂😂jualan goyang doang di tanyakan tak bisa jawab
stevenfatur,@afti_susanti jangan di gass kak nnti pada kepanasan,0,0,1,afti_susanti,😂😂jualan goyang doang di tanyakan tak bisa jawab
zyrien17,@afti_susanti mending ini dari pda jualan MAYAT 😂😂😂😂,0,0,1,afti_susanti,😂😂jualan goyang doang di tanyakan tak bisa jawab
_fateee17,"@afti_susanti pendukung siapa sih lohh, sok tau bangett😠🤪",0,0,1,afti_susanti,😂😂jualan goyang doang di tanyakan tak bisa jawab
sariwahyuningsih99,@sherlyna.3 yaahhhh situs okep keluar lagi🤣🤣,0,0,1,afti_susanti,😂😂jualan goyang doang di tanyakan tak bisa jawab
kfahmigolan,"@_albash_98 sejak kapan bang anggaran pertahanan itu rahasia? Dalam undang2 keuangan pertahanan wajib transparansi agar rakyat tau kemana pajak mereka dengan jelas, beda cerita kalau strategi pertahanan baru itu yg rahasia, ngatai  geblek tp diri sendiri ga belajar",0,0,1,afti_susanti,😂😂jualan goyang doang di tanyakan tak bisa jawab
cipannnnn_,@afti_susanti CIAHHH SI BODOHH MASI IDUP AJA🤣,0,0,1,afti_susanti,😂😂jualan goyang doang di tanyakan tak bisa jawab
ermadwiardianik3,@_albash_98 tapi masak tidak ada hal yg boleh di bahas tentang pertahanan. Knpa di jdikan topik debat?,0,0,1,afti_susanti,😂😂jualan goyang doang di tanyakan tak bisa jawab
ibukkainunn,@afti_susanti si miskin yg merasa hdupny Uda bner...Uda buat apa kau buat ngra GK ad kan..jdi diam aja😂😂😂,0,0,1,afti_susanti,😂😂jualan goyang doang di tanyakan tak bisa jawab
afti_susanti,@zyrien17 bisa aja bang😂,0,0,1,afti_susanti,😂😂jualan goyang doang di tanyakan tak bisa jawab
afti_susanti,@_fateee17 kenyataan mbak,0,0,1,afti_susanti,😂😂jualan goyang doang di tanyakan tak bisa jawab
afti_susanti,"@qorryselviaaa wah emng tak boleh bersuara,? Heyyy sya bagian dri NKRI pntas bersuara bukan untuk sya? Untk kmu kmu biar bisa mkan",0,0,1,afti_susanti,😂😂jualan goyang doang di tanyakan tak bisa jawab
ini_dandy_,"@afti_susanti food estate ga tau
biofuel g tau
papua nugini gatau
SGIE gatau
makanya pak prabowo mau ngasih nutrisi dari kecil biar besarnya ga DONGO
ngakunya pintar🤪",1,0,1,afti_susanti,😂😂jualan goyang doang di tanyakan tak bisa jawab
mocha_monalisa,@afti_susanti dari pada omon omon janji manis doang 😂😂😂😂,0,0,1,afti_susanti,😂😂jualan goyang doang di tanyakan tak bisa jawab
faqih_wicaksana,@_albash_98 emang menghancurkan negara dari perang doang apa? Ga bisa di lihat dari ekonomi?,0,0,1,afti_susanti,😂😂jualan goyang doang di tanyakan tak bisa jawab
__sarahnh,@afti_susanti daripada jualan agama wkwk,0,0,1,afti_susanti,😂😂jualan goyang doang di tanyakan tak bisa jawab
rozana_lubis,@afti_susanti Mbak² menang pun paslon 03 emang dia ingat sama mu mbak sana sini berkoar menjelekkan orang kek ada untung nya aja sam mu mbak😂,0,0,1,afti_susanti,😂😂jualan goyang doang di tanyakan tak bisa jawab
rozana_lubis,@afti_susanti Klau berani ngomong sama orang nya langsung jangan banyak bicit deh,0,0,1,afti_susanti,😂😂jualan goyang doang di tanyakan tak bisa jawab
andini.alb,@afti_susanti giliran jawab di tempat lain😂,0,0,1,afti_susanti,😂😂jualan goyang doang di tanyakan tak bisa jawab
rannia_beautyskin,"@afti_susanti yg di cercer rahasia negara, bahaya kalo dijelaskan, pak Prabowo keren kan❤️",0,0,1,afti_susanti,😂😂jualan goyang doang di tanyakan tak bisa jawab
gagitudad,"@afti_susanti DARIPADA GA NGERTI RUMPUT LAUT JADI BBM, GA NGERTI HILIRISASI, GA NGERTI PAPUA NUGINI LETAKNYA DI MANA, APA LAGI YA YANG GA TAU",0,0,1,afti_susanti,😂😂jualan goyang doang di tanyakan tak bisa jawab
hilmanbudy_,@afti_susanti malah nangis😂,0,0,1,afti_susanti,😂😂jualan goyang doang di tanyakan tak bisa jawab
fiaaazr_,@afti_susanti LIAT PRESTASI NYA DONG KONTOL JGN CUMA KOMEN LU AJA NGANGGUR,0,0,1,afti_susanti,😂😂jualan goyang doang di tanyakan tak bisa jawab
ramatonny,@afti_susanti emng boleh kampanye bawa2 agama,0,0,1,afti_susanti,😂😂jualan goyang doang di tanyakan tak bisa jawab
sri.hrtti_,@afti_susanti ntar di kasi jawaban ketir lu wkwkw😂😂,0,0,1,afti_susanti,😂😂jualan goyang doang di tanyakan tak bisa jawab
ieumahadit,@afti_susanti hahaha kan bisanya gemoysian,0,0,1,afti_susanti,😂😂jualan goyang doang di tanyakan tak bisa jawab
sindinurlaeni5,@afti_susanti jgn bloon jadi manusia😂,0,0,1,afti_susanti,😂😂jualan goyang doang di tanyakan tak bisa jawab
stnrkhodijahh,@dennyzhalaya mantap wkwk🤣,0,0,1,afti_susanti,😂😂jualan goyang doang di tanyakan tak bisa jawab
jur.aganjas,"@_albash_98 lu geblek ,tim sukses ny di tv one buka terang2an 😂😂",0,0,1,afti_susanti,😂😂jualan goyang doang di tanyakan tak bisa jawab
afti_susanti,@stsarahnrjnh siapa yg jualan agama? Ganjr mahfud org yg bgtuan buktinya si bowo Terima dukungan dri Ormas 212 rizieq,0,0,1,afti_susanti,😂😂jualan goyang doang di tanyakan tak bisa jawab
afti_susanti,@rannia_beauty_skin 😂😂yg tanya data anggaran belanja menahan bukan dta pertahanan,0,0,1,afti_susanti,😂😂jualan goyang doang di tanyakan tak bisa jawab
__sarahnh,@afti_susanti iyaa Karna emng Lu yang paling bener wkwk,0,0,1,afti_susanti,😂😂jualan goyang doang di tanyakan tak bisa jawab
zaky_andafa,@afti_susanti 😂,0,0,1,afti_susanti,😂😂jualan goyang doang di tanyakan tak bisa jawab
__sarahnh,@afti_susanti klo pun emng nanya Soal anggaran belanja kenapa harus di debat? Kenapa tidak di tempat rapat musyawarah? Kadang suka ngakak debat tuh visi misi yang di serang bukan soal senilai kinerja hahaha,0,0,1,afti_susanti,😂😂jualan goyang doang di tanyakan tak bisa jawab
afti_susanti,@stsarahnrjnh kenyataan krna sya bnyak baca dn bljar bukan asal komen kaya elo,0,0,1,afti_susanti,😂😂jualan goyang doang di tanyakan tak bisa jawab
velaanov_2811,@afti_susanti masa iya kerja nyata? aku orang jateng dan ngrasain 10 thun dpimpin ganjar gaada perubahan😂,0,0,1,afti_susanti,😂😂jualan goyang doang di tanyakan tak bisa jawab
jnghdeoost__,"@_albash_98 lah harusnya lu yang sekolah, dungu, yang ditanya itu bukan data intelejen tapi anggarannya dab anggaran itu bukan sesuatu hal yang rahasia, sekolah yang bener makanya baru komen😂",0,0,1,afti_susanti,😂😂jualan goyang doang di tanyakan tak bisa jawab
jnghdeoost__,"@_albash_98 di gass gamau komenannya aja ngegass orang,DUNGU😂",0,0,1,afti_susanti,😂😂jualan goyang doang di tanyakan tak bisa jawab
aldi_heryanto20,@_albash_98 bang bang belajar lagi sana di sekolah yahh,0,0,1,afti_susanti,😂😂jualan goyang doang di tanyakan tak bisa jawab
afti_susanti,@_fadillar masa hrs jdi buzzer byar? Saya bgian dri Indonesia saya pantas bersuara,0,0,1,afti_susanti,😂😂jualan goyang doang di tanyakan tak bisa jawab
afti_susanti,@_fadillar ganjr mahfud kerja nyata?,0,0,1,afti_susanti,😂😂jualan goyang doang di tanyakan tak bisa jawab
__sarahnh,@afti_susanti ternyata banyak belajar ga bikin orang jadi pinter ya oh atau orang pinter ga pernah belajar?,0,0,1,afti_susanti,😂😂jualan goyang doang di tanyakan tak bisa jawab
ruditb06,@afti_susanti iriiriiriiriiriiriiriiriiriiriiri,0,0,1,afti_susanti,😂😂jualan goyang doang di tanyakan tak bisa jawab
afti_susanti,@stsarahnrjnh mkanya banyakin baca dn mencari tau pemimpin yg pantas dn layak bukan asal,0,0,1,afti_susanti,😂😂jualan goyang doang di tanyakan tak bisa jawab
brother_seng,@afti_susanti dibayar... makanya ikutan...,0,0,1,afti_susanti,😂😂jualan goyang doang di tanyakan tak bisa jawab
__sarahnh,"@afti_susanti oh ya? Buktinya mbanya sendiri ga ngerti perbedaan debat dan musyawarah, ini yang namanya banyak belajar?? Ko membedakan hal kecil aja susah sih",0,0,1,afti_susanti,😂😂jualan goyang doang di tanyakan tak bisa jawab
nurull_sudarma98,"@afti_susanti gk suka gk usah di pilih gitu aja repot, tegang amat hidup lu di sosial media",0,0,1,afti_susanti,😂😂jualan goyang doang di tanyakan tak bisa jawab
nurull_sudarma98,@cameliatan23 bukan alay doank tapi bengis juga,0,0,1,afti_susanti,😂😂jualan goyang doang di tanyakan tak bisa jawab
dinawahyukartikakartika,@afti_susanti eehh ini yang bnyak omong itu yah tapi sedikit kerja yah 😂,0,0,1,afti_susanti,😂😂jualan goyang doang di tanyakan tak bisa jawab
lili_indrianiii,@afti_susanti kocak,0,0,1,afti_susanti,😂😂jualan goyang doang di tanyakan tak bisa jawab
afti_susanti,@dinawahyukartikakartika tau? Cek aja food estate? Gnjar mahfud kerja nyata,0,0,1,afti_susanti,😂😂jualan goyang doang di tanyakan tak bisa jawab
za.aprl,@afti_susanti bacot,0,0,1,afti_susanti,😂😂jualan goyang doang di tanyakan tak bisa jawab
radenbst_311297,@afti_susanti Mak di ulti langsung 😂😂,0,0,1,afti_susanti,😂😂jualan goyang doang di tanyakan tak bisa jawab
elpistiro,@afti_susanti jawab ahhh.... Tapi pake nada tinggi 😂😂😂,0,0,1,afti_susanti,😂😂jualan goyang doang di tanyakan tak bisa jawab
elpistiro,@_albash_98 anggaran d spilll gpp bang ... Kan dari duit rakyat . Abang kan pinter bayar pajak 😂😂😂,0,0,1,afti_susanti,😂😂jualan goyang doang di tanyakan tak bisa jawab
afti_susanti,"@aprl.nza 😂😂wah kelakuan sma kya capresnya suka ngatain goblok😂😂kan kenyataan pelanggaran HAM mengacak acak konstitusi dn demokrasi, sya bgian dri Indonesia, saya wjar bersuara",0,0,1,afti_susanti,😂😂jualan goyang doang di tanyakan tak bisa jawab
afti_susanti,@elpistiro ayoooo bang dgan teriak mkan gratis lebih baik dri pda internet krna lamban😂😂,0,0,1,afti_susanti,😂😂jualan goyang doang di tanyakan tak bisa jawab
dheleopratama_20,@afti_susanti SDM Rendah,0,0,1,afti_susanti,😂😂jualan goyang doang di tanyakan tak bisa jawab
aidamasita,@fitrii.wally 👏👏👏SETUJU MBAK❤️❤️✌️✌️👏👏,1,0,1,afti_susanti,😂😂jualan goyang doang di tanyakan tak bisa jawab
elpistiro,"@afti_susanti sorry yeee,  sy mampu beli makan tanpa perlu dikasih gratis ..😂😂😂😂 mending internet gratis TPI lamban . Logis aja si . D luar negeri aja internet gratis N pendidikan gratis . Kapan mau maju negara kita",0,0,1,afti_susanti,😂😂jualan goyang doang di tanyakan tak bisa jawab
aggnn.12,@afti_susanti Ganjar presiden b0kep ya,1,0,1,afti_susanti,😂😂jualan goyang doang di tanyakan tak bisa jawab
aggnn.12,"@afti_susanti ""kaisar bapak ramah sekali""🤠🤓",1,0,1,afti_susanti,😂😂jualan goyang doang di tanyakan tak bisa jawab
4hc1415m41l_,@afti_susanti puncak komedi brooo🤣,0,0,1,afti_susanti,😂😂jualan goyang doang di tanyakan tak bisa jawab
aripurwianto,@afti_susanti bro loe buser ya kq postingan jlek in prabowo pdi y,0,0,1,afti_susanti,😂😂jualan goyang doang di tanyakan tak bisa jawab
afti_susanti,@anggun_paramitha12 Rama bnget bukan sekali berkali-kali,0,0,1,afti_susanti,😂😂jualan goyang doang di tanyakan tak bisa jawab
afti_susanti,"@anggun_paramitha12 mngkn bpkmu, tpi gnjar kerja nyata munafik dri mu Ohw capee mu pelanggaran HAM mengacak acak konstitusi dn demokrasi?",0,0,1,afti_susanti,😂😂jualan goyang doang di tanyakan tak bisa jawab
nailanovika_a,@afti_susanti,0,0,1,afti_susanti,😂😂jualan goyang doang di tanyakan tak bisa jawab
aggnn.12,"@afti_susanti apalah oot😂, malah nyambung ke ortu, aneh😂",1,0,1,afti_susanti,😂😂jualan goyang doang di tanyakan tak bisa jawab
aggnn.12,@afti_susanti kerja nyata di jadiin Boneka PDI 🤠,0,0,1,afti_susanti,😂😂jualan goyang doang di tanyakan tak bisa jawab
aggnn.12,@afti_susanti iya kerja nyata sampe kemiskinan di Jateng banyak,1,0,1,afti_susanti,😂😂jualan goyang doang di tanyakan tak bisa jawab
fitrii.wally,@aidamasita mbak 02❤️❤️❤️,1,0,1,afti_susanti,😂😂jualan goyang doang di tanyakan tak bisa jawab
aggnn.12,@afti_susanti boneka PDI dan retorika😂,1,0,1,afti_susanti,😂😂jualan goyang doang di tanyakan tak bisa jawab
ridhonpyd_,"@afti_susanti yauda cb jelasin klo emng lo tau, sekelas amerika aj gpernah ngmong ke publik soal keamanan sdm lu terlalu rendah",0,0,1,afti_susanti,😂😂jualan goyang doang di tanyakan tak bisa jawab
dlwrmnaxtna,@afti_susanti pftt,0,0,1,afti_susanti,😂😂jualan goyang doang di tanyakan tak bisa jawab
syihabul_muaziz,@afti_susanti haha betul bang malu tuh hahaha @_albash_98,0,0,1,afti_susanti,😂😂jualan goyang doang di tanyakan tak bisa jawab
adangkurdi5,@afti_susanti yg model beginian nih hidupnya ga pernah damai  sush tenang susah happy 😂😂😂,0,0,1,afti_susanti,😂😂jualan goyang doang di tanyakan tak bisa jawab
adangkurdi5,Betul betul 👍👍👍👏👏,0,0,1,afti_susanti,😂😂jualan goyang doang di tanyakan tak bisa jawab
afti_susanti,@anggun_paramitha12 wah mba ini kurang jauh deh cek dong mna ada jateng makin paling bnyak turun woii tingkat kemiskinan di jateng,0,0,1,afti_susanti,😂😂jualan goyang doang di tanyakan tak bisa jawab
afti_susanti,@anggun_paramitha12 fakta-fakta mba,0,0,1,afti_susanti,😂😂jualan goyang doang di tanyakan tak bisa jawab
afti_susanti,@anggun_paramitha12,0,0,1,afti_susanti,😂😂jualan goyang doang di tanyakan tak bisa jawab
cameliatan23,@afti_susanti lah elu baru turun gunung???😂 janji klo dia kepilih gubernur warga jakarta bisa dp rmh0% 😂😂😂😂 manaaaaaaaa???? Plis deh jual.itu kemampuan skill jangan omongan😂,0,0,1,afti_susanti,😂😂jualan goyang doang di tanyakan tak bisa jawab
imam_jihan,"@afti_susanti alah² mengkritik aja, diam aj udah, pantang tak top",0,0,1,afti_susanti,😂😂jualan goyang doang di tanyakan tak bisa jawab
afti_susanti,@cameliatan23 wahh mana ada pak ganjar mahfud janji bgtu?,0,0,1,afti_susanti,😂😂jualan goyang doang di tanyakan tak bisa jawab
eldja.st,@afti_susanti 😍AMIN😍,0,0,1,afti_susanti,😂😂jualan goyang doang di tanyakan tak bisa jawab
muhamad1908377,@afti_susanti so asik Lo kntol,0,0,1,afti_susanti,😂😂jualan goyang doang di tanyakan tak bisa jawab
v_caa17,@afti_susanti lah si tolol no sono sma pengungsi Rohingya presidennya kan Anies😂😂,0,0,1,afti_susanti,😂😂jualan goyang doang di tanyakan tak bisa jawab
fitrah_kencana,"@afti_susanti pertama goyang2, kalah debat Nanges dia 😂",0,0,1,afti_susanti,😂😂jualan goyang doang di tanyakan tak bisa jawab
umar.al.faruq_,@afti_susanti dari pada jual bacot doang,0,0,1,afti_susanti,😂😂jualan goyang doang di tanyakan tak bisa jawab
arifirwansyah07,"@afti_susanti anis juga joget kontol, bapak kau pun joget"" juga pas dugem",0,0,1,afti_susanti,😂😂jualan goyang doang di tanyakan tak bisa jawab
novita_harahap97,@_albash_98 sabar bang sabar gausah openi orang kek gini yang ada kita makin emosi naggapinnya..oia mereka kan buta fakta.ingat aja kumparan wkwkw,0,0,1,afti_susanti,😂😂jualan goyang doang di tanyakan tak bisa jawab
novita_harahap97,Wkwk biasa kak caper,0,0,1,afti_susanti,😂😂jualan goyang doang di tanyakan tak bisa jawab
novita_harahap97,@afti_susanti ups ada si surat yang uda dicoblos ni sampai 31 rb,0,0,1,afti_susanti,😂😂jualan goyang doang di tanyakan tak bisa jawab
novita_harahap97,"@adimuntaza dikit"" dikatain emosi kocak.",0,0,1,afti_susanti,😂😂jualan goyang doang di tanyakan tak bisa jawab
gioputrasarnando,@afti_susanti 😂😂,0,0,1,afti_susanti,😂😂jualan goyang doang di tanyakan tak bisa jawab
avenjed,@_albash_98 kan yg ditanya dana bukan pertahanan 😂,0,0,1,afti_susanti,😂😂jualan goyang doang di tanyakan tak bisa jawab
arnld27,@_albash_98 pertahanan ? Kenapa dia ngurus food estate yg gagal dan skrng ditanami singkong ? 😂 ngacokk,0,0,1,afti_susanti,😂😂jualan goyang doang di tanyakan tak bisa jawab
alif.666__,@afti_susanti wkwkwkwk PENDUKUNG BANTENG 🤪🤪 penyefong rambung putih 😂😂😂😂😂,0,0,1,afti_susanti,😂😂jualan goyang doang di tanyakan tak bisa jawab
afti_susanti,@m.pegangsaan siapa gnjar mahfud tolak Ormas yg jelas Ohw iya bukan kha rizik sihab dkung wowo? 😂,0,0,1,afti_susanti,😂😂jualan goyang doang di tanyakan tak bisa jawab
fandy_dyx,"@afti_susanti namanya juga 02,yg gak tau apa apa",0,0,1,afti_susanti,😂😂jualan goyang doang di tanyakan tak bisa jawab
afti_susanti,@m.pegangsaan 😂😂😂siapa pndkung anis? Salah orang kmu tpi mskipun aku pendukung gnjar mahfud tapi salut dgan Pak Anies bisa bikin Bowo mati kutu,0,0,1,afti_susanti,😂😂jualan goyang doang di tanyakan tak bisa jawab
aggnn.12,"@afti_susanti rumah anda di mana??, Sini mampir liat kondisi daerah sini",0,0,1,afti_susanti,😂😂jualan goyang doang di tanyakan tak bisa jawab
aggnn.12,@afti_susanti dan apakabar soal 31ribu surat suara yg udah kecoblos di 03 gimana bang??🤓🤓,0,0,1,afti_susanti,😂😂jualan goyang doang di tanyakan tak bisa jawab
aggnn.12,"@afti_susanti surat suara tsb, dan ternyata yang berkoar koar paling besar untuk menolak yang namanya terjadi kecurangan akhirnya justru mereka yang berbuat curang lebih dulu, apakah ada penjelasan? Untuk hal hal yang terjadi seperti itu? Apakah banteng takut kalau misalnya calon yg mereka pilih tidak akan menang?",1,0,1,afti_susanti,😂😂jualan goyang doang di tanyakan tak bisa jawab
aggnn.12,@afti_susanti jadi siapa yg munafik??🤓😂,1,0,1,afti_susanti,😂😂jualan goyang doang di tanyakan tak bisa jawab
azly_maumbu24,@afti_susanti bukan tak bsa jawab. Tpi nangis😂,0,0,1,afti_susanti,😂😂jualan goyang doang di tanyakan tak bisa jawab
mas.devaaan,@afti_susanti kaku bgt hidup mu,0,0,1,afti_susanti,😂😂jualan goyang doang di tanyakan tak bisa jawab
_puspaaa23,@afti_susanti heh untuk menang tidak harus menjatuhkan lawan sampai sini paham!,0,0,1,afti_susanti,😂😂jualan goyang doang di tanyakan tak bisa jawab
asbullah306,"@afti_susanti sory ye lo bukan sirkel kita ,jauh jauh sanaa",0,0,1,afti_susanti,😂😂jualan goyang doang di tanyakan tak bisa jawab
linafaulina_221,@afti_susanti  coba situ yang di tanya bakaln apa jawaban nya paling meneng🙏🏻😂,0,0,1,afti_susanti,😂😂jualan goyang doang di tanyakan tak bisa jawab
sanjani.pic,"@afti_susanti abis itu merasa paling tersakita ya, playing victim banget 😂",0,0,1,afti_susanti,😂😂jualan goyang doang di tanyakan tak bisa jawab
bagetolegongs,@afti_susanti nusuk banget 😂😂😂,0,0,1,afti_susanti,😂😂jualan goyang doang di tanyakan tak bisa jawab
bagetolegongs,@cameliatan23 suka....sesuai realita😂😂😂😂😂,0,0,1,afti_susanti,😂😂jualan goyang doang di tanyakan tak bisa jawab
qlasptiana,@afti_susanti dibayar brp si buat bacot,0,0,1,afti_susanti,😂😂jualan goyang doang di tanyakan tak bisa jawab
cameliatan23,@afti_susanti kan ge bilang Anis Bambang,0,0,1,afti_susanti,😂😂jualan goyang doang di tanyakan tak bisa jawab
afti_susanti,@desipuspa_23 lah siapa yg menjatuhkan pda hal gnjar mahfud biasa aja,0,0,1,afti_susanti,😂😂jualan goyang doang di tanyakan tak bisa jawab
afti_susanti,@asbullah306 😂😂,0,0,1,afti_susanti,😂😂jualan goyang doang di tanyakan tak bisa jawab
prdagstne,"@afti_susanti apaan sih lu anj, nyampah bt klo g suka ywdhh skip gausah nymph di lapak all in Prabowo,gitu aja ribet lu tolol",0,0,1,afti_susanti,😂😂jualan goyang doang di tanyakan tak bisa jawab
prdagstne,"@afti_susanti bacot Mulu lu anj,skip aja apa susah ny g perlu ngajelekin segala",0,0,1,afti_susanti,😂😂jualan goyang doang di tanyakan tak bisa jawab
novinur_fh58,@afti_susanti yang penting ga jualan janji,0,0,1,afti_susanti,😂😂jualan goyang doang di tanyakan tak bisa jawab
afti_susanti,@novinur_fh58 siapa itu?,0,0,1,afti_susanti,😂😂jualan goyang doang di tanyakan tak bisa jawab
afti_susanti,@lail_anayla ngapain ngejelekin emng kenyataan dn fakta mengacak acak konstitusi,0,0,1,afti_susanti,😂😂jualan goyang doang di tanyakan tak bisa jawab
ucen_hamid,@afti_susanti haha... Lucu,0,0,1,afti_susanti,😂😂jualan goyang doang di tanyakan tak bisa jawab
ucen_hamid,@cameliatan23 lah sini bang main jakarta biar tau😂,0,0,1,afti_susanti,😂😂jualan goyang doang di tanyakan tak bisa jawab
cameliatan23,"@ucen_hamid hehehehe,hanya org Jakarta yang tertipu janji Anis😂",0,0,1,afti_susanti,😂😂jualan goyang doang di tanyakan tak bisa jawab
yuyunwardani_,@afti_susanti gerah banget sih mbak,0,0,1,afti_susanti,😂😂jualan goyang doang di tanyakan tak bisa jawab
afti_susanti,@ucen_hamid banget,0,0,1,afti_susanti,😂😂jualan goyang doang di tanyakan tak bisa jawab
afti_susanti,@fajardkr_ 😂😂dri pda loe,0,0,1,afti_susanti,😂😂jualan goyang doang di tanyakan tak bisa jawab
ucen_hamid,@cameliatan23 aduh kita punya mata dan kita tau mana kinerja nya ya... Kalo situ ga tau sih ya punya apa nggak😂,0,0,1,afti_susanti,😂😂jualan goyang doang di tanyakan tak bisa jawab
irdef22,"@afti_susanti gadak sejarahnya capres lain yg lebih pintar dari Prabowo,catat dan ingat itu,mau dari segi manapun",0,0,1,afti_susanti,😂😂jualan goyang doang di tanyakan tak bisa jawab
afti_susanti,@fedrilingga22 Ohw iya krna terlalu pintar sampe nangis masal😂,0,0,1,afti_susanti,😂😂jualan goyang doang di tanyakan tak bisa jawab
afti_susanti,@yuyunwardani_ msa ? Kenyataan kn mengacak acak konstitusi,0,0,1,afti_susanti,😂😂jualan goyang doang di tanyakan tak bisa jawab
nuna.zhang,"@afti_susanti mau jual goyang jual oncom misro lemper, yg ptg ga jual agama kya doi😂",0,0,1,afti_susanti,😂😂jualan goyang doang di tanyakan tak bisa jawab
irdef22,"@afti_susanti jelas lah,miris dia lihat org yg menghalalkan segala cara untuk menang",0,0,1,afti_susanti,😂😂jualan goyang doang di tanyakan tak bisa jawab
bewafaaaa52,@afti_susanti iya iya beda ma yg onih yg pinter rangkai kata muter muter slapat slepet😂,0,0,1,afti_susanti,😂😂jualan goyang doang di tanyakan tak bisa jawab
ayiennlovematcha,@afti_susanti najis bandar bokep gitu,1,0,1,afti_susanti,😂😂jualan goyang doang di tanyakan tak bisa jawab
afti_susanti,@anatralala04 banget tu mba,0,0,1,afti_susanti,😂😂jualan goyang doang di tanyakan tak bisa jawab
cameliatan23,"@ucen_hamid emang apa kinerja anis yg bagus , coba di uraikan",0,0,1,afti_susanti,😂😂jualan goyang doang di tanyakan tak bisa jawab
aepsaepuloh1607,@afti_susanti nanya gk ngotak rahasia negara ditanya. Wuhhh tolol,0,0,1,afti_susanti,😂😂jualan goyang doang di tanyakan tak bisa jawab
nurhayati.7295,@afti_susanti ya di tanya marah marah ndasmu 😂😂 .pilihan ku 01 amin,0,0,1,afti_susanti,😂😂jualan goyang doang di tanyakan tak bisa jawab
masabe158,@mocha_monalisa omon omon mana udah ke jakarta blm mba?😂,0,0,1,afti_susanti,😂😂jualan goyang doang di tanyakan tak bisa jawab
afti_susanti,@ikann_asinnnnn bukan hanya pendukung bnag kayanya smua dri capres dn cawapres,0,0,1,afti_susanti,😂😂jualan goyang doang di tanyakan tak bisa jawab
nazlizaurfializa,@afti_susanti seperti biasa bang pagi kerja jadi petani malam nya disko nah ini ga kerja jd disko terus😂😂😂,0,0,1,afti_susanti,😂😂jualan goyang doang di tanyakan tak bisa jawab
afti_susanti,"@n_naznaz_ betul kak, uang kita hasil dri tani mlah yg untung mrka yg punya usah hiburan, apa lgi hotman paris pndkung wowo yg jlas mrka menjunjung tinggi budaya barat",0,0,1,afti_susanti,😂😂jualan goyang doang di tanyakan tak bisa jawab
miniyanti__,@afti_susanti Ganjar terbaik ? Yakin ??? Di partainya aja dikacangin 😂😂😂,0,0,1,afti_susanti,😂😂jualan goyang doang di tanyakan tak bisa jawab
nazlizaurfializa,"@afti_susanti tingkat debat saja sikap penanganan korupsi saja uda di bilg pak wowo ""KITA PERBAIKI KUALITAS HIDUP, TINGKATKN GAJI2 PEJABAT DAN PENYELENGGARA NEGARA"" Dari situ bisa kita liat kak ga beres krn mereka sendiri mengubah kualitas hidup para2 orang kaya😂",0,0,1,afti_susanti,😂😂jualan goyang doang di tanyakan tak bisa jawab
afti_susanti,@miniyanti__ wahh mris mana ada,0,0,1,afti_susanti,😂😂jualan goyang doang di tanyakan tak bisa jawab
icha_rl_,@afti_susanti trus nangis jamaah dh😂😂😂,0,0,1,afti_susanti,😂😂jualan goyang doang di tanyakan tak bisa jawab
afti_susanti,"@icha_rl_ iya ekting mba, krna bnyak artis yg ngajarin😂",0,0,1,afti_susanti,😂😂jualan goyang doang di tanyakan tak bisa jawab
mocha_monalisa,Beyum abng,0,0,1,afti_susanti,😂😂jualan goyang doang di tanyakan tak bisa jawab
nownoona,@afti_susanti jangan gitu heh,0,0,1,afti_susanti,😂😂jualan goyang doang di tanyakan tak bisa jawab
bebyila02,@afti_susanti sorry yee,0,0,1,afti_susanti,😂😂jualan goyang doang di tanyakan tak bisa jawab
2nd.l444,@afti_susanti upss si paling tau jawabannya😽😽,0,0,1,afti_susanti,😂😂jualan goyang doang di tanyakan tak bisa jawab
irwansyahuga,"@afti_susanti lebih baik santuy kerja nyata dr pd gembar gembor tapi zonk ,ngadepin paslon yg suka nyinyir  jogetin aja",0,0,1,afti_susanti,😂😂jualan goyang doang di tanyakan tak bisa jawab
afti_susanti,"@annniiittt_ kenyataan udah lihat pelanggaran yg di lakukan cawapres mu, masa mewakili ank muda bgtu memalukan ank muda se-Indonesia kali?",0,0,1,afti_susanti,😂😂jualan goyang doang di tanyakan tak bisa jawab
amndaynikaaa_,@afti_susanti ini bentukan orng crdas??minim pengetahuan!!!,0,0,1,afti_susanti,😂😂jualan goyang doang di tanyakan tak bisa jawab
irwansyahuga,@afti_susanti km lebih memalukan,0,0,1,afti_susanti,😂😂jualan goyang doang di tanyakan tak bisa jawab
pong.skyyy_,"@afti_susanti setidaknya ngga ngebegoin masyarakat , pake BBM mau digratiskan wkwkwk mandi mending lu pada , kerja nyata bukan halu mba",0,0,1,afti_susanti,😂😂jualan goyang doang di tanyakan tak bisa jawab
afti_susanti,@pong.skyyy_ lah lah mana ada gnjar mahfud Ter-Baik,0,0,1,afti_susanti,😂😂jualan goyang doang di tanyakan tak bisa jawab
pong.skyyy_,@afti_susanti ditanya mau berubah dengan cara apa ? Kok diem wkwkwkw,0,0,1,afti_susanti,😂😂jualan goyang doang di tanyakan tak bisa jawab
afti_susanti,@pong.skyyy_ siapa diam? Wkwk serog profesor tau mna yg hrus di jawab dn tidak dia aj hafal tdak mngerti pertanyaan sndri,0,0,1,afti_susanti,😂😂jualan goyang doang di tanyakan tak bisa jawab
afti_susanti,@pong.skyyy_ katanya mewakili kaum ank muda tpi semalam memalukan kaum ank muda se-Indonesia,0,0,1,afti_susanti,😂😂jualan goyang doang di tanyakan tak bisa jawab
dindaakomala,@afti_susanti masa iya 🤪,0,0,1,afti_susanti,😂😂jualan goyang doang di tanyakan tak bisa jawab
afti_susanti,"@rflyagrsta_ kata kata boneka adalah yg di ciptakan kubu prabowo dulu untuk pak jokowidodo, jdi ingat skrg kubu prabowo menjilatnya sndri, dn ganjr mahfud bicara fakta dgan data  pengalaman mrka",0,0,1,afti_susanti,😂😂jualan goyang doang di tanyakan tak bisa jawab
zzzzzzzzzzzzxff65ee64788842169,@afti_susanti gabisa jawab pertanyaan tapi dibilang receh😂,0,0,1,afti_susanti,😂😂jualan goyang doang di tanyakan tak bisa jawab
zzzzzzzzzzzzxff65ee64788842169,@afti_susanti yg di tanya inflasi hijau jawabanya ekonimi hijau jauh sekali.situ waras🤣✌️,0,0,1,afti_susanti,😂😂jualan goyang doang di tanyakan tak bisa jawab
zziirraaaaaa,"@afti_susanti bukan nggak bisa jawab,kalau ke jawab bakalan ada permasalahan dalam capres kali ini karna kan semua kebohongan dan penipuan pada capres 01 sudah terbukti semua nya ada juga kok para menteri yg ngomong soal kebohongan dan penjilatnya seorang capres 01 gimana ya kan,jadi jgn hanya omongan aja yg di janjikan manis tapi pembuktian nya ya nona hati²dalam berbicara,debat kali ini hanya untuk menjatuhkan pendirian seseorang ya",1,0,1,afti_susanti,😂😂jualan goyang doang di tanyakan tak bisa jawab
cantikareal12,@afti_susanti daripada situ dukung penghianat😂,0,0,1,afti_susanti,😂😂jualan goyang doang di tanyakan tak bisa jawab
besok_31,@afti_susanti gk ush pkek omongan kita krja nyata 😂,0,0,1,afti_susanti,😂😂jualan goyang doang di tanyakan tak bisa jawab
afti_susanti,@halloseftianiku terus apa yg jelas kerja nyata ganjar mahfud,0,0,1,afti_susanti,😂😂jualan goyang doang di tanyakan tak bisa jawab
aaaalllllllll00,@afti_susanti anda goblok ya coba anda liat Anies joget kok gak anda nyiyiri goblok,0,0,1,afti_susanti,😂😂jualan goyang doang di tanyakan tak bisa jawab
afti_susanti,"@helloworldddddd232 lah joget joget terserah dia yg penting dian tdak cengeng dn mengajak pendukungnya nangis masal, ganjar mahfud Ter-Baik",0,0,1,afti_susanti,😂😂jualan goyang doang di tanyakan tak bisa jawab
zzzzzzzzzzzzxff65ee64788842169,"@halloseftianiku kerja apa?provinsi jawa tengah provinsi termiskin di indonesia.jln masih banyak yg rusak janjinya mau di perbaiki tp hasilnya zonk,btw gua orang jateng#nodebat",0,0,1,afti_susanti,😂😂jualan goyang doang di tanyakan tak bisa jawab
__khrsnawdjy,@afti_susanti so asix bangett luu,0,0,1,afti_susanti,😂😂jualan goyang doang di tanyakan tak bisa jawab
aaaalllllllll00,@afti_susanti Prabowo joget salah Ganjar joget di biarin aneh,0,0,1,afti_susanti,😂😂jualan goyang doang di tanyakan tak bisa jawab
n.urwahidah,@afti_susanti tegang amat bu,0,0,1,afti_susanti,😂😂jualan goyang doang di tanyakan tak bisa jawab
nadiazaida_,"@afti_susanti punten ,lulusan terbaik fort bagg gada tandingan ny🔥",0,0,1,afti_susanti,😂😂jualan goyang doang di tanyakan tak bisa jawab
besok_31,Gw pendukung prabowo bukan ganjar😂,0,0,1,afti_susanti,😂😂jualan goyang doang di tanyakan tak bisa jawab
zzzzzzzzzzzzxff65ee64788842169,@halloseftianiku sorry bang slh tag🤣✌️,0,0,1,afti_susanti,😂😂jualan goyang doang di tanyakan tak bisa jawab
afti_susanti,@n.urwahidah biasa aja kmun kayanya yg tegang,0,0,1,afti_susanti,😂😂jualan goyang doang di tanyakan tak bisa jawab
afti_susanti,@nadzhifa__ 😂😂😂iya Ter-Baik lihat aja debat smalam malah bongkar aib bpknya sndri😂,0,0,1,afti_susanti,😂😂jualan goyang doang di tanyakan tak bisa jawab
nadiazaida_,ga nymbung 🤣 tau fort bagg ga?🤣,0,0,1,afti_susanti,😂😂jualan goyang doang di tanyakan tak bisa jawab
ziraa_aira12,@afti_susanti 😂,0,0,1,afti_susanti,😂😂jualan goyang doang di tanyakan tak bisa jawab
jape_reini,@afti_susanti LO KENAPA ??,0,0,1,afti_susanti,😂😂jualan goyang doang di tanyakan tak bisa jawab
dbngxcviii,@afti_susanti buzzer diem aja deh,0,0,1,afti_susanti,😂😂jualan goyang doang di tanyakan tak bisa jawab
afti_susanti,@dbngxcviii ngapain diem bicara sesuai datar fakta,0,0,1,afti_susanti,😂😂jualan goyang doang di tanyakan tak bisa jawab
nadiazaida_,@afti_susanti kasian yg ku omongin aja ga ngerti ya buk?😂,0,0,1,afti_susanti,😂😂jualan goyang doang di tanyakan tak bisa jawab
nadiazaida_,"@afti_susanti pas buka akun ny ternyata buzzer wkwk ,GWS ya buk smoga pnyakit hati nya cpet sembuh ,o ia itu postingan2 nya jngan di hapus biar jd dosa jariyah.",0,0,1,afti_susanti,😂😂jualan goyang doang di tanyakan tak bisa jawab
afti_susanti,"@nadzhifa__ kayanya kau yg tdak paham krna ngga bnyak mencari tau siap pemimpin yg loe plih? Latar belakang nya bgmna? Sya bicara data dn fakta, 02hasil dri mengacak ack konstitusi dn demokrasi",0,0,1,afti_susanti,😂😂jualan goyang doang di tanyakan tak bisa jawab
afti_susanti,@nadzhifa__ siap mau hpus sya wrga Indonesia sya berhak bersuara jika ada pemimpin yg jelas pelanggaran HAM dn konstitusi,0,0,1,afti_susanti,😂😂jualan goyang doang di tanyakan tak bisa jawab
afti_susanti,"@nadzhifa__ ibu ini mngkin terlalu sbuk urus bocah kali smpe tak baca data dn cari fakta,",0,0,1,afti_susanti,😂😂jualan goyang doang di tanyakan tak bisa jawab
afti_susanti,"@nadzhifa__ waoo tpi msih bocah wes nikah ? Mba ngapain akunnya bagus tpi najis mbanya ngapain cek aku akun saya, sya bicara fakta buka narasi",0,0,1,afti_susanti,😂😂jualan goyang doang di tanyakan tak bisa jawab
nadiazaida_,@afti_susanti wkwk sipaling data dan fakta tp menutup mata sama fakta lain,0,0,1,afti_susanti,😂😂jualan goyang doang di tanyakan tak bisa jawab
nadiazaida_,"@afti_susanti saya mh emang awet mudah bu ,otw 30 thn tp masih imut2 krn ga julid ama org ga suka ghibah juga kek ibu🤣",0,0,1,afti_susanti,😂😂jualan goyang doang di tanyakan tak bisa jawab
nadiazaida_,"@afti_susanti mnimal buktikan dan adili klo memang melanggar hkum ,btw gmn itu bu 27 anggaran janggal nya masa2 jabatan ani*s? 😂",0,0,1,afti_susanti,😂😂jualan goyang doang di tanyakan tak bisa jawab
nadiazaida_,udh tua bu jngan bnyak begadang🤣,0,0,1,afti_susanti,😂😂jualan goyang doang di tanyakan tak bisa jawab
nadiazaida_,"@afti_susanti lem aibon, formula e, bolpen🤣",0,0,1,afti_susanti,😂😂jualan goyang doang di tanyakan tak bisa jawab
nadiazaida_,"@afti_susanti saya paling tau siapa yg saya pilih ya ,saya mh ga kemakan janji manis kek embaknya😂",0,0,1,afti_susanti,😂😂jualan goyang doang di tanyakan tak bisa jawab
dbngxcviii,@afti_susanti pentingnya sekolah,0,0,1,afti_susanti,😂😂jualan goyang doang di tanyakan tak bisa jawab
afti_susanti,@nadzhifa__ yg jelas gnjar mahfud🤟🤟,0,0,1,afti_susanti,😂😂jualan goyang doang di tanyakan tak bisa jawab
afti_susanti,"@nadzhifa__ beda dong julid sma org sya bicara fakta bukan asal kaya ngono, masa iya? Imut pake filter? Berarti kita beda setahun dong, coba ngga pake filter profilnya😂",0,0,1,afti_susanti,😂😂jualan goyang doang di tanyakan tak bisa jawab
nadiazaida_,"@afti_susanti oh pendukung 5/10😂 kasian sih ibu nya pke filter ataupun ngga ttep gtu2 aja ya, hati nya sih berpenyakit jd cpet tua😂",0,0,1,afti_susanti,😂😂jualan goyang doang di tanyakan tak bisa jawab
nadiazaida_,"@afti_susanti ia betul fakta ,fakta fitnahnya🤣",0,0,1,afti_susanti,😂😂jualan goyang doang di tanyakan tak bisa jawab
afti_susanti,"@nadzhifa__ wkkwkw gini amt 02sya bicara fakta dn data 02ity hasil dri pelanggaran konstitusi dn demokrasi, jdi itu fakta masa plih pemimpin yg suka sukanya, buktinya hal sepele aja di langgar,",0,0,1,afti_susanti,😂😂jualan goyang doang di tanyakan tak bisa jawab
nadiazaida_,"@afti_susanti kek ngerti aja buk buk soal hukum😂 junjungan nya aja gjelas pmimpin kok suka nnton bok*p😂 wdas sama e ktp aja dlupain fakta ny😂 jateng di pegang dia umr aja paling rendah,masuk provinsi miskin😂",0,0,1,afti_susanti,😂😂jualan goyang doang di tanyakan tak bisa jawab
nadiazaida_,"jauh bgt ama pragib ,gabisa di bandingin keunggulan nya, lulusan fort bagg gtuloh😜",0,0,1,afti_susanti,😂😂jualan goyang doang di tanyakan tak bisa jawab
besok_31,"@afti_susanti yg jelas bukan presiden ya kerjanya, msa di Taiwan bagi2 kertas pemilu udh di coblos ganjar smpe masuk TV Taiwan apa gk malu😂",0,0,1,afti_susanti,😂😂jualan goyang doang di tanyakan tak bisa jawab
afti_susanti,@halloseftianiku trus siapa yg krim?,0,0,1,afti_susanti,😂😂jualan goyang doang di tanyakan tak bisa jawab
afti_susanti,"@fajardkr_ kmu gaje kali, kenyataan pas di ungkapan fakta klau masih impor smpe skrg ehh bilang menakut nakutin rakyat?",0,0,1,afti_susanti,😂😂jualan goyang doang di tanyakan tak bisa jawab
afti_susanti,Itu siapa hayoo,0,0,1,afti_susanti,😂😂jualan goyang doang di tanyakan tak bisa jawab
fajardkr_,"@afti_susanti okeyy mbakku, yaudah cinta damai aja yeekan",0,0,1,afti_susanti,😂😂jualan goyang doang di tanyakan tak bisa jawab
lenigustirahayu,@afti_susanti APALAGI LO,0,0,1,afti_susanti,😂😂jualan goyang doang di tanyakan tak bisa jawab
lenigustirahayu,@afti_susanti YA MINIMAL BUKAN AKUN BUZZER LAH BRO,0,0,1,afti_susanti,😂😂jualan goyang doang di tanyakan tak bisa jawab
ervika76,@afti_susanti  bicit bjirrr 😂,0,0,1,afti_susanti,😂😂jualan goyang doang di tanyakan tak bisa jawab
omkecil,"@vivi_vj09 padahal yg dibilang rahasia sudah ada di UUD. Poin mana aja yg rahasia, dan yg ditanyakan tidak berkaitan pada poin kerahasiaan itu. Sulit sih.. versus pendukung pelanggar UUD.",1,0,1,afti_susanti,😂😂jualan goyang doang di tanyakan tak bisa jawab
vivi_vj09,@omkecil emang kamu ada bukti kalau Prabowo langgar UUD?coba kasih bukti tai🤣org itu aje di bhs kalau Prabowo lagi calon anj bangat deh😬pendukung Anies edan apa banteng ni🤣🤣🤣🤣,0,0,1,afti_susanti,😂😂jualan goyang doang di tanyakan tak bisa jawab
yuli_br_munthee,@afti_susanti goyangin aja dlu biar jangan suntuk tetap Prabowo di hati,0,0,1,afti_susanti,😂😂jualan goyang doang di tanyakan tak bisa jawab
tiyaaramadhani_,"@afti_susanti pasti pendukung anis, goblok soalnya",0,0,1,afti_susanti,😂😂jualan goyang doang di tanyakan tak bisa jawab
aidi.l5548,"@afti_susanti minimal bukti bukan omon"" saja",0,0,1,afti_susanti,😂😂jualan goyang doang di tanyakan tak bisa jawab
masyallahnak,@afti_susanti ya iyalaaa wkwkw kalo mau nyapres kan emang harus pake tehnik buat cari daya tarik sayangnya daya tari slepet cak imin ga menarik yg menarik gemoy nyaa dari 02 wleeee,0,0,1,afti_susanti,😂😂jualan goyang doang di tanyakan tak bisa jawab
afti_susanti,@masyallahnak 😂😂03tetap terbaik,0,0,1,afti_susanti,😂😂jualan goyang doang di tanyakan tak bisa jawab
masyallahnak,@afti_susanti terbaik dalam mencoblos 31.000 surat suara duluan 🤣🤣🤣,0,0,1,afti_susanti,😂😂jualan goyang doang di tanyakan tak bisa jawab
toha2097_,@afti_susanti coba tanya angin udh ada KTP blm,0,0,1,afti_susanti,😂😂jualan goyang doang di tanyakan tak bisa jawab
ehzyyyaaaa,@afti_susanti lu salah lapak mbak plis ini lapak pak Prabowo wkwkwkw 😂😂😂😂k,0,0,1,afti_susanti,😂😂jualan goyang doang di tanyakan tak bisa jawab
kkeonlove,@afti_susanti ttp al-in Prabowo ✌🏻😂,0,0,1,afti_susanti,😂😂jualan goyang doang di tanyakan tak bisa jawab
atyalawiyah_08,@afti_susanti 10 tahun Jateng apa kabar wkwkw sampe presiden aja turun tangan,0,0,1,afti_susanti,😂😂jualan goyang doang di tanyakan tak bisa jawab
arsyilla.ratis28,@afti_susanti ✌️🤞✌️✌️🤞🤞,0,0,1,afti_susanti,😂😂jualan goyang doang di tanyakan tak bisa jawab
_itsdeaaaa,@afti_susanti emang pak Prabowo aja yg goyang tuh yg dua jg ada kok😆,0,0,1,afti_susanti,😂😂jualan goyang doang di tanyakan tak bisa jawab
trazahra,@afti_susanti iyalah gak kaya pilahan lu banyak omong kerja kosong😂,0,0,1,afti_susanti,😂😂jualan goyang doang di tanyakan tak bisa jawab
nzwaaxxz,@afti_susanti nenek gera bbo ah kita mah prabowo 02!!!!,0,0,1,afti_susanti,😂😂jualan goyang doang di tanyakan tak bisa jawab
alkyyjrr1c0,@afti_susanti ganjar ternyata itu noh capres lu juga gimmick no munafik joging mulu caper bngst,0,0,1,afti_susanti,😂😂jualan goyang doang di tanyakan tak bisa jawab
afina.laily,"@afti_susanti silahkan kalian hina sepuasnya, mari kita buktikan siapa yg menang & pantas jdi presiden",0,0,1,afti_susanti,😂😂jualan goyang doang di tanyakan tak bisa jawab
ima_irsdyh,@vivi_vj09 lah?😭 anggaran sama luas tanah rahasia? baru tau.. belajar lagi yaaa awkwk,1,0,1,afti_susanti,😂😂jualan goyang doang di tanyakan tak bisa jawab
ima_irsdyh,"@cameliatan23 haha yg penting terealisasi kan bukan cuma janji doangg, lu aj yg kudet",1,0,1,afti_susanti,😂😂jualan goyang doang di tanyakan tak bisa jawab
ima_irsdyh,"@vivi_vj09 tapi kok itu aja ga tau😁🙏🏻, aowkwkwk",0,0,1,afti_susanti,😂😂jualan goyang doang di tanyakan tak bisa jawab
iwan_iwaaan91,@afti_susanti 😂,0,0,1,afti_susanti,😂😂jualan goyang doang di tanyakan tak bisa jawab
xx_dddinda,@afti_susanti yg ngasi prtnyaan tolol tau kau,0,0,1,afti_susanti,😂😂jualan goyang doang di tanyakan tak bisa jawab
dathadiat,@afti_susanti udah bang udah pendukungnya tantrum tuh 😂,0,0,1,afti_susanti,😂😂jualan goyang doang di tanyakan tak bisa jawab
srettt_,"@_albash_98 seperti biasa pengikut all in g pernah mau terima fakta dan data😂,,apa kabar untuk kedepannya",0,0,1,afti_susanti,😂😂jualan goyang doang di tanyakan tak bisa jawab
srettt_,@cameliatan23 kek orgil goyang gatau tempat mah,0,0,1,afti_susanti,😂😂jualan goyang doang di tanyakan tak bisa jawab
cameliatan23,Ah situ aj sirik😂,0,0,1,afti_susanti,😂😂jualan goyang doang di tanyakan tak bisa jawab
nraisyahokta,@afti_susanti si paling pintar aja anda 😂,0,0,1,afti_susanti,😂😂jualan goyang doang di tanyakan tak bisa jawab
nia_rahayu01,"@afti_susanti Halah sok tau lu ,ngga usah sirik jadi orang,sok paling bener !!",0,0,1,afti_susanti,😂😂jualan goyang doang di tanyakan tak bisa jawab
srettt_,@cameliatan23 sirik atas apa?gada yg patut di banggakan dri diriny kcuali hartnya aja😂,0,0,1,afti_susanti,😂😂jualan goyang doang di tanyakan tak bisa jawab
aren_t_home_777,"@afti_susanti urusan Nye sama lu apah,gaada kan,ganggu lu kgk,kaga kan,masa sih Nge bacot iri?",1,0,1,afti_susanti,😂😂jualan goyang doang di tanyakan tak bisa jawab
jvaldi.m,@afti_susanti daripada jual agam😂,0,0,1,afti_susanti,😂😂jualan goyang doang di tanyakan tak bisa jawab
muhammadrizkyrizaldi1,@afti_susanti urusin dulu tuh Wadas!!,0,0,1,afti_susanti,😂😂jualan goyang doang di tanyakan tak bisa jawab
muhammadrizkyrizaldi1,@afti_susanti kerja nyata?? Nihil!! Saya ahli jawa tengah apa kerja nya ganjar? Wadas aja blm dikerjakan 😂,0,0,1,afti_susanti,😂😂jualan goyang doang di tanyakan tak bisa jawab
nvizse_,@afti_susanti daripada jual agama demi mendapatkan banyak suara😂😂😂😂,0,0,1,afti_susanti,😂😂jualan goyang doang di tanyakan tak bisa jawab
sidikslmn_,@afti_susanti dari pada jual agama cuaks 😂,0,0,1,afti_susanti,😂😂jualan goyang doang di tanyakan tak bisa jawab
_raayyyaaaa,@afti_susanti lu kalau ditawarin jadi caleg dari partai 02 juga pasti mau😂,0,0,1,afti_susanti,😂😂jualan goyang doang di tanyakan tak bisa jawab
afti_susanti,@_raayyyaaaa ogah lbih bebass jdi org biasa,0,0,1,afti_susanti,😂😂jualan goyang doang di tanyakan tak bisa jawab
_raayyyaaaa,@afti_susanti yg bener?,0,0,1,afti_susanti,😂😂jualan goyang doang di tanyakan tak bisa jawab
_ciiputriiiiiii,@afti_susanti dasar buzzer,0,0,1,afti_susanti,😂😂jualan goyang doang di tanyakan tak bisa jawab
badvillain17,@afti_susanti jual bacot doang tapi otaknya cetek,0,0,1,afti_susanti,😂😂jualan goyang doang di tanyakan tak bisa jawab
rani_pricillia12,"@afti_susanti pendukung Dajjal muncul ,kau jual gagasan bukti gak ada , capres miskin tukang fitnah juga malu kali dajjal😂🤭",0,0,1,afti_susanti,😂😂jualan goyang doang di tanyakan tak bisa jawab
rani_pricillia12,"@afti_susanti banteng Dajjal open donasi ,boneka santet ,pendukung goblok ,miskin gak punya biaya nyapres malu kali korup ,Wadas urus dulu sonohh🤪🤭🤣🤣",0,0,1,afti_susanti,😂😂jualan goyang doang di tanyakan tak bisa jawab
audia_________,"@afti_susanti IRI YA, LIAT KAMPANYE 02 ACARANYA SEHEBOH ITU ??!",0,0,1,afti_susanti,😂😂jualan goyang doang di tanyakan tak bisa jawab
meylindasaputry,"@afti_susanti mendingan jual goyangan drpda jual suara 31 suara wkwk buat apaan tuh keciri bangt takut kalah nya, Ampe no suara no 2 di ganti pake no 3 lawak permainannya",0,0,1,afti_susanti,😂😂jualan goyang doang di tanyakan tak bisa jawab
afti_susanti,"@meylindasaputry 😂lucu kan kmu? Wkwkkw yg berkuasa saat ini semua bawaslu kpu dn pmrntah aja berpihak ke 02masa itu kubu gnjar yg di tukar? Yg jelas skrg pmrntah ingin mnjtuhkn paslon no 3apa lgi dlam islam nmr 3itu rezeki, tau ngga?",0,0,1,afti_susanti,😂😂jualan goyang doang di tanyakan tak bisa jawab
hiduptergantungrolll,@afti_susanti jual agama apa kabar?,0,0,1,afti_susanti,😂😂jualan goyang doang di tanyakan tak bisa jawab
meylindasaputry,@afti_susanti asataga panas Iyah,0,0,1,afti_susanti,😂😂jualan goyang doang di tanyakan tak bisa jawab
afti_susanti,@meylindasaputry biasa aja,0,0,1,afti_susanti,😂😂jualan goyang doang di tanyakan tak bisa jawab
agoengprsetyo,@afti_susanti anak SMP ngapain ke sini dek,0,0,1,afti_susanti,😂😂jualan goyang doang di tanyakan tak bisa jawab
meylindasaputry,"@afti_susanti masa sih wkwk biasa ajh emang eaa rugi doang hahaha, emng ada buktinya klau pemrnth ingin menjatuh kan 03? Ada bukti ngak",0,0,1,afti_susanti,😂😂jualan goyang doang di tanyakan tak bisa jawab
afti_susanti,"@meylindasaputry wih trus dungu kmu, skrg pemerintahan siapa yg urusan dgan surat suara siap yg jelas itu urusan ke pemerintah ngra bkan partai atau capres",0,0,1,afti_susanti,😂😂jualan goyang doang di tanyakan tak bisa jawab
astrisahar,@cameliatan23 bismillah makan gratis,0,0,1,afti_susanti,😂😂jualan goyang doang di tanyakan tak bisa jawab
bang_ucok___,@afti_susanti gejala awalnya pasih deck sampe iri dengki kek gitu hah lu dengan kaya keren gak bego bego anies meemk orang tolol pilih anies,0,0,1,afti_susanti,😂😂jualan goyang doang di tanyakan tak bisa jawab
bang_ucok___,@afti_susanti emangnya anies gak pernah joker deck lagian pas debat 2 vs 1ganjar sama anies sedangkan pravowo sendiri an,0,0,1,afti_susanti,😂😂jualan goyang doang di tanyakan tak bisa jawab
bang_ucok___,@afti_susanti semua agama ko di coba dan di buat kampanye wkwkwk,0,0,1,afti_susanti,😂😂jualan goyang doang di tanyakan tak bisa jawab
__krtkptrr,@afti_susanti apasi la*ur mending masak sono lu kan babu suami drpd ikut ikutan politik,0,0,1,afti_susanti,😂😂jualan goyang doang di tanyakan tak bisa jawab
yuni_sarah_gokil,"@afti_susanti dari pada jual agama,, uup🙊",0,0,1,afti_susanti,😂😂jualan goyang doang di tanyakan tak bisa jawab
caaa_aaa23,@afti_susanti intinya kita butuh pemimpin bukan kacung yg disetir✌,0,0,1,afti_susanti,😂😂jualan goyang doang di tanyakan tak bisa jawab
sylviaachaterina,@afti_susanti haha kan ketahuan mana yg nyenggol deluan🤣,0,0,1,afti_susanti,😂😂jualan goyang doang di tanyakan tak bisa jawab
yasserfah,"@afti_susanti alutsista apa mba 5,5m?",0,0,1,afti_susanti,😂😂jualan goyang doang di tanyakan tak bisa jawab
bbysyilaa_,@afti_susanti oh ini yg cerdas itu ngmng goblok ya😂 ada dipelajaran gasih? Duh gmn si attitude ktnya etika tp pendukungnya gaberetika smua,0,0,1,afti_susanti,😂😂jualan goyang doang di tanyakan tak bisa jawab
p.rnprmstri,@afti_susanti dripd jual agama,0,0,1,afti_susanti,😂😂jualan goyang doang di tanyakan tak bisa jawab
othersideqila,@afti_susanti yg penting ga janji doang,0,0,1,afti_susanti,😂😂jualan goyang doang di tanyakan tak bisa jawab
hamidahnst.29,"@afti_susanti pendukung Anis munafik semua upsss masa calon pemimpin utangnya bejibun,mna masih keredit rumah lagi ,udh gitu di ancem2 buat orng Islam yg ga milih dia sama ajh ga ngehormatin ulama,ehhh anj ulama mana musti gua hormatin?gua hanya hormat sama Allah SWT bukan ulama,tugas ulama cuma ngasih ilmu bukan ngasih ancaman",0,0,1,afti_susanti,😂😂jualan goyang doang di tanyakan tak bisa jawab
bio_sulaiman,"@afti_susanti NKRI gak butuh pemimpin banyak bacot, inplementasi dan realisasi yg perlu untuk kami masyarakat bukan janji partai yg kebanyakan retorika and muter muter seperti anis manis dibibir lain dihati terbukti janji campaye DP 0 Rp. sampe janji pilpres sekarang tidak ada alias ngafusi😂😂😂😂 itu yg ditagih warga DKI sampai maut menjemput gak ada… sampe bawa bawa malaikat juga gak terealisasi🤣🤣 01 preeeeet",1,0,1,afti_susanti,😂😂jualan goyang doang di tanyakan tak bisa jawab
ayudyh.__,anda panas kmi puas😍,0,0,1,afti_susanti,😂😂jualan goyang doang di tanyakan tak bisa jawab
afti_susanti,@bio_sulaiman 😂😂gnjar mahfud terbaik👍💯,0,0,1,afti_susanti,😂😂jualan goyang doang di tanyakan tak bisa jawab
budhistiabayu,@afti_susanti komen boleh tolol jangan,0,0,1,afti_susanti,😂😂jualan goyang doang di tanyakan tak bisa jawab
afti_susanti,@budhistiabayu loe yg tolol dn dungu masa dkung pelanggaran etik lah pemimpin yg terobos mk?,0,0,1,afti_susanti,😂😂jualan goyang doang di tanyakan tak bisa jawab
diego.de.jong,"@afti_susanti buset buzzer nih😂😂 postingan nya aja full benci ama sebelah tuh,emang kalo benci susah ya,semoga di balas tuhan ya mba",0,0,1,afti_susanti,😂😂jualan goyang doang di tanyakan tak bisa jawab
afti_susanti,@diego.de.jong 😂😂lah postingan sya bukan fitnah tpi kenyataan kok,0,0,1,afti_susanti,😂😂jualan goyang doang di tanyakan tak bisa jawab
utthy.nhata_20,@afti_susanti drpd jual agama😂,0,0,1,afti_susanti,😂😂jualan goyang doang di tanyakan tak bisa jawab
afti_susanti,@utthy.nhata028_ masa sih gnjar mahfud terbaik loh malah tolak org org sprti itu,0,0,1,afti_susanti,😂😂jualan goyang doang di tanyakan tak bisa jawab
muhamad.jaeni.1654,"@afti_susanti bisa jawab,jawabannya makan dong😂😂😂😂",1,0,1,afti_susanti,😂😂jualan goyang doang di tanyakan tak bisa jawab
afti_susanti,@muhamad.jaeni.1654 Iya mengatasi masalah stunting dgan makan? 😂😂,1,0,1,afti_susanti,😂😂jualan goyang doang di tanyakan tak bisa jawab
diego.de.jong,@afti_susanti yang bener aja kamu😂😂 udahlah cuman tuhan yg tahu semoga di balas tuhan,0,0,1,afti_susanti,😂😂jualan goyang doang di tanyakan tak bisa jawab
njrlrmnd,@afti_susanti dari pada jual agama😜,0,0,1,afti_susanti,😂😂jualan goyang doang di tanyakan tak bisa jawab
iping_drmwn,"@afti_susanti pkonya makan dikit"" makan",0,0,1,afti_susanti,😂😂jualan goyang doang di tanyakan tak bisa jawab
iping_drmwn,Dia kan mau mencerdaskan kalian,0,0,1,afti_susanti,😂😂jualan goyang doang di tanyakan tak bisa jawab
afti_susanti,@iping_drmwn mencerdaskan? Menddunggukn dn menyesatkan agr ikut pelanggaran kode etik😂,0,0,1,afti_susanti,😂😂jualan goyang doang di tanyakan tak bisa jawab
iwanbbs,@afti_susanti jgn keras2 bang. bapaknya masih presiden terang2an dukung 02 . kalo gw sih malu . mending mundur dlu baru kampanye sono 😂,0,0,1,afti_susanti,😂😂jualan goyang doang di tanyakan tak bisa jawab
atmlmuksin_,"@afti_susanti bacot, lu bukan pendukung 02 dilarang komen😜😜😜",0,0,1,afti_susanti,😂😂jualan goyang doang di tanyakan tak bisa jawab
orphicalt,@afti_susanti iya deh malaikat🥺😤😥😡,0,0,1,afti_susanti,😂😂jualan goyang doang di tanyakan tak bisa jawab
itsurzaa_,@afti_susanti buzzeerrer,0,0,1,afti_susanti,😂😂jualan goyang doang di tanyakan tak bisa jawab
eridwi_an,@afti_susanti  Yo Ndak tau wong sya suka kok 😂,0,0,1,afti_susanti,😂😂jualan goyang doang di tanyakan tak bisa jawab
fakhiranuruljannah,@afti_susanti ah masa bisa jawab tapi nyontek upsss,0,0,1,afti_susanti,😂😂jualan goyang doang di tanyakan tak bisa jawab
einbaruu,@afti_susanti dari Pada jual janji manis doang kosong bukti yang benar aje rugi dong,0,0,1,afti_susanti,😂😂jualan goyang doang di tanyakan tak bisa jawab
afti_susanti,@reineldis54 gnjar mahfud terbaik gtu dong kalau ngga plih gnjar rugi dong,0,0,1,afti_susanti,😂😂jualan goyang doang di tanyakan tak bisa jawab
rahmataghd,@afti_susanti kampanye kok bawa2 malaikat wkwkkw😂,0,0,1,afti_susanti,😂😂jualan goyang doang di tanyakan tak bisa jawab
einbaruu,@afti_susanti rugi? Tidak lah beda pilihan beda cara berpikir simpel,0,0,1,afti_susanti,😂😂jualan goyang doang di tanyakan tak bisa jawab
afti_susanti,@rahmataghd mana da gnjar mahfud ngga bgtuan,0,0,1,afti_susanti,😂😂jualan goyang doang di tanyakan tak bisa jawab
najwanabbb,@afti_susanti banyakin aksi dari pada basa basi,0,0,1,afti_susanti,😂😂jualan goyang doang di tanyakan tak bisa jawab
_inayailmi204,@afti_susanti wong saya suka nonton kok😂,0,0,1,afti_susanti,😂😂jualan goyang doang di tanyakan tak bisa jawab
ainie_zie,@afti_susanti minta masukan sama solusi..dya cuma mau ngedengerin doank lahh coba ituu...😂,0,0,1,afti_susanti,😂😂jualan goyang doang di tanyakan tak bisa jawab
febnrhmaw__,@afti_susanti jual agama doang di tanya apa jawabnya apaa lucu😂,0,0,1,afti_susanti,😂😂jualan goyang doang di tanyakan tak bisa jawab
ikaarorrr,@afti_susanti dari pada jual agama???? ewww najiss,0,0,1,afti_susanti,😂😂jualan goyang doang di tanyakan tak bisa jawab
afti_susanti,@stiauliaah wkkw,0,0,1,afti_susanti,😂😂jualan goyang doang di tanyakan tak bisa jawab
_just.seline,💕,1,0,0,,
fallen.andreas,Ahhsikk dehh 🔥👏❤️🙌,3,0,0,,
sampouwjenny,ada Pak Imba ya... mantap... ok bos tambah 2 torang gas ✌️✌️✌️✌️✌️✌️✌️✌️✌️,20,0,0,,
heprrirewel138,😍,2,0,0,,
banatz93,Lu prabowo gue follow,117,10,0,,
rdwn.sym,"@banatz93 lo 02, pantes keliatan bodohnya😂",0,0,1,banatz93,Lu prabowo gue follow
aryasatyairfan,@banatz93 gw paman Usman,6,0,1,banatz93,Lu prabowo gue follow
firman_vro,@aryasatyairfan gua pecat lu paman😂😂😂😂,2,0,1,banatz93,Lu prabowo gue follow
selvya_26,"@banatz93 bukan prabowo,tp ordal paman MK",4,0,1,banatz93,Lu prabowo gue follow
abdullatif.an,"@banatz93 pantas bocil, literasi rendah, SDM rendah",3,0,1,banatz93,Lu prabowo gue follow
zamzam.januzaj,@banatz93 untungnya apa di follow elu 😂,3,0,1,banatz93,Lu prabowo gue follow
syihabul_muaziz,@banatz93 kasian sepi wkw,0,0,1,banatz93,Lu prabowo gue follow
riskauni_,@aryasatyairfan mkmkmkmk😂,1,0,1,banatz93,Lu prabowo gue follow
riskauni_,@mono.no99 MKMKMKMK😂😂😂,1,0,1,banatz93,Lu prabowo gue follow
ingg_el15,"Sulut ""Prabowo-Gibran🤍02🔥",352,2,0,,
meiske_uhing,@ingg_el15 gas polllll 02🇲🇨🇲🇨🇲🇨🇲🇨🇲🇨🇲🇨🇲🇨,3,0,1,ingg_el15,"Sulut ""Prabowo-Gibran🤍02🔥"
sgsfpfoscar,@meiske_uhing 03,0,0,1,ingg_el15,"Sulut ""Prabowo-Gibran🤍02🔥"
karauwanalex,All in prabowo🔥🙌,481,5,0,,
rdwn.sym,@karauwanalex template nya gk bisa sm Prestasinya kh? 😂 eh gk ada yah?,3,0,1,karauwanalex,All in prabowo🔥🙌
cchaniiee,"ngetik apasih? malu maluin diri sendiri aja, semua org punya hak masing² kali! ngerusak suasana aja",0,0,1,karauwanalex,All in prabowo🔥🙌
rdwn.sym,Knp? Gk bisa nyebutin prestasinya kh? 😂 eh emg gk ada ya,2,0,1,karauwanalex,All in prabowo🔥🙌
seya._hyl,Jangan langsung di ulti mreka taunya all in all in sambil pake uang sogokan 😂,0,0,1,karauwanalex,All in prabowo🔥🙌
ranysahmdqh,"@rdwn.sym prestasi Prabowo ""Mendaur Ulang Sampah Jadi Gubernur Tapi Tidak Berguna😂😂
Salam ✌️✌️✌️✌️
Insyallah satu putaran..",0,0,1,karauwanalex,All in prabowo🔥🙌
ch_260191,❤️❤️❤️❤️,1,0,0,,
ninink0505,Kiw pasukan gemoy 🔥🔥,9,0,0,,
juf_87,Fer ajak2 Dong 🔥,3,0,0,,
syfa1332,Ada mas pusaka 😍 @fero_walandouw,3,0,0,,
sindyaulia44_,✌✌✌,3,0,0,,
sitiumi521,🔥🔥🔥🔥,1,0,0,,
lovableempress,Pasukan gemoy😍,1192,14,0,,
pisangijo09,@owner_claryshou pasukan orang bego ada di 02,15,0,1,lovableempress,Pasukan gemoy😍
sgsfpfoscar,@arman_drunker betul kata Bung @arman_drunker,0,0,1,lovableempress,Pasukan gemoy😍
alzraaa._,"@arman_drunker kalo ngmong di jaga mas, takutnya knp'",4,0,1,lovableempress,Pasukan gemoy😍
lovableempress,"Muka lu gosong,ngaca 😂 sok-sokan membenarkan anjir",3,0,1,lovableempress,Pasukan gemoy😍
lovableempress,"@arman_drunker pasukan bego,kalo gw bego gaakan gw jd pengusaha sekaligus miliarder, minimal akun real sih",0,0,1,lovableempress,Pasukan gemoy😍
lovableempress,"@arman_drunker Bego juga elu,sekelas menhan aja d tikung,mikir cuy 5 taun itu lama😂 dasar buzer",0,0,1,lovableempress,Pasukan gemoy😍
syihabul_muaziz,@owner_claryshou miris bgt joged doang adu gagasan dong,1,0,1,lovableempress,Pasukan gemoy😍
lovableempress,"@syihabul_muaziz joget doang? manfaatin akses internet tong biar ga gubluk bgt. org punya kelebihan dibidangnya masing2, kalo cuman adu argumen mahasiswa presentasi/sekelas sales juga bisa. ga sembarangan org bsa jd menhan, g una inu banyak omon tp nol. menhan lebih ke praktek lgsg aksi bukan teori apalagi banyak janji. lagian lu salah lapak sih jamet",8,0,1,lovableempress,Pasukan gemoy😍
t_yaaaaaw,@owner_claryshou hajar mbk😭👍,0,0,1,lovableempress,Pasukan gemoy😍
aprlia_146,@arman_drunker terserah lah mau pilih siapa kok lu ngatur,0,0,1,lovableempress,Pasukan gemoy😍
bio_sulaiman,"@arman_drunker dari pada dibilang cerdas tapi buat tipu tipu janji manis dibibir lain dihati, obral janji…. mending 02 programnya jelas sdh ada tnggal menunggu hasil prabowo presiden makan siang gratis emang top yang lain baru janji un perubahan prabowo sdh dibulan menata masa depan😍",0,0,1,lovableempress,Pasukan gemoy😍
connymeisketengker,@arman_drunker hahaha biasanya yang menuduh a/ yang tertuduh❤️,1,0,1,lovableempress,Pasukan gemoy😍
bagus.suryaaa_,@arman_drunker pasukan orang penjual agama ada di 01,1,0,1,lovableempress,Pasukan gemoy😍
bagus.suryaaa_,@arman_drunker wujud aseli cerdas 🤓,0,0,1,lovableempress,Pasukan gemoy😍
vnayoan__,😍😍,3,0,0,,
mia.adrianna__,Bang Fero sehat sehat yaaa..💪🤗,29,1,0,,
mbahe_wildan,@mia.adrianna__ aamiin,0,0,1,mia.adrianna__,Bang Fero sehat sehat yaaa..💪🤗
andi_delano,😂😂,1,0,0,,
