username,comment,total_like,total_reply,is_reply,reply_to,parent_comment
alyadr25_,Ayang gue cakep²,0,0,0,,
eni.yulianti.5602,Prabowo Gibran menang,0,0,0,,
1ayqe.esraa,❤️❤️❤️❤️,0,0,0,,
lomah_happynoah,Nomor 2 ok gass @prabowo,1,0,0,,
renatanurhayati,Masha Allah,0,0,0,,
karmila_ali_,"Masya allah tabarakallah😍 sehat trus bapak persiden ,kami barsama mu😍❤️✌️",0,0,0,,
srnhmlw,mantap bapak ku prabowo,0,0,0,,
uj.endang,Mantap pa,0,0,0,,
rian.isav,Saya sbg rakyat jelata jg setulus hati jiwa raga mendukung bapak Prabowo yg keren bgt,0,0,0,,
annisaannisa6855,Kangen masa kampanye ❤️,0,0,0,,
abdiindah,🔥🔥🔥🔥🔥🔥🔥🔥,0,0,0,,
viralno_rek,Ganti Presiden Sik tetep Jualan Bakso Karo Lontong Kikil😂,1,0,0,,
nuyyarsaloka_,aku salfok sma mayor teddy nya 😍,0,0,0,,
fitriana.achmad.79,❤️❤️❤️❤️❤️❤️❤️❤️,0,0,0,,
joyce__cynthia,Hidup Bapak Prabowo dan Gibran rakabuming Presiden kita yang baru dan wakil Presiden kita Gibran rakabuming maju terus pantang mundur.,0,0,0,,
nelviana_putri19,Seh terus ya bapak Prabowo ku,0,0,0,,
annisadiyaaa,❤️❤️meledak😍😍😍😍,0,0,0,,
annisadiyaaa,❤️❤️❤️❤️wow,0,0,0,,
claraajah8,Prabowo teruuus,0,0,0,,
miaarchuleta19,Prabowo 💙💙💙💙💙,0,0,0,,
bintiyahmin,Lebih rame N lebih GLOWING NOMER 1😍😍😍😍,0,0,0,,
nursatrianty,Orang ganteng pada ngumpul di sini semua gimana emak² ga oleng coba 😂😂😂 prabowo presiden ku ✌🏻😍✌🏻,1,0,0,,
priaberistrimasjuli,All in 02,0,0,0,,
princesbella_93,Pokoe Prabowo Gibran menang ✌️,0,0,0,,
_rukoyah_,"Cuma pengen tanya, itu bapa prabowo sakit kaki atau ada penyakit? Kasiann udh berumur😢, coba dong dibwa cekup kesehatannya",0,0,0,,
cantikaamoren,Mudah mudahan  Aminnnnnnnnnnnnnnnnnnn ✌️,0,0,0,,
cantikaamoren,✌️🫶,0,0,0,,
andrefradila,❤❤❤,0,0,0,,
merycasanova4,01 selalu di hati love you abah,0,0,0,,
khazilla_kurniawan,03 presiden indonesia,0,0,0,,
danialadam.14,🔥✌,0,0,0,,
ibayusufi,"Kok banyakan JIS ya, bukannya surveynya tinggi 02 terus ya, ow manipulatif ya surveynya 🤭",0,0,0,,
sapitriiiiiii_,Nah lo ini yg ngatain kampanye nya sepi hayohh ini buktiny apa😂,0,0,0,,
fg.siscam24,😍😍,0,0,0,,
mama.zhea.luna,2 👏👏,0,0,0,,
rich_qayumy,👏👏👏2,0,0,0,,
safamarwa5762,bpk  prabowo pk gibran menang 👏,0,0,0,,
ellahrhaya,my ted😍,0,0,0,,
moses_3062,"Ingat kita bebas memilih ya...yuk jangan saling menjatuhkan,mencaci maki,spy pemilu bisa berjalan dengan damai....salam 2 Jari 🫰✌️🤝",0,0,0,,
z7urde,@fero_walandouw anda prabowo gibran kita saudara🫰🏼✌🏼,0,0,0,,
diahsadiahdiahsadiah,✌️✌️all Iin 02 ❤️❤️❤️,0,0,0,,
shaqueena_disa,AMIN AJA DULU 01,0,0,0,,
shaqueena_disa,AMIN AJA DULU,0,0,0,,
shaqueena_disa,kl ditanya alesanny milih prabowo apa bingung kan lo😂?,0,0,0,,
nengjorre,Duh mytedy😍😍,0,0,0,,
davidmua,❤️❤️❤️❤️❤️❤️❤️❤️❤️❤️❤️✌️,0,0,0,,
elly_v14,Presiden 2024 ku💙💙💙,0,0,0,,
indahviolla,02 ok gas,0,0,0,,
ell_meefx,Tua emosian gmn mau urus negara yang besar ini,0,0,0,,
sitiratnaulan,❤️❤️❤️❤️❤️❤️❤️❤️,0,0,0,,
mariaanggilia,"✌😊🇮🇩Prabowo-Gibran🇮🇩Mantul wes pokoke, yuuuk kita gasss poolll menang 1 putaran dan Coblos 02 ditanggal 14 Februari 2024🇮🇩✌😊",0,0,0,,
pakdegunanto,Bolone masse✌✌✌✌,0,0,0,,
dapuy_kateye,02❤️❤️❤️,0,0,0,,
puji1392,Madiun all in prabowo gibran satu putaran menggelora,0,0,0,,
sintyasheyna,No✌️tetap di hati😍👏,0,0,0,,
abu_khadijah.1,lu ngapain di sana om😂😂😂 kerja 😂,0,0,0,,
miasilvia02_,🔥❤️,0,0,0,,
arkadynaaura,MasAllah sehat panjang umur bapak❤️,0,0,0,,
ardhylantong,02 torang gass ❤️❤️,0,0,0,,
lukman_hondacibubur,Kadang w ga habis pikir ko Paslon yg mau naikan pajak rakyat untuk naikin gaji pejabat di dukung sih ?!?!?🤔🤦,1,0,0,,
rejaisfa,Goblok,0,0,0,,
maudyprlia,sedang mencari komenan ke mayor teddy,0,0,0,,
soimraim28,Cerita lama sory ye...sekarang anies dong,0,0,0,,
boru_gultom_rajasonang,🔥🔥🔥🔥🔥,0,0,0,,
busana_kreatif,😂😂😂😂,0,0,0,,
hendrystiawan29,Al in Prabowo dong 🔥👏✌️,0,0,0,,
fans_prabowo_,❤️✌️👍🏻🇲🇨,0,0,0,,
baby_gendhis17,Salfok mayor teddy 😂,0,0,0,,
ojanashari,#prabowotime,0,0,0,,
deka_tri_hardianto,Jateng all in 02🔥,0,0,0,,
media_gelap,Ganteng ganteng pilih Samsul rugi donk😂😂😂,0,0,0,,
media_gelap,🤟🤟🤟,0,0,0,,
anis.salon_19,02 mantap,0,0,0,,
nurifebruary,"Isi kampanye sebagai berikut:  joged joged ,curhat ,dan joged lagi.gasalah tu milih capres aa milih guru TK sih😂😂😂😂😂",0,0,0,,
klatenbersinar2023,Udah tua jg masih pingin jd penguasa😂😂..,0,0,0,,
ambung64,"setelah debat tentang mengatasi korupsi di Indonesia,gw makin paham kenapa banyak artis fan pejabat yg dukung Prabowo,aman,gaji naik,dan untuk rakyat di naikin lagi pajaknya",0,0,0,,
rest.areakm23,"CUMAN PASLON 02 YG GAK BERANI DIAJAK BERDIALOG,KARNA TAKUT GAK BISA JAWAB ALIAS BLUNDER MULU",1,0,0,,
savana_1cha,02 oke gas 💙💙💙,0,0,0,,
ihsan_sahiddd,Hidup 01,0,0,0,,
widiyantoredy,Oke Gas Oke Gas... Bapak joget pak...,0,0,0,,
andinailmiawan,"Bg teddy slalu standby ya,mengarahkan pak prabowo jg",0,0,0,,
note_asiyah,"Pilih yg sehat"" saja... 01",0,0,0,,
memeyyyyyu,Kasian jalannya udah susah,0,0,0,,
sisca9232,Mantappppppp inih baru presiden berwibawa dn berprestasi gax kaya sebelah suram sekali raut wjhny😂,0,0,0,,
yatiek4,masyaa alloh.... sehat2 ya bpk....,0,0,0,,
adhifsptr,Tgl 14 02 prabowo 2024 PRESIDEN,0,0,0,,
virgocun_,❤❤❤❤,0,0,0,,
bangdereza,"Baru mencalonkan aj udh byk masalah, apalagi kalo jd. Amit2 cabang pohon.",0,0,0,,
m.fredy19,Gass pull salam ✌️✌️,0,0,0,,
ririn_agusfitriyani,✌🏼✌🏼🔥🔥🔥,0,0,0,,
amanah10_,Anis anis 14bpebuari,0,0,0,,
aaallffaaa,Dikasih makan dan susu gratis pastinya ya,0,0,0,,
jeng_sis81,❤️❤️❤️❤️ Prabowo selalu dihati,0,0,0,,
putriaini239,InsyaAllah Pak Anis Presoden 🔥🔥❤,0,0,0,,
nodin_rii,Mantap,0,0,0,,
kangedoy79,Ambil Amplopnya OTW nya ke JIS 😂,0,0,0,,
syamsulbahri1738,"Jalan aja dah susah mbaahh,waktunya istrht perbanyak ibadaahh",0,0,0,,
tutiicha8,mayor tedy kpn donk pak Prabowo ke Karawang ✌️,0,0,0,,
aqisutrisno,Tedi ngapain tuh,0,0,0,,
prei_satru76,Tombol menang satu putaran👏👏🔥🔥❤️❤️❤️,3,0,0,,
budiekamulia,01☝️,0,0,0,,
dewina04,01 untuk perubahan,0,0,0,,
yuliaiyie,All in Prabowo Gibran... ✌️❤️✌️,0,0,0,,
susisamirah,01 ❤️❤️❤️,0,0,0,,
scarr.two,❤️,0,0,0,,
ansdiery,"GIBRAN = GERAKAN INDONESIA BERSMA ANIES BASWEDAN, gagasan tanpa gibah dan joget. ☝☝☝☝☝",0,0,0,,
megautm01_,02 dihati🔥😍,0,0,0,,
noorahmadbaji,"Andai bapak kau yg kena culik, masih kau disini koar2 joget2",0,0,0,,
konveksimilenialbandung,Ini yang kamrin minta maaf trus koar koar lagi 😂,0,0,0,,
adi_untuksiapa,Ini baru Calon presiden 👍👍,0,0,0,,
diditalvaropanji,#asalbukanprabowogibran ...kita dukung ANTI NEO ORBA,0,0,0,,
agus_hariyad,"Bisa nya gitu doang, joget-joget abis tu pingsan 😂",0,0,0,,
ya.yat183,"Hati2 pak tua ,,!!!! Strog kumat lagi,,Ga ada yg gandeng,,calon ibu negara nya mannaa?",0,0,0,,
jogja_tokosprei,"Aduh, udah tua jalan gak seimbang... Msh sangat minat jabatan presiden, duuhhh",0,0,0,,
faeyzhamalik,"Nnton kampanye presiden ap nnton artis"" nya yaa😂😂😂",0,0,0,,
raflinzxx,02🔥,0,0,0,,
mutiarasamodra,Semangat lebih baik AMIN.01👍,0,0,0,,
papikhai_,Anies-Muhaimin 🙌,0,0,0,,
ghofur.mhmd,JOGED MULU 🤣,1,1,0,,
efriana.a_,Daripad  sholawatan  sambil ghibah .mending  joget..hahahaha 😂😂,0,0,1,ghofur.mhmd,JOGED MULU 🤣
khoirulauni_,Gak ada gagasannya 😢😢😢 joget tok😢,0,0,0,,
yulcahyani63,Pelanggaran konstitusi kok di dukung Aneh,0,0,0,,
muhlis.idrus,milih Anies aja dulu.. 😍,0,0,0,,
suhendroputracerbon,"Tetep 02 ga akan rubah,,,salam 2 jari",0,0,0,,
iezl3maldini,Udh mw roboh😢,0,0,0,,
frasetioanton,Al in Prabowo gibran,0,0,0,,
ndower_dd4,10 artis di duga 😂,0,0,0,,
munaalwy_,Ayo pak joged teruss joged aja terus😂 sambil nyinyirin paslon lain😂,0,0,0,,
_arum_m,Saya sayang bapak Prabowo 😍,0,0,0,,
achmadkohler96,"Cobak 02 kampanye gk bawak artis, pasti sepii 😂",0,0,0,,
wiwik_wulan_fitriani,Sehat terus bapak presiden ke 8..,0,0,0,,
zakkir_1046,Bisanya joget,0,0,0,,
ianirawannn,Isinya badut semua🤣🤣,0,0,0,,
suparno6527,✌️✌️✌️✌️✌️✌️✌️✌️✌️✌️✌️✌️✌️✌️✌️✌️✌️✌️✌️✌🏻✌🏻✌🏽✌🏾✌🏿✌🏿✌🏿✌🏾✌🏽✌🏻✌️✌️✌️✌🏼✌🏽✌🏿✌🏾✌🏽✌🏼✌🏻,0,0,0,,
suparno6527,"Pak Prabowo Jgn nangis2 ya.., kayak yang bakal kalah ituloh..trs gass kan pak hibur rakyatmu..biar riang gembira nanti Allah balas melalui rakyatmu juga bikin Bapak riang gembira di tgl 14-2-2024..amin yarobbal alamin",0,0,0,,
fernandes_panggabean,Ganjar mahfud 🤟,0,0,0,,
khoirotun684,Tetep AMIN 01 ja dulu,0,0,0,,
riyadi.soeprapto,🔥🔥🔥🔥🔥,0,0,0,,
bu_yanti18,02 merapat rame2 coblos 02,0,0,0,,
fakhri_zoe,"WAHAI SAUDARAKU SEMUANYA  Jadilah pemilih yang RASIONAL yakni membandingkan antara ketiganya cara yang paling mudah, tonton platform2 yang mengundang ketiga Paslon tersebut, KADIN, KPK, dsb. bandingkan dan Tentukan 🫶 #JanganGolput #PemilihRasionalitas",0,0,0,,
sangilang22,Kampanye paling gak berfaedah!!!!!joged joged dan joged sama si sama lo juga kan suka JOGED juga yehh!!!!!,0,0,0,,
rahim_eka_haryanto_,Doraemon 😂,0,0,0,,
antinepot1sme,prabowo ini ada dosa apa ya? kok bodyguardnya kek takut bgt prabowo di apa apain. gacuna pas di pilpres doang.,0,0,0,,
aliandi.sofian,"Pasti isinya joged joged, curhat dan marah""....yg lebih pinter sabar adalah pendukungnya mangguk mangguk trus nangis trus joged joged deh...wooiii pd ga sadar kalian ya😂😂",0,0,0,,
yuni257ritonga_,⁰1,0,0,0,,
justyeonna_,"kumpulan parasit nya RI, Na'udzubillah..",0,0,0,,
risya_andeska,01 amin 🙏,0,0,0,,
densuhafid,Maaf sebelumnya dri segi berjalan Prabowo kaya nya lagi agak kurang fit.. ada baiknya anda jngan minta joget gemoy... Kasihan.. boleh memilih tapi tetap 01☝️❤️Amin3,0,0,0,,
ayu.anisss,Sy selalu salfok dengan mas tedd😍,0,0,0,,
ambonska24,MARI BERSAMA ANIES BASWEDAN MENUJU PERUBAHAN YANG LEBIH BAIK 🔥🔥🔥🔥🔥,1,0,0,,
cakodelkodel_fishing,Insah Allah ☝️☝️☝️ Amiiinnn 🤲🤲🤲,0,0,0,,
maymunahm210,No 2  pilihanku. ❤️❤️❤️❤️❤️❤️🔥🔥🔥🔥🔥,0,0,0,,
koto_jamal,"Pendukungnya kumpulan yg tersangkut kasus korupsi,,,, kalau kalah bahaya pada kabur semua tu,,",0,0,0,,
ilhamalaziz13,AMIN KAN AJA DULU YA KAN ☝☝☝☝,0,0,0,,
rezelhome_decor,"Pilih 02 untuk kesejahteraan pajebat, dan artis arau",0,0,0,,
narain_tovandas,Siap2 Gibran dilantik menggantikan pak Prabowo jadi presiden😂,0,0,0,,
dewi_kym22,Love u bapaaakk.... sehat selalu bapak.... all in prabowo gibran 🔥🔥❤️❤️❤️❤️❤️,0,0,0,,
lesmanabambang,bismillaah ❤️AMIN❤️,0,0,0,,
madu_thibbil_qulub,"01 Harapan Rakyat.
02 Harapan Pejabat.
03 Harapan Bunda.
Sebagai rakyat harus cerdas. Lihat rekam jejaknya serta perbanyak literasi/informasi..
Sebagai rakyat jgn mau d bodoh2in. Kehancuran negara itu ada d tangan anda masing2.",0,0,0,,
eganovi05,"Mayor nyah lucu. 😂😂😂. So gagah ..so,paling hebat. 😂😂😂",0,0,0,,
mumumumu481,Amin,0,0,0,,
santi.wardhani,Salam damai✌️,0,0,0,,
nona_pah29,✌🏼♥️🔥,0,0,0,,
whyu_85,SALAM AKAL SEHAT. 01 AMIN☝️,0,0,0,,
setya.bagus.3,owl 🦉,0,0,0,,
masbram148,,0,0,0,,
edhy_kips,🔥🔥🔥🔥,0,0,0,,
yhayani139,Waduh jalan aja kakek prabowo dah gitu mending istirahat aja sama anak cucu salam 01,0,0,0,,
irgi_06s,Desak anis menambah ilmu,0,0,0,,
diditsetiaji,"Jogeet paak,,",0,0,0,,
joglo.berkah.motor,Skip video>>>>>>>>>>,0,0,0,,
fabiobramasta75_,"Salam dua jari 02 Prabowo Gibran, menang satu putaran",0,0,0,,
sihbuning,Ttep 02 👍👍👍❤️❤️❤️,0,0,0,,
vanamin0,"ARTIS ini diajak buat Ramein gais , bukan buat menangin 😂🔥👏",0,0,0,,
lahuddin.lahuddin.75457,01 perubahan ☝️☝️☝️☝️☝️☝️,0,0,0,,
roy_abd_p,Nybolos itu enaknya di tengah,0,0,0,,
inaafynn,"pendukung sebelah ni kenapa panas wkw, seisi rumah isinya matahari doang ya?",0,0,0,,
fitrah_taher,"Dimana ada rafi disitu oengikutnya banyak.. yg penting cuaaaan , mau presidennya komeng sama hj bolot juga dipilih",0,0,0,,
asnubatsbd,Orang dungu pilih Prabowo,0,0,0,,
johnwick30030,Tetap All In Abah Anies Baswedan 👍🏽👌,0,0,0,,
eashiqalqahua,Sorry Yee... Sorry Yee...,0,0,0,,
siti_maspupah66,Prabowo Gibran 💗💗💗,0,0,0,,
ahmad.zaki.5074,Kasihan tak ada yang like 😂😂😂😂,0,0,0,,
lazirhaf.agr,Bismillah Prabowo Gibran presidenya amin,0,1,0,,
hildamrgt,@lazirhaf.agr All In ✌✌,0,0,1,lazirhaf.agr,Bismillah Prabowo Gibran presidenya amin
dwisetiawan082131663046,Pak Anis pilihanku,0,0,0,,
syah.rullah.56,Amin,0,0,0,,
makatitayvonne,Gas pol ..slm 2 Jari.didoakan sehat2 ya pak Prabowo..mas Girban dan smua keluarga,0,0,0,,
jodiisetiawaan,#SALAM PERUBAHAN 01 ☝️,0,0,0,,
yogipermadi93,All in anis bismillah☝️,0,0,0,,
yesisitepu20,Panas ya,0,0,0,,
yesisitepu20,Cie sirik ya,0,0,0,,
djmbonzmbon,"Maaf mau tanya, kalo ngemut KONTOL Mayor Teddy boleh gasi? 🥺",0,0,0,,
alamo_saja,Pilih Yang sehat jasmani dan rohani. Jgn pilih yg sudah tua dan jgn pula yg masih muda...,0,0,0,,
alamo_saja,WAKTUNYA PERUBAHAN...🔥,0,0,0,,
kajianbinjai,"Jangan ajari kami mencintai Pak Prabowo! Jauh sebelum kalian menghina Pak Prabowo dengan sebutan gemoy, kami sejak 2014 tidak pernah berani keluarkan 1 istilah apapun untuk mengantikan nama besar beliau dengan istilah berbau fisik seperti gemoy. Ke mana kalian saat itu, sedang asik bermain bola dan main boneka? Atau jadi pro Jokowi?
Jangan ajari kami untuk memaafkan Pak Prabowo! Sejak tahun 2014, kami berdamai dengan diri kami sendiri, untuk melupakan semua sejarah kelam Pak Prabowo karena satu manusia pun tidak pernah luput dari kesalahan. Kami memaafkan Pak Prabowo karena sejak tahun 2014 beliau bicara tentang bagaimana melindungi rakyat dari pemerintah yang semena-mena. Ke mana kalian saat itu, masih duduk di bangku SMP, atau menjadi Pro Jokowi?
Jangan ajarin kami membela Pak Prabowo! Tahun 2019, kami garda terdepan menyelamatkan kotak suara Pak Prabowo, 500 orang meninggal tanpa otopsi, di mana kalian saat itu? Masih sibuk coret coret baju seragam merayakan kelulusan? Atau tetap menjadi Pro Jokowi?
Jangan ajari kami tentang kejujuran dan santunnya Pak Prabowo. Tahun 2019, partai baru seumur jagung, memberikan Kebohongan Award untuk Pak Prabowo, kami perang fakta dengan partai tersebut.
Bapak dulu tidak pernah diam ketika ditanya oleh rakyat, sekarang bapak bungkam.
Bapak dulu tidak marah ketika dinilai rendah oleh rakyat, sekarang bapak murka.
Bapak dulu berjalan dengan tegap di tengah-tengah rakyat, tidak joget-joget di depan kamera. Ke mana Bapak Prabowo-ku yang dulu? 
Ohh... saya tau. Empat tahun lalu, Bapak telah menyerahkan diri bapak ke penguasa. Bapak meninggalkan kami untuk bergabung bersama dinasti. Bapak tidak sanggup menanggung suara hati kami.
Bapak menyerah. Dan sejak saat itulah, kami pun berjuang dengan cara kami sendiri. #salamperubahan01☝️",0,0,0,,
vijee_vajar,Jalan aja udah begitu pa .. istirahat aja jgn dipaksakan pak,0,0,0,,
b46l036,Selamatkan Kesehatan Pak Prabowo dgn tidak memilih Paslon 02.. All in One 01 AMIN Aamiin YRA 😍🇮🇩😍,0,0,0,,
gaza078,"para artis2 orang2 kaya pilih 02,....ayo menengah ke bawah jangan sampai klah sama orang2 berduit",0,0,0,,
devikaleidos_,Ganteng banget suamikuu,0,0,0,,
ugeng_p,Tetep 01 dihati❤️,0,0,0,,
dwi_andryan97,Oh jadi ini para pasukan lapar. Indonesia menuju makan siang gratisan😂. Mungkin nanti begini nanti klo lgi kelaparan. Pada ngumpul..,0,0,0,,
shoptherefinery.team,❤️❤️❤️❤️❤️ Bapak Prabowo 🔥🔥🔥🔥🔥🔥🔥🔥🔥,0,0,0,,
supians122467,Luar biasa pecah sekali✌️✌️✌️✌️,0,0,0,,
dean_wahyuni,01 ❤️,0,0,0,,
fikrim1st,"jalanya pincang, perutnya buncit, mukanya ke tarik😂",0,0,0,,
_ekhy06,Bjir tiap 02 kampanye badut ini selalu hadir🔥,0,0,0,,
ida_imelda77,✌️😎😎,0,0,0,,
alifmuntaha,Tetep anies lah 01🔥,0,0,0,,
rhizki00,"Naikin Gaji PEjabat,naikin PAjak Rakyat😍",0,0,0,,
iqbalkhalidh,"Pilpres kali ini pebih berat, selain memenangkan paslon 01 kita juga harus mencerdaskan sodara kita yang mendukung 02. Smngt",0,0,0,,
billal_alfatih1409,🔥🔥🔥 02,0,0,0,,
elymistati,"Para pejabat dan arti dukung 02 demi karier dan bisnis nya aman, bukan murni pro rakyat @fero_walandouw",0,0,0,,
dickysutiono,"Kapan kampanye gali masalah rakyat kaya desak Anies? Masalah rakyat macem""...",0,0,0,,
iruldickdick,"Wedan bener duit prabowo 3periode gk ada serinya tu duit.
Para artis numpuk di situ,, banyangin seorang komika mau d bayar 2M gk mau lebih membela 01. 
Lah ini artis” ternama PADA BERAPA YAAAAK😭😭😭",0,0,0,,
yeriarianto,Ikut lah,0,0,0,,
iskandarsrilangi,Tetap nomor 1 coblos 02,0,0,0,,
iskandarsrilangi,Dimana mana kampanye 02 seperti lautan manusia itu satu bukti bahwa 02 pilihan rakyat,1,0,0,,
fasdah57,01 AMIN,0,0,0,,
wp_zurako,Fero serius nih?,0,0,0,,
syafikaalyamahira,Engga wibawanya sama sekali,0,0,0,,
iinnnindrii,Knp yg lewat berandaku tentang wowo semua.....😂😂😂heran,0,0,0,,
anakbocil45,"INGAT.... UNTUK SEMUA ADA DI SINI!!!!! yang mendukung 02 itu orang tidak waras semua apalagi banyak artis yang dukung i tidak waras semua. Mereka mendukung karena bersifat anak muda dan hartanya lebih. Jangan sungkan sungkan memilih 02 karena bersifat anak muda dan hartanya lebih. JANGAN SOK GEDE DEH!!!!! kalo diteruskan 02 maupun 03 INDONESIA AKAN HANCURRRRR -Korupsi di mana-mana,- harga BBM dinaikkan,-tarif listrik dinaikkan,-pajak rumah dan sebagainya dinaikkan,-harga pangan maupun pokok dinaikkan,-gaji pejabat PNS maupun TNI POLRI dipotong. 02 sudah jelas melanggar HAM Dan melanggar aturan konstitusi lagi🔥🔥🔥. KAMI BUTUH PERUBAHAN ☝️☝️☝️☝️☝️☝️",0,0,0,,
eiskan01,"Udah pak saya kasihan melihatmu,sebaiknya istirahat dan duduk cantik saja di pangkuan pak Wiwi. Jangan dihinakan dengan jogetan ria ala oke gas! oke gas!, udah pak ntar stroke nya makin parah dunia hanya sesaat.",2,1,0,,
eiskan01,Bjirrt keren bet guweh🤭,1,0,1,eiskan01,"Udah pak saya kasihan melihatmu,sebaiknya istirahat dan duduk cantik saja di pangkuan pak Wiwi. Jangan dihinakan dengan jogetan ria ala oke gas! oke gas!, udah pak ntar stroke nya makin parah dunia hanya sesaat."
warzudd,Gaya mathi tai..😂😂😂😂😂😂😂😂😂,0,0,0,,
jdm.mobil,Gue Mending milih gusti Allah aja yang aku suka mendingan nyoblos presiden ndak jelas ndak ada gunanya negara hancur. 😡😠🤬😈👿💀☠💩,0,0,0,,
juminganmas,Tetap 01,0,0,0,,
arfan_jus,Mundur wir.... joget2 itu masuknya ke discotik bukan masuk ke istana....,0,0,0,,
herysuhery22,"Kasihan jalan aja ud susah, lebih baik istirahat aja sih",0,0,0,,
ahmadsaipulhajat0107,Kasih istirahat itu bapaknya.. kasihan... Kasih ke 01 aja udah kemenangan,0,0,0,,
4r_fun,Dateng curhat nyinyir joget bubar😂,0,0,0,,
firds_pe,Kami Mah Tetap Anis...01,0,0,0,,
realfans_dedir,Mana joget2ny,0,0,0,,
hartonotono933,Kok... Wowo gak joget..? Biasanya joget melulu,0,0,0,,
parapilotdrone,Oke gas oke gas kita dungukan negeri ini kita gas😂,0,0,0,,
balad2376,Salm dari perubahan,0,0,0,,
dionjalupamungkas,Bismilah 3 kali lostrek😂,0,0,0,,
alans_farris,Gw bingung apa yg di banggakan dr dia,0,0,0,,
muziewaranoluffy,"Yg dtng dpt baju gratis , amplop sama nasi kotak, sdh disediakan bisnya jg tinggal brgkt aja 🤭🤭🤭",0,0,0,,
max_chank,Selamat datang di Yordania pak,0,0,0,,
_mifta.tha,aduh udah udzur gitu jalan aja udah sempoyongan,1,0,0,,
rizalnindya,"Nampaknya ini bukan kampanye tapi pesta kemenangan, karena mereka sudah ""mendesain"" prosesnya",0,0,0,,
defri_ade_putra,Annissss. Presidennn,0,0,0,,
tubagus_roni,"Yg memilih anies bkn karena kepentingan, tapi karena rata² yg berpendidikan.",0,0,0,,
safaate,Tetap anis terbaik rekam jejak nasional dan mendunia,0,0,0,,
mochfendy64,Silahkan bakar bakar uang buat bayar banyak artis. 01 bersama rakyat yg ikhlas.,0,0,0,,
milatariputri,Syarat jadi capres gak ada tes kesehatan kah? Secara tugas presiden berat. Butuh fisik sehat juga.,0,0,0,,
eksofri,Eeee muncul lagi makan gratis susu gratis ....jangan kau hina kami pak,0,0,0,,
eko.sutrisno83,Jalan aja susah....,0,0,0,,
danu_candra,Jalan nya wes sempoyongan,0,0,0,,
jenysucianiii,Kota Pekanbaru Prop Riau tetap full dukung Amin,0,0,0,,
cicinggg_06,❤️❤️✌️✌️✌️,0,0,0,,
nasikuningfariz_nkf.id,Amin🔥🔥🔥,0,0,0,,
samsulrizal832,Yangdisuruh joget udah mau jatuh.. Mas mau mipin negara cuman modal joget2 dowan 😂😂😂😂😂😂goblokkkk,0,0,0,,
pakzhig63,Prabowo menang badai demo anarkis akan di gaungkan oleh duo sengkuni amin rais & Megatron,0,0,0,,
abdilahmutakhin,Mana bagian tanya jawab om ko kaga ada🤣🤣🤣,0,1,0,,
abdilahmutakhin,@abdilah02mutakhin PoV tanya jawab: makan siang gratis 🗿,0,0,1,abdilahmutakhin,Mana bagian tanya jawab om ko kaga ada🤣🤣🤣
nopi.indrayani,Kalau acara pak Anis selalu full rakyat. Kasihan ini yg pertama bagi mereka 😂😂,0,0,0,,
nopi.indrayani,Anis presiden Indonesia 2024 🤲 Amin,0,0,0,,
yuzh21,01 utk perubahan,0,0,0,,
tanwir_uwi_12,Bismillah AMIN tetap dihati❤️🔥,0,0,0,,
ilhamvegeance28,KAYAKNYA DI MANADO 03 LEBIH RAME 🤟🤣,0,0,0,,
aisyahrifta,Bismillah smoga pak prabowo gibran presidenku amiin ya allah,0,0,0,,
rizki_nurd,Gua mah ngeri jatoh.. Kasih tongkat ngapa sih.. Tega amat pada.. 😂,0,0,0,,
cahayahati.05,Satu putaran Prabowo Gibran ❤️,0,0,0,,
ipahmulyani212,AMIN MENANG,0,0,0,,
jac.kbrown86,hanya sebuah ironi...untuk menciptakan keadilan adalah sebuah gambaran km 50 kanjuruhan rempang di situ ada 3 tokoh besar menjabat jokowi prabowo dan machfud md...hasil nya hanya omong kosong,0,0,0,,
maulanasojadi,Berani buat acara seperti desak Anies gak yg mencerdaskan?,0,0,0,,
ilalankk,"Joget aja , gagasan ngak ada , rugi dong 😂😂",0,0,0,,
yusronamrillah,Serah lu dh kata ijtima' ulama juga Anis,0,0,0,,
yolandagrosir_,bayaran semua😂😂😂😂😂😂 bocah kosong,0,0,0,,
katana_ridwan,AMPAS,0,0,0,,
widyadwisarahputri,"kalo ga banyak artis & ga ada yg dibagi², kira² bakalan rame jg ga ya?? 🙄",0,0,0,,
dwi.widyarto,AMIN THE BEST,0,0,0,,
yrdhfjr_,Anis presiden aaaminnn,0,0,0,,
dewiendangnr16,Tgl 9 pada dateng ke stadion jalak harupat ya gaesss... deket rumah gueeee 😂✌✌✌✌,1,0,0,,
j.a.pradana_,Shame on all of you,0,0,0,,
radenjoko101,Istirahat,0,0,0,,
conglihin,Kapan ke yordania ?,0,0,0,,
nrlmi2,"Cuma di indo patriot di hina, beda pilihan tuh wajar cuma jangan sampe ujar kebencian gabaik",0,0,0,,
tg01bois,Kaga jelas😂,0,0,0,,
utaraarya_,RESPECT MAYOR TEDDY 🫡,0,0,0,,
warni.muhtar,"Aduhh,pak prabowo,tlong jaga kesehatan pak,,karna kmi menunggu bapak ,jgn sampe kenapa2🤭",0,0,0,,
ariisutariiplath,🤟🤟🤟,0,0,0,,
agustinakishin,Prabowo ❤️❤️,0,0,0,,
muhammadsyafiq4621,Bismillahirrahmanirrahim pak Prabowo Gibran ✌️✌️✌️❤️❤️❤️🇮🇩🇮🇩🇮🇩🫰🫰🫰,0,0,0,,
byaashb_,salam MK KPU RUSAK,0,0,0,,
s3d_movement,"𝙥𝙚𝙗𝙞𝙨𝙣𝙞𝙨 𝙙𝙪𝙠𝙪𝙣𝙜 02 𝙠𝙖𝙧𝙚𝙣𝙖 𝙗𝙞𝙨𝙣𝙞𝙨 𝙙𝙖𝙣 𝙥𝙚𝙟𝙖𝙗𝙖𝙩 𝙠𝙧𝙣 𝙠𝙚𝙠𝙪𝙖𝙨𝙖𝙖𝙣𝙣𝙮𝙖,𝙧𝙖𝙠𝙮𝙖𝙩 𝙚𝙠𝙤𝙣𝙤𝙢𝙞 𝙠𝙚𝙗𝙖𝙬𝙖𝙝 𝙠𝙖𝙧𝙚𝙣𝙖 𝙜𝙚𝙢𝙤𝙮? 𝘼𝙥𝙖 𝙣𝙖𝙨𝙞 𝙜𝙧𝙖𝙩𝙞𝙨?",0,0,0,,
pengibur_tawa,"Mau tanya samaa yg katanya all in 02. Solusi pemberatasan korupsi menaikkan gaji pejabat yakin kaliain masih all in, rela uang rakyat buat naikin gajinya manusia serakah??. OPEN YOUR MIND BROO. Mau tau tanggapannya yg all in 02, sok atuhh komen",0,0,0,,
khoirul.imron.rivai,Konsep kampenyenya : calonnya suruh joget trus diketawain pendukung2nya 😂😂😂,0,0,0,,
agus_punai15,Rame karna artis.ambil hiburannya pilihannya tetap 01 😁☝️,0,0,0,,
unn_6m,Langit dan laut aja tau siapa yang pantas jd yg tengah❤️,0,0,0,,
r3rasyid501,👍👍👍💕💕💕✌️..,0,0,0,,
agustiand.roy,pincang??!,0,0,0,,
diascharmdhny_,ALL IN PRABOWO GIBRAN 🔥🔥,0,0,0,,
mahessaree,Bayarannya berapa sih bang per feed. Sampe ig lu hampir full demokrasi. Sejak kapan lu peduli demokrasi wkwk,0,0,0,,
tie.yati63,Cawapres yg bisanya joget2 aja😮 sory yee sory yee butuh pemimpin yg punya gagasan dan narasi pemikiran untuk perubahan bangsa lbh baik lg .. aku sih iyes abah 01😍,0,0,0,,
raflesia8640,Hidup nepotisme.. Hidup kejahatan demokrasi... 😢,0,0,0,,
chankoo_25,"alasan ke 5 saya tidak memilihmu ,saya kuliah tinggi tinggi tahu ilmu tau hukum, masa pilih yang melanggar etika.",0,0,0,,
entasiapayangsalah,"Capres di Tahun 2019 kemarin pa prabowo jiwa kpemimpinan kuat banget,tpi knpa skrang brubah yah,? lebih cocok k dunia entertaiment deh, soalnya jogetnya dapat, nyanyinya dapat.keren mantap 😎 biarlah pa anies konsisten di dunia pemerintahan memimpin dn memakmurkan bangsa ini. ☝️ #coblos01aniesmuhaimin",2,0,0,,
friznadty_27,Sukses bang Fero kampanye nya. 02 gas,0,0,0,,
samudrakontak,PRABOWO SUBIANTO PRESIDEN RI,0,0,0,,
ffyy_766,"Udah tua, penyakitan, tolol l dan bodoh lagi, gak pantas biduan gntong gini jadi pemimpin 🤣🤣🤣",0,0,0,,
supriadimuhammad949,"Sudah tidak layak pak Prabowo,,udh waktu istirahat pak,,",0,0,0,,
donoganeff,"Perasaan ini mulu yg diposting, apa yg lain sepi ya...!!??? 😜🙃",2,2,0,,
senjaftaran,"@donoganeff ga atuh bu, setau saya mah yang sepi itu kampanye abah di tanggal yang bersamaan tapi beda lokasi",0,0,1,donoganeff,"Perasaan ini mulu yg diposting, apa yg lain sepi ya...!!??? 😜🙃"
efriana.a_,@donoganeff ya sepiii  yg ada  cuma demit  kt kubu sebelah. Di GBK..demit semua  yg bejubel  di luar  atau  dlm gedung  GBK..hahahaha 😂😂,0,0,1,donoganeff,"Perasaan ini mulu yg diposting, apa yg lain sepi ya...!!??? 😜🙃"
emronsyaef,"Kalo dia jadi, dia adalah anak buahku, yang makan hasil keringatku, betul tidak ?",0,0,0,,
r.o.e.l.12,Kasian sudah seharusnya istirahat pak,0,0,0,,
ferisantra,Prabowo ❤️ Gibran ok gasssss,0,0,0,,
ayahnyaraffa83,Yang komen banyak pendukung 01 😂😂😂,0,0,0,,
mujib06_vika,111111111,0,0,0,,
aea73x,Makin yakin dukung bapak.anies baswedan 01 aamiin🤲,0,0,0,,
adielblink,Kami sekampung udah fix 01 for presiden ❤️,0,0,0,,
romi_ferdiansyah,Cair cair caiiir😂,0,0,0,,
faaa.hmi,bang udh yuk Anies aja hhhh🔥🔥🔥☝️☝️,0,0,0,,
rickiaffandi23,01 perubahan🔥,0,0,0,,
yeni.permanasari.3,Tetep AMIN,0,0,0,,
febryendahcahyanii,😍😍😍,0,0,0,,
neslite_04,☝️♥️☝️♥️☝️♥️,0,0,0,,
liniindarti,Saya tetap memilih BPK Prabowo Subianto 🤲✌️✌️💪💪🇮🇩🇮🇩,0,0,0,,
ardhie.anp,"Tenang saja pak prabowo,,nama bapak sudah tertanam dihati masyarakat,bukan angin yg tak punya ktp ijazah dan skck 😂😂",0,0,0,,
lisadamaiyanti,Jadi isi kampanye nya apa?,0,0,0,,
shabira990,"Pernah dengar ceramah ustadz. Beda pilihan boleh tp jgn sampai fitnah, ghibah, mencaci. Ngapain cari2 dosa toh yg terpilih tetap kita patuhi nantiknya 👏",0,0,0,,
achmadmunis,Ngak ngefek ro malah karirmu lenyap habis ini😂😂,0,0,0,,
m_bagir29,Joget rematiknya mana bapak,0,0,0,,
dengkul_anjlog,para artis nyari aman niyee,0,0,0,,
kadir_akase,Insya allah ANIS RI 1,0,0,0,,
yazzki.mh,Buah dri kesabaran bapak prabowo subianto untuk menjadi seorang presiden.,0,0,0,,
___faw26___,Gk usah al in al in nan indonesia basis ganjar no counter salam metal🤟🤟🤟🤟🤟🤟🤟🤟🙌🔥❤️🔥,2,1,0,,
aloysiushieng,@conk_faw26 🤟🤟🤟🤟🤟🤟🤟🤟🤟🤟🤟🤟🤟🤟🤟🤟🤟🤟🤟🤟🤟🤟🤟🤟🤟🤟🤟🤟🤟,2,0,1,___faw26___,Gk usah al in al in nan indonesia basis ganjar no counter salam metal🤟🤟🤟🤟🤟🤟🤟🤟🙌🔥❤️🔥
reryvirya,💙💙,0,0,0,,
yohanasurawijaya,ANIS PRESIDEN 2024 AMIN ☝️,0,0,0,,
adrian_rahmat_rasnah,Naikan pajak Rakyat demi gaji pejabat🔥,0,0,0,,
ovi_chandra03,AMIN 2024,0,0,0,,
defantat___,Ngaji no 1 masalah presiden mah no 2🔥❤,0,0,0,,
rondi_ahcsar,Pak Prabowo jalan aja udah agak Gimana gitu lho.,0,0,0,,
lisanul_arab,Semoga Allah memberikan kesempatan ke pak Prabowo untuk istirahat di masa tuanya. Semoga dapat hidayah. Lebih dekat dengan Allah. Di sisa hidupnya. Umur GK ada yg tahu pak. Bnyak istighfar,0,0,0,,
yadimulyad1,Anies presiden,0,0,0,,
rezagm5,"banyakan seleb, paham kan biar apa?? nyari suara instan gitu banget😂",0,0,0,,
pengabdi_voli_indonesia,"Welcome home : selamat pulang(kembali) pak prabowo, semoga tenang disana",0,0,0,,
desieryan,😍😍😍😍😍😍😍,0,0,0,,
asrinrn,"Nyapa fans, joget, balik 😂",0,0,0,,
putramuhamadshdqi,Indonesia butuh kenegarawanan.. cawapres cacat hukum!!pelonggar konstitusi serta ilegal tidak sah dalam hukum,0,0,0,,
putramuhamadshdqi,Indonesia tidak butuh joget2!!!,0,0,0,,
m.zidan_3479,"Pintar pintar tp kok dukung yg melanggar aturan,, gimana tu",0,0,0,,
linarnaro,Istrahatlah pak usia 72 SD harusnya istrahat dan beramal,0,0,0,,
raziq_wong,01 donk....AMIN...,0,0,0,,
amiraputri21__,😂😂😂,0,0,0,,
gunturarsenal,Bounce back langsung nangis semua 😂😂😂😂,0,0,0,,
hfz0h_,gilakk lautan manusia😭💗,0,0,0,,
nellyag___,All in 02🔥,0,0,0,,
sazmithaa23,02 mantap,0,0,0,,
maulidaannida_96,02 hanya menguntungkan kaum elit diatas segala kesengsaraan rakyat kecil,0,0,0,,
thaher_reza,0️⃣1️⃣🫂 Anies Presiden RI 2024 Aamiin,0,0,0,,
ilham_gusniardi,Mantap🔥🔥🔥 Sunda pride all in Prabowo Gibran pokonya 🔥🔥🔥 Subang 85% suara Prabowo Gibran 🔥🔥❤️,0,0,0,,
yanspeed30,Pak prabowo nnti klo jdi presiden jgn bikin rayat susah ya pak...😂😂,0,0,0,,
edwar_pradika,Kaki kirinya semakin bermasalah 🧐,0,0,0,,
dimashizam_firdaus,"Baru tadi om gw bujuk buat pilih anis, katanya yg seiman dulu, terus yg sholeh lah, giliran gw tanya kenapa anak perempuannya telanjang kepala malah gagu om gw, 😂🤣",0,0,0,,
yudi_189,Kayanya pak Wowo sakit,0,0,0,,
6_sptmber,Serah lu kalo milih Anis disini nah suara pak prabowo,0,0,0,,
rahmatalwie,ya jalan nya aja udh gitu istirahat aja kek,2,1,0,,
nadia_nltf,❤️❤️❤️,0,0,0,,
muhammadzaifudhin,Amin 1,0,0,0,,
sopyan_ayu19,Udah ngantongin 2M nya?😂,0,0,0,,
gophoneshop_,Awas jatuh jalan nya ati ati 😂😂😂,0,0,0,,
an_dika6493,❤️❤️,0,0,0,,
npspt17_,🔥🔥,0,0,0,,
robydarwiis9,Jln aja dh sperti kura kura koc itu mau jd panutan waduuuhhh indonesia,0,0,0,,
mulia_harahap,"Jalan aja susah padahal, kasian demi ambisi. Harta udah banyak pak, mending santai dan menikmati masa tua",0,0,0,,
jimi70tv,Tombol all in Prabowo Gibran 💙💙 ----->>,339,3,0,,
leofarishamdani,@jimi70tv sepi😂,0,0,1,jimi70tv,Tombol all in Prabowo Gibran 💙💙 ----->>
asep_45876mm,@jimi70tv mabar,0,0,1,jimi70tv,Tombol all in Prabowo Gibran 💙💙 ----->>
anjas_girsang,All in Prabowo ❤️,0,0,0,,
inafatihatul,Kayaknya 02 ngegaet artis biar kumpul massa ya? 😅,0,0,0,,
imasmulyati90,PRABOWO MANTAF SUARA pENGIKUTNYA MENGGEMA,0,0,0,,
harold_kombaitan,#Prabowo Gibran satu putaran❤️❤️,0,0,0,,
hendrytansin,UDAH KAGAK BISA JALAN😂,0,0,0,,
santrialhusnamayong,"APA SAYA SALAH PANDANG
KALO MBAH WOWO JALAN PINCANG ..?
Sorry yeeee..
Aye pilih Presiden Yang Keren Muda Ganteng Cerdas Sopan Tegas Santun Religius
#01AMIN",11,2,0,,
vinsfrans9,@santrialhusnamayong Anis Baswedan ganteng? 😂. Muka kaya unta ganteng,0,0,1,santrialhusnamayong,"APA SAYA SALAH PANDANG
KALO MBAH WOWO JALAN PINCANG ..?
Sorry yeeee..
Aye pilih Presiden Yang Keren Muda Ganteng Cerdas Sopan Tegas Santun Religius
#01AMIN"
efriana.a_,@santrialhusnamayong gak salah tuh  santun..hahahaha 😂 tukang ghibah  fitnah  dan kcng  lupa  akan kulitnya  nolong anjing kejepit  tuh  yg katanya santun 🤮🤮🤮,0,0,1,santrialhusnamayong,"APA SAYA SALAH PANDANG
KALO MBAH WOWO JALAN PINCANG ..?
Sorry yeeee..
Aye pilih Presiden Yang Keren Muda Ganteng Cerdas Sopan Tegas Santun Religius
#01AMIN"
irfanfco,keadilan sosial bagi seluruh rakyat indonesia. Am1n🔥,0,0,0,,
tukangsuntikjalanan,Ki presiden q men @ardiansyahjaas 😂,0,0,0,,
kaylalilulu,❤️,0,0,0,,
muslihdzikrullah,"Saya pilih Prabowo, tapi dulu, kalau sekarang sorry yeee sudah ada pilihan yang terbaik, Anis - Muhaimin yeee...",0,0,0,,
fali.fali0603,Gayang sampai pagi biar makin pusing 😂😂😂😂,0,0,0,,
lutfia_chabinaz,👏👏👏,0,0,0,,
lovepalestine_09,BISMILLAH ANIES PRESIDEN RI 2024,0,0,0,,
andi.imparfume,"Mkn siang gratis dgn menghabiskan anggaran kurleb 450T/tahun, gaji pejabat mw di naikin biar gak korup, cawapres nya terpilih dr proses yg cacat, susu gratis dgn cara mw impor 1,5jt sapi, kok masih di pilih ya..? Oh ya, anda kan cm mikir karir anda kedepan, bkn ikut mikir nasib rakyat kedepan.",0,0,0,,
supranandaharis,01,0,0,0,,
muhammadmasir611,Nah jln be lah payah,0,0,0,,
71_isan,Tiap liat kampanye no 2 isinya joged melulu tapi klo liat kampanye no 1 selalu adakan diskusi tanya jawab keluh kesah dalam negeri,0,0,0,,
fitaajellyy,🔥🔥,0,0,0,,
baliyuna_smile,Aduh mbah. Harusnya uda pensiun lho,0,0,0,,
candra.yong_,✌🏻,0,0,0,,
fisal_rahmadan,Anak muda all in BPK Prabowo Subianto sorry ye sorry ye 🤍,0,0,0,,
dessymurbani,🔥1 ☝amin,0,0,0,,
finnaseptya29,Mkmkmkmkmk,0,0,0,,
finnaseptya29,"Joget mulu , coba dong kaya paslon 01 kampenya dengan jawab pertanyaan wkwk lupa klo paslon 02 ngomong aja udah susah wakilnya asam sulfat sama folat aja gak bisa bedain",0,0,0,,
al_mizan212,Semakin yakin untuk pilih 0️⃣1️⃣ AMIN,0,0,0,,
mustofabwi2,👏🙌,0,0,0,,
hermansyah4325,No 2 prabowo gibran  untuk indonesia maju❤️❤️🔥🔥👏👏,0,0,0,,
dwie.painting,AMIN 01 100% ☝️,1,0,0,,
dikawey,"Yailah itu mah di banding sama sekelas #desakanies masih kalah banyak, monmaap nih ngab fakta😂",0,0,0,,
rendynovrizal_smith,Dengan tidak memilih Prabowo anda telah menyelamatkan Indonesia,0,0,0,,
zablasamsara__takwa,GITU DOANG? GAK ADA GAGASAN KWKWKWKW,0,0,0,,
teukusaiful84yahoo.co.id,01,0,0,0,,
yuni.mar12,"Tetap perubahan  majuterus. Semoga BPK pembina nya. Sehat  sampai seperang Kat nya serta pedukung nya. ,,Alham Du Lilah ,,,",0,0,0,,
sukombutul,✌️✌️✌️✌️♥️♥️🇮🇩🇮🇩🇮🇩🇮🇩,0,0,0,,
adykim001,Suara ku hanya untk mu pak Prabowo Subianto dan Gibran,0,0,0,,
adykim001,All in Prabowo Gibran 1 putaran 😍😍❤️,0,0,0,,
istianidevy,Nomor 2 torang gas ❤️,0,0,0,,
valdyvlg_,"Kalau soal ibadah no 01 
kalu soal presiden no 02 
dan jangan lupa 
tnggl 14 *02* 2024 Prabowo presiden kita
Btw Like 02 ❤️ lebih menguasai di media yah😂",0,0,0,,
ketcenx,joget dulu dong,0,0,0,,
taufikh_237,Udah uzur lebih baik istirahat pak,0,0,0,,
lelyvemakeup,"Sehat2 Bpk Prabowo... istirahat ya pak...saya sayang bpk, sayang sama Indonesia juga jangan smpai tertipu dgn rezim J, makanya gak pilih bpk 🙏",1,0,0,,
winasoniaa,Mata sia pincang,0,0,0,,
galuh_imut1604,"Makan , makan , makan seluruh Indonesia harus makan😂😂 padahal makan nya bayar jg ga gratis",0,0,0,,
edok_od,Ujung ujung nya yg menang malah ganjar,0,0,0,,
n.d_widiastuti,Orang sakit disoraki baru tau 😂😂😂,1,0,0,,
dayssstory,"Jalannya pincang, masih suruh joget2, jahat2 emang org dibelakang beliau ini",0,0,0,,
pmvr___,🔥🔥🔥🔥🔥🔥,0,0,0,,
ferryverdonk_102,Hidup prabroro🔥🔥,0,0,0,,
this.is.mus,GAMA 03 Untuk Indonesia lebih baik ❤️❤️❤️ --------->,3,1,0,,
aloysiushieng,🤟🤟🤟🤟🤟🤟🤟🤟🤟🤟🤟🤟🤟🤟🤟🤟🤟🤟🤟🤟🤟🤟🤟🤟🤟🤟🤟🤟🤟🤟🤟🤟🤟🤟🤟🤟🤟🤟🤟🤟🤟🤟🤟🤟,1,0,1,this.is.mus,GAMA 03 Untuk Indonesia lebih baik ❤️❤️❤️ --------->
rusdin3768,AMIN,0,0,0,,
agung_olfiansyahh,pincang 😢,0,0,0,,
zamzam.januzaj,Amin,0,0,0,,
ayu_irianty_cakes,02 ganteng2 cewek nya cantik2 timny kalem dibawa enjoy asyik...gk penuh drma dan kemunafikan,0,0,0,,
zulkifli7096,,0,0,0,,
fa_isal7890,Ribuan orang akal bobrok sedang berkumpul😂😂,0,0,0,,
pardolipardoli,"ko ramai to yo mbok posting 02 yg sepi yg acara blm mulai gitu,",0,0,0,,
fairytaleblink,orang stroke mau jadi presiden,0,0,0,,
lalarobi7,Makasih vidionya kak vero,0,0,0,,
santriani018,🔥🔥🔥🔥🔥🔥,0,0,0,,
restuilahakubunda,Salam✌,0,0,0,,
arafaah17,✌️💙,0,0,0,,
yandri.aja,"Artis dukung prabowo, kita mah bukan artis",0,0,0,,
mr_khaaannnnnnn,Pkonya 1 Putaran ✌🏾✌🏾✌🏾,0,0,0,,
rannyverthina_,🥰✌️,0,0,0,,
ulfahsyarifah533,perasaan kampanye 02 tmptnya disitu siti aja yah,0,0,0,,
utm._noe,Ayo joget ! Mana jogetnya ?,0,0,0,,
dhela424,Gasss. 02,0,0,0,,
lilis_ati22,👏👏👏👏👏👏,0,0,0,,
fitrijayamakmu,✌️✌️✌️✌️✌️✌️✌️❤️❤️❤️❤️,0,0,0,,
andi_setiawan795,Kampanye anis lebih mendidik,0,0,0,,
diahwidi_astuti,"Koq gak joget2 pak, capek ya😂😂😂",0,0,0,,
xahzier_mahesa,Welcome Anies.. mari selamatkan indonesia dari keterburukan konstitusi ❤️❤️❤️,0,0,0,,
yaminah268_67sita_fahmi,02 ✌️✌️✌️👍👍👍 OK,0,0,0,,
b314nk,Bosen aah,0,0,0,,
fatur_bewok,"Setiap kali gw liat postingan paslon 02 knp isinya joged² mulu dah, ga ada edukasinya buat rakyat karna rakyat butuh kepastian hukum, kesehatan, keadilan, dan kehidupan yg layak, apa dgn joged2 dan program makan siang & susu gratis yakin rakyat sejahtera. 😂",0,0,0,,
denny_dsm,Bae bae nyungsep kebanyakan joget,0,0,0,,
brodyy_74,🤣🤣jogetnya mana 🤣udah kaya tontonan cuman buat joget minim gagasan,0,0,0,,
alfian_kurowo_80,Tedi seorang militer ikut kampanye 😂,0,0,0,,
thundereternity,TERIMAKASIH PRABOWO GIBRAN🔥🔥,4,0,0,,
wandy.wando,Insya Allah skrg kami no 1 dalam pandangan kami,0,0,0,,
zahranazrina,Gasss😍,0,0,0,,
wisnuu_herlambang,"Kasian, jalannya udah pincang gw perhatiin.. iyee kagak sih?? Ditambah harus joget2 tuntutan peran , kasian amat Pak",0,0,0,,
intan_2405,003,0,0,0,,
jamilaa_243,Bismillah tetap AMIN️ PILIHANKU ❤️,0,0,0,,
rofiu_ahmad,"salam waras, salam akal sehat, salam perubahan🙌",0,0,0,,
arief_iriandi,Dejavu Pilpres Indonesia seperti presiden Bongbong Marcos dan wakilnya anak presiden sebelumnya.,0,0,0,,
abdul_shalam,"Mantap, pada pengen doorprice tuh",0,0,0,,
riderdhev,ProGib jos gandosss,0,0,0,,
lunyfyrrx,😍❤️,0,0,0,,
maultheone,"All in 02, btw kak fero dibayar berapa? Saya dibayar 100rb buat pilih 02🤣",0,0,0,,
shafana1804,Feroo feroo. Melek dong. Jgn demi kepentingan pribadi😂,0,0,0,,
ema.rahmah.52,Mantap dukung 02 aja,0,0,0,,
andidahumaira_,Aduh kasihan si engkong kakinya udah sakit ikut juga kampanye. Yg bilang gak gila jabatan cuman mabok jabatan.,0,0,0,,
im.vintarii_,Naksir bajunya kak @fero_walandouw 😍,0,0,0,,
n.safittri,Takut jatuh,0,0,0,,
sianak_angon,"Dulu pernah ada di posisi mereka dukung gemoy,sampe demo soal kecurangan pemilu 2019 ,di saat berjuang dari ketidak jujuran, sampe Demo ada yg gugur,eh si gemoy malah ketemu si Pinokio di MRT ,ga lama langsung di Lantik MENHAN,sialan dah tertipu dengan kata kata demi NKRI 😑",0,0,0,,
adoeljagoo,All in...prabowo nyoblos kagak😂😂,0,0,0,,
der_alvero,Omon omom😂😂😂,0,0,0,,
ida_farida4040,P.prabowo the best❤️❤️❤️,0,0,0,,
untitledface,2 M 🤡,0,0,0,,
toko_ipit_nayla,Aduh gak sabar pingin coblos pak prabowo😍,0,0,0,,
nurintandy,01,0,0,0,,
gilang_ciptoning,Yang dibanggakan apa sih? Serius nanya,0,0,0,,
abdulfalah28,Anis❤️❤️,0,0,0,,
al_hmrh_01,Kalo sayang kalo kasian Ama pak Prabowo jangan di pilih kasian pak Prabowo butu istirahat pak Prabowo Uda ga sanggup. Ujung ujungnya nnti Gibran yg bakal naik dan gimana kita akan memberhentikan politik dinasti ini?,0,0,0,,
kalongbodas2024,Kasian yah lihat nya😢,0,0,0,,
nurha.midah12,Apa pun cerita ny saya tetap prabowo,0,0,0,,
ferry_1105,Sorrryyy yeee🤭✌️,0,0,0,,
sodarasepupu,"Udh tua, jalannya aja digeser, istirahat pak 🙌",0,0,0,,
sahabatanies.id,01 ❤️,0,0,0,,
fmyyyyyyyyyyyyyyyyyyyyyyyyyyy,kok sepi yaa😝😝😝😝😍😍😍🔥,0,0,0,,
ananaaven,"Keren sekali, salam pak prabowo Gibran",0,0,0,,
southborneoblasting,Kalimantan suara 01 insya allah 🔥🔥🔥🔥,0,0,0,,
tuanku_agung,Kakinya dah pincang biarkan dia istirahat Dimasa tuanya......jangan dibuat seperti anak kecil kasihan beliau,0,0,0,,
_kiimh,"Dimana pun kampanye nya gagasan ngk ada joget"" no 1😂😂😂",0,0,0,,
rasmarasari,Pak prabowo  gemoy 😍😍😍,0,0,0,,
riodharmawansitepu,Cair makan siang gratis sama susu gratis,0,0,0,,
asupi376,Prabowo Gibran menang satu putaran 🤲🤲✌️♥️♥️🇮🇩🇮🇩,0,0,0,,
syafa_maulanaa,#01 untuk perubahan,0,0,0,,
jarijemarifi,Itu pada Dateng kesitu buat ketemu artis itu... sebenernya pilihan mrk 01 hihihi,0,0,0,,
nafre29,All in 02🔥,0,0,0,,
asey4190,All in Prabowo Gibran 🔥🔥🔥🔥,0,0,0,,
quendedes,Aku padamu pak prabowo.... sehat² nggih,0,0,0,,
94.516248,Prabowo selalu ada dihati kami,0,0,0,,
bambangkarsana67,Gassspolll ❤️❤️ 02,0,0,0,,
ristrieristrie,Saatnya pindah haluan,0,0,0,,
murtini_salon,Berasa lihat bapak presiden jokowi dulu ❤️❤️,0,0,0,,
moedya_benq,"Juragan kolup2, tanem singkong tumbuh jagung...tukang .obat bukan capres😂😂😂",0,0,0,,
adi.daalderop1,Siap kalahkan penculik,0,0,0,,
ifanlisna,01 ok,0,0,0,,
mlia32309,Cieeee masih curhat masalah debat ..kan udah mnta maaf masih aja baper😂😂,0,0,0,,
lely.11,🔥🔥❤️❤️✌️✌️💙💙,0,0,0,,
wizard_kawengian,#TJP Tuama Jadi Presiden,0,0,0,,
ninieng_2605,Baru sekali ini kayaknya kampanyenya  rame,0,0,0,,
imron.rhmat,Jalan aja udh ga normal,0,0,0,,
hijrah_kebaya,"Banyak yg minta salam tu pak,,, malah di anggurin",0,0,0,,
14__putra,01 perubahan dong 🔥🔥,23,1,0,,
susanto.medo,Perubahan.. Merubah lirik lagu 02 wkwkwk 🔥🔥🔥 oke gas oke gas✌✌,0,0,1,14__putra,01 perubahan dong 🔥🔥
kholisnawawi06,TETAP NOMOR 1 ANIS MUHAIMIN❤️,53,2,0,,
miswanto7487,@toko_kholis_jaya 02 ajalah... biyar engak seteres ✌️✌️✌️♥️♥️💓💓💓 selalu di hati masyarakat ✌️✌️✌️💪💪💪,1,0,1,kholisnawawi06,TETAP NOMOR 1 ANIS MUHAIMIN❤️
fin____05,@toko_kholis_jaya ga di ajakin lu mah pulang pulang sanah😂😂😂,0,0,1,kholisnawawi06,TETAP NOMOR 1 ANIS MUHAIMIN❤️
wawanbc_alesana,Semangatnya gila😍,0,0,0,,
5onnyk,Kasian pak prabowo dijadiin badut oleh pendukungnya,0,0,0,,
ravia_tuur,Jff,0,0,0,,
dnovaldo,"Aku, kau kami dan kita generasi muda siap berjuang bersama bapak Anis-muhaimin
Salam perubahan",0,0,0,,
rodiaakbar,Periode ini Giliran pak Anies..👍👍,0,0,0,,
wzy_kristianingsih,Udah 2x pilih dya. Sekarang waktunya dya istirahat. Sedih akutuh😢,0,0,0,,
uyya_fatamorgana,😂apaan sih ini,0,0,0,,
itsyrgs,"MANA YANG BILANG EDITTAN, SINI LO",0,0,0,,
andi.sukandar311,Hidup prabowo❤️❤️❤️❤️🙌🙌🙌🙌🙌,0,0,0,,
iiky_ww,Gw mh kasian malah kaya hada martabat nya,0,0,0,,
david.chandra74,Amin..,0,0,0,,
ardian.ramdhani,"Sudah cek data, fakta, informasi valid. Sy fix pilih Anies🔥",0,0,0,,
nikoade_s,"Public figure dukung 02 dan ada bocoran dapet 2M perorang. Lah giliran rakyat kecil dpt 200rb doang. Masih mau kalian pilih pemimpin yg ""hilirisasi"" untuk orang kaya",0,0,0,,
andy_qnoyy,Masih dukung semua masalah solusinya makan siang,0,0,0,,
dudyisa29,☝️😎,0,0,0,,
muhammadrzkylbs,#ASALBUKANPENCULIK 😂,0,0,0,,
muhammadrzkylbs,ANIS BASWEDAN ♥️,0,0,0,,
ridhoahmed87,Kasihan beliau terrlalu lelah takut y kena struk lagi harus y di suruh istirahat biar beliau tenang ya allah selamtlah negri ini,0,0,0,,
abdilahabkari16,Lebih seru desak anies,0,0,0,,
wijayahendra57922020,Cuma satu lapangan bola.....nga berani pake drone pidioinye😂,0,0,0,,
meizaamsa,"ASELIIII GAK PAHAM lagiii sama yg milih 02. kalian tuhh dalam pikirannya gimana jiir ?? 🥹 
cape bgt dah. 

kalo yg milih 01 atau 03 okelahhh mereka masih pada mikir, cerdas. ini mah 02 bgt ?? aseliii tackuut maluuu klo mereka menang (curang) 😭😭 
10th kebelakang udah malu, masa mau malu lagi sama negara sendiri 😭🥵",0,2,0,,
fauzicndra,"@watashimei gausah ngurusin orang"" yang sudah emang milih dengan hati susah ngasih taunya apalagi kalau udah beda paslon ga akan masuk wkwkw",0,0,1,meizaamsa,"ASELIIII GAK PAHAM lagiii sama yg milih 02. kalian tuhh dalam pikirannya gimana jiir ?? 🥹 
cape bgt dah. 

kalo yg milih 01 atau 03 okelahhh mereka masih pada mikir, cerdas. ini mah 02 bgt ?? aseliii tackuut maluuu klo mereka menang (curang) 😭😭 
10th kebelakang udah malu, masa mau malu lagi sama negara sendiri 😭🥵"
fauzicndra,@fauzicndra ✌️1 putaran🔥,1,0,1,meizaamsa,"ASELIIII GAK PAHAM lagiii sama yg milih 02. kalian tuhh dalam pikirannya gimana jiir ?? 🥹 
cape bgt dah. 

kalo yg milih 01 atau 03 okelahhh mereka masih pada mikir, cerdas. ini mah 02 bgt ?? aseliii tackuut maluuu klo mereka menang (curang) 😭😭 
10th kebelakang udah malu, masa mau malu lagi sama negara sendiri 😭🥵"
bungatasukakoi,"80% joged,sisanya curhat",0,0,0,,
ulvah_paul,Mantap .. 😍,0,0,0,,
rejjaztaa,Haduh nthlh ..ngok jln ny GK lyak jadi pmimpin ...,0,0,0,,
minamabestari,bapak Prabowo harus tetap sehat ya pak...biar bisa menghadiri pelantikan pak Anies dan cak imin,0,0,0,,
bobbymardikabbm,01🔥🔥🔥🔥🔥,0,0,0,,
nurul_0018,Mataku cuman fokus ke mas Teddy oh Teddy aku ter Teddy”😫,0,0,0,,
dahanda_mua,kasian jalan nya udh gitu😢. Bapak istirahat aja. menikmati hidup,0,0,0,,
fardhensiregar,Dipulau Jawa sepi!😂,0,0,0,,
setyo_prasongko_,"Wong Indonesia seneng joget brooo, gak seneng kakean cangkem",0,0,0,,
egyting23,❤️❤️❤️❤️❤️❤️,0,0,0,,
teguh_supriyanto02,"Udah tuwir kasihan di setir pak lurah seperti rezim sekarang,menjelang pikun",0,0,0,,
andi_aceh43,Modal joget doang isinya,0,0,0,,
sodong_bisnis_ecoresing,01 Presiden indonesia cerdas,0,0,0,,
anto_asy27,"Lawan prabowo yg dlu pada kumpul dukung prabowo biar menang,
Misalkan, kalah lagi
Apa gak pada stress mereka😂😂😂",0,0,0,,
sontosoaji,✌️✌️✌️,0,0,0,,
rateksaaa,Terserah kalian mau pilih siapa hak hak kalian.  Yang jelas cari kerja nyata bukan banyak janji. Di belakang pak Prabowo ada pak Erik Tohir maju sepak bola,0,0,0,,
wahyu_rolen,all in amin👏🔥,0,0,0,,
nurfififauziah,🩵🩵🩵🩵✌️✌️✌️,0,0,0,,
veronikasrgh13,❤️❤️❤️❤️❤️,0,0,0,,
kameliayusuf,Pejabat naik gajih..pajak naik...rakyat miskin yg sengsara...yg kaya makin kaya...yg miskin makin miskin...klo gajih pejabat naik...gk bisa jamin jg tdk korupsi...,0,0,0,,
resnoascala,"Org2 yg TDK BS membedakan mna bnar dn slh,pdhl pncalonanya pun SDH brmslh nabrak aturan SE enaknya gmn pa mimpin sglany akn drubh seenaknya sndri ,heran aj ad yg dukung",0,0,0,,
fuuurryyyyyyy,@tambahanif,0,0,0,,
nksnnn_29,Weee ini editan 😎🤏😳🕶️🤏✌️✌️🔥🔥,0,0,0,,
icalzulmi,GAAS GAAS GAAS ANIES 🔥🔥🔥,0,0,0,,
ivonnegumogar,@arie_kriting ini dang bang tu foto editan yg Abang bilang.. ini versi vidio 🙄🙄,0,0,0,,
rantysaleh2910,Berenti jo jadi calon presiden.. riki b jalan kaya orang so jaga kena struk..,0,0,0,,
indra_fjr,Mantap isinya joget terus👏,0,0,0,,
xxsanz200444,All in @prabowo,0,0,0,,
tuankesuma,Rakyat di Negeri ini lama lama nikmat akal & pikirannya di cabut sang khalik ! Segala hal yg salah & pelanggaran pelanggaran Capres Cawapresnya selalu di benarkan! Pantaslah bnyak penjahat rakus yg menjadi penguasa! Inilah efek jika otak di pakek buat berak! Pendukung 02 wajar kalo suka menggoreng fitnah karna disana terlalu banyak minyak Goreng hasil korupsi Mentri nya. Pendukung 02 wajar gak suka Anies karna mereka kelebihan Gula pasir hasil korupsi mentrinya! Pendukung 02 wajar suka melanggar Hukum ! Karna belajar dari Capres & Cawapres nya! Pendukung 02 wajar dana kampanye nya besar tak terhingga !!! Sampek sampek Artis nya buka usaha Laundry dadakan!! Yang rugi itu klo orang miskin mendukung 02 cuma dikasih makan gratis! Sementara pajak naik sampek mencekik! Puas puas deh luh ngegerombol ngumpul disana kayak grombolan serigala lapar! Satu pesan saya untuk pendukung 02 ! Teruslah Bodoh Jangan Pintar!!! #ripakalsehat🎗️ #aniesbaswedan,1,0,0,,
bromptot,Masih mau pilih ini??😂,0,0,0,,
yuana_atha,Jangan lupa joget ☺️,0,0,0,,
ibro76757,Yang di pilih goblok yang milih lebih goblok 😂hahahahah,0,0,0,,
regzamecell,"liat pengawal nya,sdh ada parodi nya loh,,kocak😂😂😂",0,0,0,,
nam_pup7,01❤️❤️❤️😎☝🏻,0,0,0,,
sella.krit,✌️✌️✌️,0,0,0,,
romaucha,"Pendukung 01 kalo ga nyaci gak tenang,pdahal didukung ulama tp sifat pndkungnya dibawah rata rata",12,35,0,,
romaucha,"Ada link nya prabowo nyaci maki jokowi? Coba share,setau gw dan itu ada jejak digitalnya,dari jokowi jadi gubernur udah didukung prabowo dan stiap plantikan presiden 2014 2019 prabowo hadir,googling deh biar pintar kek majikan lu 😂",1,0,1,romaucha,"Pendukung 01 kalo ga nyaci gak tenang,pdahal didukung ulama tp sifat pndkungnya dibawah rata rata"
romaucha,"Nah tp demokrasi,dikasih fakta kok emosi 😂😂",1,0,1,romaucha,"Pendukung 01 kalo ga nyaci gak tenang,pdahal didukung ulama tp sifat pndkungnya dibawah rata rata"
romaucha,"Gw anti orang munafik,junjungan lu disini bicara lain disana bicara lain,logika lu pakek biar ga bego 😂",0,0,1,romaucha,"Pendukung 01 kalo ga nyaci gak tenang,pdahal didukung ulama tp sifat pndkungnya dibawah rata rata"
santioke21,"@romaucha loh loh, la komenmu ini apa??? Kacanya lupa gak dibawa pasti😂😂😂😂",2,0,1,romaucha,"Pendukung 01 kalo ga nyaci gak tenang,pdahal didukung ulama tp sifat pndkungnya dibawah rata rata"
romaucha,@santioke21 baca mbak biar ga kurang 😂,0,0,1,romaucha,"Pendukung 01 kalo ga nyaci gak tenang,pdahal didukung ulama tp sifat pndkungnya dibawah rata rata"
fahminur.a,"@romaucha emang iya ka? Faktanya nggak kok, rata rata kita berfikir rasional bukan fanatik kak hehe😁☝️",2,0,1,romaucha,"Pendukung 01 kalo ga nyaci gak tenang,pdahal didukung ulama tp sifat pndkungnya dibawah rata rata"
romaucha,"@fahmi13_ rasional tu gak ngelapak trus nyinyir di postingan orang,kami 02 gak prnah tu mau ngomen2 di lapak paslon lain,anti manusia munafik 🤘",0,0,1,romaucha,"Pendukung 01 kalo ga nyaci gak tenang,pdahal didukung ulama tp sifat pndkungnya dibawah rata rata"
santioke21,@romaucha sampean kali yang gak sampe sm isi komenku😂,0,0,1,romaucha,"Pendukung 01 kalo ga nyaci gak tenang,pdahal didukung ulama tp sifat pndkungnya dibawah rata rata"
romaucha,"@santioke21 iya gak sampe,krna komenan mu gak jelas kek junjunganmu lain disana lain disini 😂",0,0,1,romaucha,"Pendukung 01 kalo ga nyaci gak tenang,pdahal didukung ulama tp sifat pndkungnya dibawah rata rata"
andhy.0777,@romaucha faktanyà kebalìķannya..🤭,0,0,1,romaucha,"Pendukung 01 kalo ga nyaci gak tenang,pdahal didukung ulama tp sifat pndkungnya dibawah rata rata"
romaucha,"@andhy.0777 ah muasak ? Cek sndiri gih di postingan @prabowo ,banyak kaum mu disana 😂",0,0,1,romaucha,"Pendukung 01 kalo ga nyaci gak tenang,pdahal didukung ulama tp sifat pndkungnya dibawah rata rata"
andhy.0777,@romaucha sy sñdri jg sdh melakukan rìset kok mas...ýg awalnya sý dipihak 02 tp stlh sy lihat sndiri hslnya dr umpatan para pndukuñg 02 sy kòk jd malu sndri...😢,1,0,1,romaucha,"Pendukung 01 kalo ga nyaci gak tenang,pdahal didukung ulama tp sifat pndkungnya dibawah rata rata"
romaucha,"@andhy.0777 yaudah lanjut aj mbak,kalo gw tetep anti manusia munafik 😇",0,0,1,romaucha,"Pendukung 01 kalo ga nyaci gak tenang,pdahal didukung ulama tp sifat pndkungnya dibawah rata rata"
itsyrgs,"@romaucha iya, apalagi udah ke fisik, ga bangett",0,0,1,romaucha,"Pendukung 01 kalo ga nyaci gak tenang,pdahal didukung ulama tp sifat pndkungnya dibawah rata rata"
delvi_evi68,@romaucha 😂😂😂,0,0,1,romaucha,"Pendukung 01 kalo ga nyaci gak tenang,pdahal didukung ulama tp sifat pndkungnya dibawah rata rata"
hendrytansin,@romaucha ada bro malu deh pokoknya.klo lu tonton😂,0,0,1,romaucha,"Pendukung 01 kalo ga nyaci gak tenang,pdahal didukung ulama tp sifat pndkungnya dibawah rata rata"
romaucha,@rjitdws tanya sm mak lu,0,0,1,romaucha,"Pendukung 01 kalo ga nyaci gak tenang,pdahal didukung ulama tp sifat pndkungnya dibawah rata rata"
romaucha,@hendrytansin ksih link deh biar ad data dan fakta biar kek jnjungan lu 😂,0,0,1,romaucha,"Pendukung 01 kalo ga nyaci gak tenang,pdahal didukung ulama tp sifat pndkungnya dibawah rata rata"
nowe_music,@romaucha komen gini biar dapat makan gratis kau?🤣,0,0,1,romaucha,"Pendukung 01 kalo ga nyaci gak tenang,pdahal didukung ulama tp sifat pndkungnya dibawah rata rata"
romaucha,@katakatasatu kau komen gini nak bbm grtis ap internet gratis ?😂,0,0,1,romaucha,"Pendukung 01 kalo ga nyaci gak tenang,pdahal didukung ulama tp sifat pndkungnya dibawah rata rata"
nowe_music,"@romaucha ahahaha sori yeeee soriii kita bukan karna itu,kita butuh presiden yg betul2 kerja,bukan joget🤣",0,0,1,romaucha,"Pendukung 01 kalo ga nyaci gak tenang,pdahal didukung ulama tp sifat pndkungnya dibawah rata rata"
romaucha,"@katakatasatu makanya jgn tolol,lu kira prabowo pengangguran,junjungan lu banyak utang noh 😂",0,0,1,romaucha,"Pendukung 01 kalo ga nyaci gak tenang,pdahal didukung ulama tp sifat pndkungnya dibawah rata rata"
faeyzhamalik,@romaucha ohhh jd klo pndkung 02 bbas nyaci aj gt ya krn yg d dkung jg pelanggr konstitusi gt y mksd lu ... mkmmmkmkmkkk,0,0,1,romaucha,"Pendukung 01 kalo ga nyaci gak tenang,pdahal didukung ulama tp sifat pndkungnya dibawah rata rata"
romaucha,@faeyzhamalik ah kalo gibran ikut kejunjungan lu mana ada tu ngebahas mkmk 😂,0,0,1,romaucha,"Pendukung 01 kalo ga nyaci gak tenang,pdahal didukung ulama tp sifat pndkungnya dibawah rata rata"
faeyzhamalik,"@romaucha ... eeitsss sorry yee sorry yee junjungn gue taat praturan bkn yg suka tabrak"" masuk😂",0,0,1,romaucha,"Pendukung 01 kalo ga nyaci gak tenang,pdahal didukung ulama tp sifat pndkungnya dibawah rata rata"
romaucha,"Ya ikutin aja si pendongeng,gw anti manusia munafik,ngomong disini lain disana lain 😂,buzzer 01 kebnyakan pake fake account 😂😂",0,0,1,romaucha,"Pendukung 01 kalo ga nyaci gak tenang,pdahal didukung ulama tp sifat pndkungnya dibawah rata rata"
romaucha,@rjitdws mudahan cepat duda 😂,0,0,1,romaucha,"Pendukung 01 kalo ga nyaci gak tenang,pdahal didukung ulama tp sifat pndkungnya dibawah rata rata"
romaucha,"@rjitdws gw ga angkat tangan,brrti gw lg ga doa 😂",0,0,1,romaucha,"Pendukung 01 kalo ga nyaci gak tenang,pdahal didukung ulama tp sifat pndkungnya dibawah rata rata"
kenzie_subroto,Mereka datang cuma liat artisnya bukan gemoy nya,0,0,0,,
delpus11,Bapakkkk❤️,0,0,0,,
dudeharlinadudeharlina,all in 01 insyaallah halal dan mendukungnya tidak berdosa selamat dunia akherat,0,0,0,,
andrejonathan456,#anispresiden2024,0,0,0,,
_yogha12,BERSAMA PRABOWO MENUJU INDONESIA MUKBANG 🔥,0,0,0,,
ari_septiani1,✌✌✌✌🇮🇩🇮🇩🇮🇩🇮🇩🇮🇩🇮🇩,0,0,0,,
mas.priyanto_,TERNYATA PAKAR PERTANIAN YG NONGOL.😂,0,0,0,,
dumpblueq,02,0,0,0,,
seansantoso25,"Kakek sebaiknya istirahat saja,jalan saja pincang, bayangkan klo ikut di forum internasional, malu2in, apalagi klo digantiin sama si Samsul, ditanyain plonga plongo nggak jelas",0,0,0,,
argi_gunadi,Lu Cerdas  bro🔥🔥✌️✌️,0,0,0,,
endahbudiartika,Salam ✌️✌️✌️✌️✌️✌️✌️✌️😍😍✌️✌️,0,0,0,,
declanrizz41,Asik ya para artis dapet milyaran uang kampanye dr pajak rakyat 😂 maklum backingannya  presiden lgsg,0,0,0,,
rsyid__nexci,All in Prabowo 😎😎😎🔥🔥🔥,0,0,0,,
pifinpuspitawati,Goodbye....,0,0,0,,
beli_bey,01 jd  boneka lg gk punya partai,0,0,0,,
aguswidho,All in Prabowo Subianto mantap satu putaran 👏,0,0,0,,
ugi_pujisugiharto,Loe sadar ga sedang mendukung nepotisme di indonesia,0,0,0,,
rinduchn,"Jalan pun sudah gk kuat😢..artis 02 gk pernah berani mengatakan kalo memang gk pernah dibayar? Bedakan dgn yg 01 yg berani terang2an kalo semua murni.. Jadi kita bisa lihat ketulusan bener2 niat milih 01 itu Pantas maju,",0,0,0,,
muhanadhanad69,"No 2 ayo gas,,negara bahrain brobondong2 coblos no 2 🔥🔥🔥🔥",0,0,0,,
diditsaputro,bismillah 01 menang 🔥🔥🔥,0,0,0,,
zenobowo,Capres kasian kok jalannya udah mulai oleng bentar lagi di ganti wakilnya kao kepilih,0,0,0,,
aldi_muammar96,AKU HAUS KEKUASAAN💪⚡⚡⚡⚡⚡ SUDAH 20THN AKU MANDET KRENA AKU TIDAK DAPET IZIN 🔥🔥🔥🔥,0,0,0,,
piaaaxyz02_,ini yg kalian bilang sedikit😂hha lawakk,0,0,0,,
septa3467,"Ini lah sasaran kubu 02 anak2 mileniel yg brSdm rendah,mreka yg bru kenal politik baru tadi sore dan hnya viral lewat tik tok..mreka mmbuat tinggi artis2 trnma dari kota dan daerah2 untk mnjadi influncer mmbdohi2 pemuda yg baru kenal politik.. tapi jika mreka mmhami politik dari 10thun blkang pasti milih Anis...",0,0,0,,
mrs_purwaningsih,"Ini aku yg ga suka,kalo pengusaha artis mendukung Paslon yg ga Sama dgn kita pasti bilang nya ada niat terselubung ada kepentingan dibalik semua itu,lah kita SM aja bos mau pengusaha mau artis semua ada niat terselubung yaitu pengin Indonesia LBH baik dr sebelum nya,kita jangan menghakimi org JK pilihan mrk TDK sm dgn kita,biasa nya yg sering bicara bgini dr 01 stop nyinyir deh,setiap org punya hak buat kemana mrk,lah ente mau nyoblos apa aja terserah ente mereka ga ada yg peduli,#salamdamai",0,0,0,,
iqbalabdillah.id,"Beda kelas, Pak Anis datang ke Garut berorasi, mencerdaskan masyarakat. Yang ini datang cuma joged2 🔥",0,0,0,,
mhmmdaidilfadil08,minimal jalan yg bnr lah jan kek org struk kek mao meninggal,0,0,0,,
fau_190,ALL IN PRABOWOOO GIBRANNN🔥🔥🔥✌🏻,0,0,0,,
mass.bhe,Pragi,0,0,0,,
jonilanang_10,"Mereka cuma mau lihat artis, di TPS tetep pilih selain 02.",0,0,0,,
endrasavero,02 SARANG KORUPTOR PENDUKUNGNYA MALING SEMUA,0,0,0,,
_4yott,Rugi dong,0,0,0,,
iannfww,AMIN AJA DULU ☝️,0,0,0,,
anstdw__,Banteng ketar ketir melihat ini,0,0,0,,
yudimardani18,Tong hilap nomor 1,0,0,0,,
varnessa_16,Uwuewww💙💙💙💙💙,0,0,0,,
kholidims,Aku tetap 01.,0,0,0,,
irwinbangko,❤️❤️❤️ 01,0,0,0,,
dyss__13,"Gw kesel bgt kalo ada yng bahas fisik pak prabowo, ""jalan nya dah susah, ini lah itulah"" heyyyy cari tau dulu lah beliau knp jalan nya kaya gt!! Beliau begitu karna membela negara dulu bukan krna asam urat kaya lu pd yang nyinyirrr #prabowogibran satu putaran 🔥🔥🙌🙌",0,0,0,,
achmad_sudian,Kalian kejam pak tua disuruh joget2,0,0,0,,
toy0ez,Smoga Presiden 2024 Yg Lebih baik dari Jokowi... Bukan malah yg udah kalah 2x dari Jokowi.. AMIN ☝️,0,0,0,,
doankmawardi,Joget aja dulu pak,0,0,0,,
nofinofi02,Prabowo di hati .ples myor tedy😍✌️,0,0,0,,
giio_dasilva8,Ini cuma editan kata @arie_kriting,0,0,0,,
yansi_sera,Paakkkkkk l love you 😍😍😍,0,0,0,,
5uw1t0amb0n,Prabowo ❤️❤️❤️,0,0,0,,
albarkah2508,Presiden 2024❤️,0,0,0,,
uzyh_021,AMIN ❤️❤️❤️ inshaAllah,0,0,0,,
anjah_6,"Gimana mau menjalankan amanah untuk negara pak, jalan 3 meter aja udah berhenti karna lutut sudah terlalu tua ☝️☝🏻",0,0,0,,
fauzi_dalbo,All in prabowo sampe tgl 13.....😂😂😂 besok nya ga tau milih apa,0,0,0,,
amridebu,Si paling ajudan emang paling rempong 😂😂😂😂,0,0,0,,
idrus.hadinata,"nasi kotak+uang transport+uang saku,, 😂",0,0,0,,
intann_nilam,Yeeee 🥰🥰🥰🥰,0,0,0,,
ladybyunn,❤️,0,0,0,,
minarkatanya,02 ❤️,0,0,0,,
ransfamily12345,Syukur2 dapat menteri,0,0,0,,
tohkitayamashita,Bentar lagi gak bisa jalan lu...struk,0,0,0,,
mafiasegokudus,Kampanyr 1 arah....tdk ada dialog maslah...pantura jateng Full salam perubahan..🙏,0,0,0,,
zulkarnainsiregar2121,Massa dari mn tu......😂😂😂😂,0,0,0,,
mhmmd_salmn,Artus endorse banggga banget ya bayaran nya bagus?,0,0,0,,
sugengharyanto313,✌️✌️ o1 panas,0,0,0,,
rizal_syahputra13,01 AMIN☝,0,0,0,,
mujamil9990,Tetap semangat 02 mantul,0,0,0,,
rizal_syahputra13,Jangan nampak kan kali🤦‍♂️🤦‍♂️,0,0,0,,
firman_ardiansyah18,Milih kok 02 rugiiiiiiiii dooooooonnnnnggggggggg,0,0,0,,
firman_ardiansyah18,"JALAN AJA KAYAK GITU, APA SAMPE LAMA ITU URATNYA WKWK",0,0,0,,
roseabdulharris,02 itu sekumpulan orang yang punya masalah dengan hukum 🤣🤣🤣,0,0,0,,
sepsaepul10,"Menjalankan badan sendiri saja sudah repot , apalagi menjalankan badan negeri ini, terlalu ambisius hingga lupa keadaan diri, saya lebih sayang ke pada pa prabowo untuk beristirahat santai dirumah",0,0,0,,
kkeniro,prabowo menuju indonesia mukbang😂,0,0,0,,
fery.berry,Itu yg sorak2 besok dpt ap pas prabowo jd presiden..,0,0,0,,
mmesi_1003,Kenapa gua gedekk amat sama mayor tedy,0,0,0,,
bublebunnnn,14 FEBRUARI ULTAH GUE PILIH PRABOWO GIBRAN!! KADO DARI GUA😍,0,0,0,,
yuni_fl,Bismilah menang 1 putaran,0,0,0,,
iskandarsc97,"Mereka rame² karna mau liat artis, kalau masalah coblos tetap nomer 1😂",0,0,0,,
rmdnfebri,"Ini pasti pendukung Jokowi yang tahun lalu,udah di bela mati matian sampe demo waktu dulu malah gabung gabung juga 😂",0,0,0,,
dphlwn,ea badut mau joget,0,0,0,,
iw889992,02🔥🔥,0,0,0,,
abyshall_annisa,01 amin❤️❤️❤️,0,0,0,,
abistiebeib,Mau tau prestasi 02 apa ya,0,0,0,,
andi_rinaldi_harris,Amin 🇮🇩,0,0,0,,
marialocalboy,Welcome president mukbang.,0,0,0,,
wahyuni.8910,Hidup 02,0,0,0,,
kaze_kage1980,Lebay pengawal nya😂😂😂,0,0,0,,
mira_hilma,artis bayaran😂,0,0,0,,
anis_for_indonesia,Pilihlah presiden yang  sehat fisik dan mentalnya. yang jalannya masih kuat bkn yang jln udh ngeret2 gitu apalagi emosian. Danwakilnya  ngomong  aka gk bisa.. Wah parah. Sumpah Malu indonesia,0,0,0,,
mr_nuhaa,Asli! 2019 dia gagah banget lo. Skrg? Dah kayak badut😔,0,0,0,,
nurulmthdh,Rakyat hrs kompak lawan curang dgn tdk memilih 02,0,0,0,,
n.sabrina_n,AMIN kan saja 🔥🔥🔥,0,0,0,,
nurwahyugatut,"😂😂😂
Skock nya mati sebelah..
Gimana mimpinnya klo pas lag upacara 17 Agustus nanti 🤭🙏",0,0,0,,
ikatan_dokterlampu_indonesia,☝️,0,0,0,,
malalngelo,💙💙,0,0,0,,
fa.riz2626,"Yg dukung 02 tolong bangun ya..udah tau melanggar masih aja di dukung,hidup amin no 1",0,0,0,,
roryesvada,"Sipaling ikhlas❤️ tiap 5 tahun sekali selalu nongol karna saking ikhlasnya❤️ punya pembantu maling dirumah bukannya dipecat malah dinaikin gaji❤️ top best nih bapak, semoga panjang umur sehat selalu agar para maling dirumah tangga bisa melancarkan aksinya biar selalu naik gaji❤️❤️",0,0,0,,
1its.sarah,Menyala Blue🔥🔥,0,0,0,,
bunyamin.bunyamin.1485,Amin ☝️,0,0,0,,
yusman_hapid,G kebayang gua punya presiden kalo ada acara negara prabowo g ada terus yg mewakili nya sigibran 😂 planga plongo seindonesia g tuh 😂,0,0,0,,
fajrinaditya08,Gua mah fokus sama mas teddy yang sigap buat pak prabowo,0,0,0,,
ibudboedy,AMIN,0,0,0,,
ansoriaang,Pak Anies terbaik buat negri,0,0,0,,
sayep__,Tidak mendidik,0,0,0,,
sck.adla_,👏👏pak wowo All in prabowo❤️❤️❤️👏🔥,0,0,0,,
sukardiyusufsukardiyusuf,Gassssskan Prabowo pilihan ku jangan gentar menghadapi tantangan politik,0,0,0,,
alfons22puru,Paslon 02 is the real pesta demokrasi✌️,2,0,0,,
ibottz.bengallz,01 tak gantarrrr 🔥🔥🔥🔥🔥🔥🔥🔥🔥🔥.,0,0,0,,
raybudkus.rbk,,0,0,0,,
desisolo2,Prabowo Gibran👍👍👍,0,0,0,,
er.linda4376,Walaupun Uda mencalon kan 4 kali tapi ia ngak haus dengan ke kuasanya soal ia Uda kaya tapi ia berniat mau mengabdi kan jiwa raga ya buat Indonesia bukan habisan dan haus ke kuasan,0,0,0,,
rasyidsyiid,1 M 2 M 3 M ?,0,0,0,,
rizqo2082,Bismillah Anies Baswedan RI 1 insyaallah,0,0,0,,
vandmalind,"Semoga kelak siapapun pemimpin nya, mampu mensejahterakan rakyat, dan berlaku adil kepada rakyat, dan bisa membangun ekonomi, serta mengurangi pengangguran😢",0,0,0,,
elvanomuham_,Sorry ye sorry ye pendukung sebelah jantung aman😂,0,0,0,,
refalfakih,Og pada d gelapkan bahwa pasangan ini telah mngahncurkan demokrasi Indonesia..semua d halalkan asal naik jikalau panutan kalian para artis sungguh mereka telah berakting d depan kalian.,0,0,0,,
balyaalfaruq,𝚄𝚍𝚊𝚑 𝚙𝚒𝚗𝚌𝚊𝚗𝚐😂,0,0,0,,
nazarulyanis,AM1N ❤️,0,0,0,,
are.is_boedoet7407,Minim gagasan isinya joget mulu,0,0,0,,
dianadinta,Tim sukses Prabowo,0,0,0,,
eliandri_bahtiar,"Padahal masih user MELON ELPIJI, tapi malah dukung pejabat NAIK GAJI!!!",357,35,0,,
grafis.tama,"@eliandribachtiar ANAK MUDA GEN Z yg baca ini... BERBAKTILAH PADA ORG TUA KALIAN dgn tidak memberatkan Hidup dan biaya hidup mereka atas Ke FOMO dan Kebutaan kalian dalam memilih Pemimpin.... Kalian yg masih bergantung org tua, kalian yg belum berkeluarga pasti akan sulit merasakan betapa Sulit dan Mahalnya hidup, jika rezim ini di Lanjutkan",12,0,1,eliandri_bahtiar,"Padahal masih user MELON ELPIJI, tapi malah dukung pejabat NAIK GAJI!!!"
eliandri_bahtiar,@grafik.utama STOP REZIM STOP POLITIK DINASTI!!! HIDUP INDONESIA YG LEBIH UNGGUL 🔥🔥🔥,15,0,1,eliandri_bahtiar,"Padahal masih user MELON ELPIJI, tapi malah dukung pejabat NAIK GAJI!!!"
rizqiatmajayaa,@grafik.utama orang tua gw aja pilih prabowo😂kenapa eamngnya ya,2,0,1,eliandri_bahtiar,"Padahal masih user MELON ELPIJI, tapi malah dukung pejabat NAIK GAJI!!!"
grafis.tama,"Ya itulah tugas kamu sbagai Anak Muda , utk mencari informasi dan mmbuka wawasan lebih rasional dalam politik",5,0,1,eliandri_bahtiar,"Padahal masih user MELON ELPIJI, tapi malah dukung pejabat NAIK GAJI!!!"
rizqiatmajayaa,@grafik.utama justru sekeluarga sama² mencari informasi dan meyakinkan untuk memilih presiden yang bener² sesuai keyakinan,2,0,1,eliandri_bahtiar,"Padahal masih user MELON ELPIJI, tapi malah dukung pejabat NAIK GAJI!!!"
alif_fauziansyah19,"@grafik.utama klo pada saat otu gibran memilih ke 01 atau 03 gmn jadinya?? politik itu Bisa goreng makanya jgn kena gorengan politik,, banyak ngang ngeng ngong,, hargai aja hak masing pemilih,, jgn panik tenang tunggu aja tgl 14 feb",1,0,1,eliandri_bahtiar,"Padahal masih user MELON ELPIJI, tapi malah dukung pejabat NAIK GAJI!!!"
grafis.tama,"@alif_fauziansyah19 Kalau urusan Parpol itu ranahnya Parpol, tapi setau saya Anies yg menolak Gibran saat ingin dicalonkan Nasdem.. kalo 03 saya ga mengikuti ya",0,0,1,eliandri_bahtiar,"Padahal masih user MELON ELPIJI, tapi malah dukung pejabat NAIK GAJI!!!"
alif_fauziansyah19,"@grafik.utama jelas anis pernah nawarin gibran ko,, tpi sayang gibran memilih lain,, pake data ni saya ngomong,, boleh di cek",0,0,1,eliandri_bahtiar,"Padahal masih user MELON ELPIJI, tapi malah dukung pejabat NAIK GAJI!!!"
iinnoefoes99,@grafik.utama salam perubahan.. Hidup AMIN 💪☝🇮🇩❤,1,0,1,eliandri_bahtiar,"Padahal masih user MELON ELPIJI, tapi malah dukung pejabat NAIK GAJI!!!"
senjaftaran,"@eliandribachtiar kalau belum baca risetnya dan ketentuan kebijakan serupa di negara lain, diem aja pak. Maaf tapi bukan kapasitasnya bapak ngetik begitu",0,0,1,eliandri_bahtiar,"Padahal masih user MELON ELPIJI, tapi malah dukung pejabat NAIK GAJI!!!"
eliandri_bahtiar,"@elsaaftt riset di negara lain memang gaji mereka besar, tapi tindakan setelah mereka korupsi lebih dari Indonesia, disini diapain? Koruptor bayar masa tahanan, makin ditambah gaji nya makin banyak peluang korupsi",2,0,1,eliandri_bahtiar,"Padahal masih user MELON ELPIJI, tapi malah dukung pejabat NAIK GAJI!!!"
eliandri_bahtiar,"@elsaaftt jgn minta orang lain diam mbak, demi maslahat ummat, saya berani bersuara, saya juga tidak buta literasi, mungkin mbaknya yg harus lebih banyak baca lagi",1,0,1,eliandri_bahtiar,"Padahal masih user MELON ELPIJI, tapi malah dukung pejabat NAIK GAJI!!!"
senjaftaran,"@eliandribachtiar kak ngerti gak ? Itu kan visi misi kedepan, belum terlaksana dan jelas hanya akan mulai berjalan kalau yang ngusung visi misi terpilih. Kakak menyalahkan visi misi yang baru sebatas rencana ? Sementara akibat yang kakak sebutkan justru hasil dari program dan implementasi yang ada sekarang. Coba kak kok bisa ga sinkron begitu ?",0,0,1,eliandri_bahtiar,"Padahal masih user MELON ELPIJI, tapi malah dukung pejabat NAIK GAJI!!!"
senjaftaran,@eliandribachtiar Yaudah deh silahkan berbicara tapi ingat-ingat aja sih pak semuanya dipertanggungjawabkan. Sama-sama baca aja sih pak biar sama-sama lebih pinter ngadepin fitnah. Sehat-sehat aja biar tanggal 14 suaranya bisa tersalurkan,0,0,1,eliandri_bahtiar,"Padahal masih user MELON ELPIJI, tapi malah dukung pejabat NAIK GAJI!!!"
azkahanaya,@eliandribachtiar  bıarın aja susah dı sadarın palıngan nan endıngnya pada nangıs dı tıktok.. Mınta turuının pajak.. 😄,0,0,1,eliandri_bahtiar,"Padahal masih user MELON ELPIJI, tapi malah dukung pejabat NAIK GAJI!!!"
de.hamdani,@eliandribachtiar 😂,0,0,1,eliandri_bahtiar,"Padahal masih user MELON ELPIJI, tapi malah dukung pejabat NAIK GAJI!!!"
eliandri_bahtiar,@azkahanaya wkwkwk ya sudah lah huftt,1,0,1,eliandri_bahtiar,"Padahal masih user MELON ELPIJI, tapi malah dukung pejabat NAIK GAJI!!!"
eliandri_bahtiar,"@elsaaftt yg saya bicarakan itu bukan akibatnya brader, yg saya bilang itu sindiran, walaupun yaa emang agak keras sindiran nya ya maap",1,0,1,eliandri_bahtiar,"Padahal masih user MELON ELPIJI, tapi malah dukung pejabat NAIK GAJI!!!"
senjaftaran,"@eliandribachtiar ya allah pak malah makin ga sinkron. Sebegitunya ya ? Ngaku aja loh pak kalau salah, lebih bijak kaya gitu daripada membenarkan diri sendiri lewat alibi",0,0,1,eliandri_bahtiar,"Padahal masih user MELON ELPIJI, tapi malah dukung pejabat NAIK GAJI!!!"
aliyahshanza,"@alif_fauziansyah19 gak ketemu kasih link gan. Justru anies ngmg ""enggak karena umur beliau (gibran) belum genap 40 tahun sesuai aturan konstitusi. Masa kita harus memaksakan? Dan menjadi Unkonstitusi?",0,0,1,eliandri_bahtiar,"Padahal masih user MELON ELPIJI, tapi malah dukung pejabat NAIK GAJI!!!"
alif_fauziansyah19,@aliyahshanza di tunggu gan linknya,0,0,1,eliandri_bahtiar,"Padahal masih user MELON ELPIJI, tapi malah dukung pejabat NAIK GAJI!!!"
aliyahshanza,@alif_fauziansyah19 https://www.detik.com/jateng/berita/d-6886911/respons-anies-soal-kelakar-gibran-tunggu-tawaran-cawapres,0,0,1,eliandri_bahtiar,"Padahal masih user MELON ELPIJI, tapi malah dukung pejabat NAIK GAJI!!!"
aliyahshanza,"@alif_fauziansyah19 ""Bagaimana mungkin menawarkan pada siapa pun, memikirkan siapa pun, yang tidak memenuhi syarat konstitusi,"" ujar Anies Baswedan.
Baca artikel detikjateng, ""Respons Anies soal Kelakar Gibran Tunggu Tawaran Cawapres"" - ujar anies",0,0,1,eliandri_bahtiar,"Padahal masih user MELON ELPIJI, tapi malah dukung pejabat NAIK GAJI!!!"
alif_fauziansyah19,"@aliyahshanza mba baca artikel detiknew tgl 19 agustus 2023.. pernah menawarkan mba,, yg saya kutip pernah menawarkan ya,, karnamas gibran lebih memilih prabowo baru pada heboh,,",0,0,1,eliandri_bahtiar,"Padahal masih user MELON ELPIJI, tapi malah dukung pejabat NAIK GAJI!!!"
aliyahshanza,@alif_fauziansyah19 kirim link mba,0,0,1,eliandri_bahtiar,"Padahal masih user MELON ELPIJI, tapi malah dukung pejabat NAIK GAJI!!!"
alif_fauziansyah19,"@aliyahshanza mohon maaf bgt sudh malam mba tidur dlu lanjut besok lagi,, saya mas buka mba,, 😁 selamat malam mba aliya 🙏🏻",0,0,1,eliandri_bahtiar,"Padahal masih user MELON ELPIJI, tapi malah dukung pejabat NAIK GAJI!!!"
aliyahshanza,@alif_fauziansyah19 https://www.google.com/amp/s/news.detik.com/pemilu/d-6884811/anies-ngaku-belum-tawarkan-posisi-cawapres-ke-siapapun-termasuk-gibran/amp nih tanggal 19 agustus,0,0,1,eliandri_bahtiar,"Padahal masih user MELON ELPIJI, tapi malah dukung pejabat NAIK GAJI!!!"
aliyahshanza,"@alif_fauziansyah19 Anies Ngaku Belum Tawarkan Posisi Cawapres ke Siapapun, Termasuk Gibran
Anggi Muliawati - detikNews
Sabtu, 19 Agu 2023 14:44 WIB. Nih saya kutip tanggal bahkan waktunya",0,0,1,eliandri_bahtiar,"Padahal masih user MELON ELPIJI, tapi malah dukung pejabat NAIK GAJI!!!"
rizki_nurd,@alif_fauziansyah19 gua malah bersyukur anis gak ama gibran.. 😂,0,0,1,eliandri_bahtiar,"Padahal masih user MELON ELPIJI, tapi malah dukung pejabat NAIK GAJI!!!"
wahana_telur_gulung,@eliandribachtiar wkwkwkw,0,0,1,eliandri_bahtiar,"Padahal masih user MELON ELPIJI, tapi malah dukung pejabat NAIK GAJI!!!"
inaafynn,@eliandribachtiar nyangkem,0,0,1,eliandri_bahtiar,"Padahal masih user MELON ELPIJI, tapi malah dukung pejabat NAIK GAJI!!!"
visit_kalsel_new,"@alif_fauziansyah19 karena pak anis tau milih gibran sama dg pelanggaran aturam konstitusi MK 😂, maka ny anis nolak krna patuh tehadap hukum, tidak seenaknya mrubah sprti penguasa 😂",0,0,1,eliandri_bahtiar,"Padahal masih user MELON ELPIJI, tapi malah dukung pejabat NAIK GAJI!!!"
alif_fauziansyah19,"@visit_kalsel_new good,, tunggu tgl 14 ya",1,0,1,eliandri_bahtiar,"Padahal masih user MELON ELPIJI, tapi malah dukung pejabat NAIK GAJI!!!"
hellomarismaaa_,@eliandribachtiar 1. Buka google 2. Ketik doa penyakit hati dan iri dengki 3. amalkan:),0,0,1,eliandri_bahtiar,"Padahal masih user MELON ELPIJI, tapi malah dukung pejabat NAIK GAJI!!!"
aliyahshanza,@visit_kalsel_new ngilang dia dikasih Fakta dan Data 🤣,0,0,1,eliandri_bahtiar,"Padahal masih user MELON ELPIJI, tapi malah dukung pejabat NAIK GAJI!!!"
kasida75,01 ajalah,0,0,0,,
zi_sara9,"Berencana naikin gaji pejabat, naikin pajak, hutang 50% pendukungnya joget kegirangan 🤣",0,0,0,,
littlebutterfly_33,02🙌🔥,0,0,0,,
fitri_aufar,"DARI KASUS TH 2019 JUGA SUDAH TERLIHAT SIAPA PRABOWO 😂😂😂😂😂😂 PETAMBURAN PECAH GARA GARA PRABOWO BILANG MENOLAK HASIL PENGHITUNGAN SUARA eeeeeeh DIA MALAH MASUK ISTANA ..HABIB MASUK PENJATA ,AHMAD DANI DI PENJARA PENDUKUNGNYA BANYAK YG MATI",0,0,0,,
asepgaming434,Bau tanah,0,0,0,,
faayysh,kampanye paling asiekk di thn 2024🔥,0,0,0,,
alieramond,Dari hati tuk rakyat  DAN tulus tuk bangsa ini,0,0,0,,
ilham_aulya,pelanggar konstitusiiii uuuuuuuuy😂😂😂😂,0,0,0,,
gatotsakti,Org² bloon yg rela dinaikan pajaknya utk kenaikan gaji pejabat,0,0,0,,
andri.setiyawan94,01 insyaallah menang,0,0,0,,
stevenfatur,Sepi amat,0,0,0,,
adrauffini,Udah Pasti 01❤,0,0,0,,
endaf697,Sori yee.anies 1 putaran,0,0,0,,
adesangpendosa,❤️❤️❤️AMIN ❤️❤️❤️,0,0,0,,
pakdiditt,Jogettt teroos ampe kembung😂,0,0,0,,
hend3r,"Apapun pertanyaanya masalahnya jawabanya makan siang geratis , 😂😂😂😂 kosong",0,0,0,,
cikall.ridwan,Gas 02 ❤️,0,0,0,,
mami_fahrel,MassyaAllah bpk semoga selalu di berikan kesehatan 🤲 InsyaAllah pak Anis menang 01❤️.,0,0,0,,
kaleng_sarrdeen,"Gua dlu sring ikut ikutan lgi msh sklh, yg pnting bewa masa, dpt nasi kotak sma duit, klo skrg malu 😂",0,0,0,,
anadinarwedding,Sukses dan slalu sehat jasmani dan rohani  pak Prabowo slalu di muliakan dan di bahagia kan Allah SWT ❤️,0,0,0,,
fajarprnmaa,,5,0,0,,
dngstnwhynptri,02😍,0,0,0,,
kholidsansori,AM1N ANIES MUHAIMIN ☝️,0,0,0,,
agustine10_,Sehat slalu bapak❤️❤️,0,0,0,,
agustine10_,02🔥🔥❤️❤️,0,0,0,,
margaretaagusti,Ada yg bilang di manado sepi ftonya ini editan. Kejem bgt yaa 😂😭,0,0,0,,
ijonk___,Kasian pak prabowo udah kyk boneka yg diperalat sm oligarki😢😢,0,0,0,,
b1ntang.bulan,tumben pak wowo ga joget😂,0,0,0,,
niko.l.106,Asal jangan hina Jokowi masyarakat pasti sayang lu,0,0,0,,
oedyn_story,02 sak  bubare 🔥🔥🔥,0,0,0,,
ofcmahesa,Kasian pndkung 01 promosiin cpres nya di lapak 02😢😂,0,2,0,,
ofcmahesa,@kyyhasan_  real kita pasang emot api cuaaksss🔥🔥,0,0,1,ofcmahesa,Kasian pndkung 01 promosiin cpres nya di lapak 02😢😂
delvi_evi68,😂😂😂,0,0,1,ofcmahesa,Kasian pndkung 01 promosiin cpres nya di lapak 02😢😂
ndysukakopi,para artis yang ada di kampanye 02 itu dibayar yagesya.. jadi mereka juga profesional.. nah nanti tanggal 14 beda lagi.. semangat dukung perubahan demi Indonesia lebih baik.. amin❤️,0,0,0,,
mmhricoandrafli,❤️❤️✌💙,0,0,0,,
batikzafi,Amin 01,0,0,0,,
_affiqfaeyza,Oke gass Jangan lupa 14 Februari pilih Amin 01☝,0,0,0,,
dira.yunda,ALL IN FOR PRABOWO GIBRAN 2024 NO ✌🏻2,0,0,0,,
lbnuuu_,Joget in aja sampe mampus,0,0,0,,
jajang_ayu,Prabowo insyaalloh menang ❤️✌🏻,0,0,0,,
munandar2681,Light Blue GEMOY CROWD . AWESOME....!!!,0,0,0,,
darmawati7613,Hidup Prabowo,0,0,0,,
widayantiratna.p,Pak teddy pasti anda sibuk wkwkw,0,0,0,,
qyz_7787,✌️🤲,0,0,0,,
bg_masdim,Pasti menang udah ini satu putaran ✌️,0,0,0,,
raflifanj,Ksian entar jatuh ditengah jalan.,0,0,0,,
reskii_yanti,No 1 dong😍,0,0,0,,
sisaksukseksok,Kapan e bisa ktmu pak Prabowo ingin sekali 😔,0,0,0,,
pua.kading,❤️❤️❤️🤘✌️🤘✌️💪👍,0,0,0,,
deniskaelo,Pak prabowo keren kayak joun cena ..👏👏✌️✌️,0,0,0,,
jaya_selawasee,Datas pnggung sajian mknannya lengkap...yg dbwah triak2 smpk nahan klapran tuk mndukung pejabatnya naik gajinya....sungguh tx berotak pndukungnya😆😆😆,0,0,0,,
djoko_mulyono21,Kok negeri ku jadi begini 😮,0,0,0,,
adenk220,😂😂😂😂😂,0,0,0,,
redha_jewellery,👏👏 01.🇮🇩🇮🇩,0,0,0,,
prasationirwan33,Mantep pak MayTed.. protokoler nya SOP nya.. WASPADA selalu..,0,0,0,,
ulfadwicahyani08,@fero_walandouw,0,0,0,,
ulfadwicahyani08,Yang dukung Paslon 02 aku like ❤️,0,0,0,,
ulfadwicahyani08,Pendukung 01 03 makin memanas😮🔥 Prabowo Gibran gasssss,0,0,0,,
adindzky,🔥❤,0,0,0,,
n_nyinyir,"Kalau liat pak Prabowo, kasihan y. Asam urat atau apa itu. Sehat sehat terus ya bapakkeee❤️❤️❤️❤️❤️❤️. Semoga apa yg bapak cita2kan bisa tercapai tahun ini❤️",0,0,0,,
migdadbarabaa_92,#AMINajaDULU,0,0,0,,
ahmadapandilubis,"Doa ku Hari ini dan Sluruh masyarakat indonesia dari sabang sampe merauke Buat PRABOWO GIBRAN cukup 76% Suara dalam 1 Putaran jgn banyak"" kasih jga suaranya ke yg lain agar bisa bernapas gaskeeunn 02 Semakin Ddpan 🤲🤲🤲",0,0,0,,
awaludindr6,"makhluk ini salah satu pendukung pemimpin yang tantruman dan pelanggar konstitusi, karena jongos nda akan beda jauh sama boss nya,. 😂#SalamPejuangPerubahan",0,0,0,,
rahmankurniwan,Buat para petinggi aman nanti gaji pejabat di naikan sedangkan rakyatnya di naikan pajak nya 😂😂,0,0,0,,
manurung.citra,MasyaAllah Tabarakallah Pak Anies Baswedan MENANG 2 putaran aamiin ya Allah 🤲,0,0,0,,
enoxsinta_,Padahl udh kaya,0,0,0,,
enoxsinta_,Artis g mau kekurangan dui,0,0,0,,
fani_eveline,Kalo di liat orang luar malu ga si?,0,0,0,,
yunii338,02 pasti menang🤲🤲❤,0,0,0,,
ekaa.citraaa,MasyaAllah all in mas bowo gemoyyy👏😍,0,0,0,,
andri_frnnd,"Rasulullah Saw telah menegaskan kepada kita ;
""Barangsiapa yang mengangkat seseorang untuk suatu jabatan (sebagai pemimpin) yang berkaitan dengan urusan masyarakat sedangkan dia mengetahui ada yang lebih tepat, maka sesungguhnya ia telah mengkhianati Allah, Rasul dan kaum muslimin lainnya”. Sabda Nabi lainnya; “Bagaimana keadaan kalian, demikian pula ditetapkan oleh penguasa (pemimpin) atas kalian”. Pepatah Arab telah menegaskan bahwa; “Sebagaimana adanya dirimu, begitulah pemimpin yang akan memimpinmu”. Maknanya adalah; Pilihlah pemimpin yang tepat, jangan memilih pemimpin yang tidak atau belum layak/pantas untuk memimpin, apalagi memilih pemimpin yang maju dengan cara-cara melanggar hukum sementara pemimpin yang lebih layak/pantas justru kita abaikan, karena pemimpin itu ibarat cerminan dari masyarakatnya. Pemimpin yang baik adalah pemimpin yang dapat menangkap aspirasi masyarakatnya, sedangkan masyarakat yang baik adalah masyarakat yang berusaha mewujudkan pemimpin yang dapat menyalurkan aspirasi mereka”.
*dikutip dari M. Quraish Shihab (1994) dalam bukunya “Lentera hati”",34,16,0,,
nardarf,@tommy_alvian ❤️❤️❤️,0,0,1,andri_frnnd,"Rasulullah Saw telah menegaskan kepada kita ;
""Barangsiapa yang mengangkat seseorang untuk suatu jabatan (sebagai pemimpin) yang berkaitan dengan urusan masyarakat sedangkan dia mengetahui ada yang lebih tepat, maka sesungguhnya ia telah mengkhianati Allah, Rasul dan kaum muslimin lainnya”. Sabda Nabi lainnya; “Bagaimana keadaan kalian, demikian pula ditetapkan oleh penguasa (pemimpin) atas kalian”. Pepatah Arab telah menegaskan bahwa; “Sebagaimana adanya dirimu, begitulah pemimpin yang akan memimpinmu”. Maknanya adalah; Pilihlah pemimpin yang tepat, jangan memilih pemimpin yang tidak atau belum layak/pantas untuk memimpin, apalagi memilih pemimpin yang maju dengan cara-cara melanggar hukum sementara pemimpin yang lebih layak/pantas justru kita abaikan, karena pemimpin itu ibarat cerminan dari masyarakatnya. Pemimpin yang baik adalah pemimpin yang dapat menangkap aspirasi masyarakatnya, sedangkan masyarakat yang baik adalah masyarakat yang berusaha mewujudkan pemimpin yang dapat menyalurkan aspirasi mereka”.
*dikutip dari M. Quraish Shihab (1994) dalam bukunya “Lentera hati”"
ap16___,@tommy_alvian AMIN KAN☝🏽🔥🔥🔥,0,0,1,andri_frnnd,"Rasulullah Saw telah menegaskan kepada kita ;
""Barangsiapa yang mengangkat seseorang untuk suatu jabatan (sebagai pemimpin) yang berkaitan dengan urusan masyarakat sedangkan dia mengetahui ada yang lebih tepat, maka sesungguhnya ia telah mengkhianati Allah, Rasul dan kaum muslimin lainnya”. Sabda Nabi lainnya; “Bagaimana keadaan kalian, demikian pula ditetapkan oleh penguasa (pemimpin) atas kalian”. Pepatah Arab telah menegaskan bahwa; “Sebagaimana adanya dirimu, begitulah pemimpin yang akan memimpinmu”. Maknanya adalah; Pilihlah pemimpin yang tepat, jangan memilih pemimpin yang tidak atau belum layak/pantas untuk memimpin, apalagi memilih pemimpin yang maju dengan cara-cara melanggar hukum sementara pemimpin yang lebih layak/pantas justru kita abaikan, karena pemimpin itu ibarat cerminan dari masyarakatnya. Pemimpin yang baik adalah pemimpin yang dapat menangkap aspirasi masyarakatnya, sedangkan masyarakat yang baik adalah masyarakat yang berusaha mewujudkan pemimpin yang dapat menyalurkan aspirasi mereka”.
*dikutip dari M. Quraish Shihab (1994) dalam bukunya “Lentera hati”"
senjaftaran,"@tommy_alvian Khianat, dusta dan Adu domba itu sifat tercela kan kak ? Dan tentunya munafik serta fitnah lebih buruk lagi",0,0,1,andri_frnnd,"Rasulullah Saw telah menegaskan kepada kita ;
""Barangsiapa yang mengangkat seseorang untuk suatu jabatan (sebagai pemimpin) yang berkaitan dengan urusan masyarakat sedangkan dia mengetahui ada yang lebih tepat, maka sesungguhnya ia telah mengkhianati Allah, Rasul dan kaum muslimin lainnya”. Sabda Nabi lainnya; “Bagaimana keadaan kalian, demikian pula ditetapkan oleh penguasa (pemimpin) atas kalian”. Pepatah Arab telah menegaskan bahwa; “Sebagaimana adanya dirimu, begitulah pemimpin yang akan memimpinmu”. Maknanya adalah; Pilihlah pemimpin yang tepat, jangan memilih pemimpin yang tidak atau belum layak/pantas untuk memimpin, apalagi memilih pemimpin yang maju dengan cara-cara melanggar hukum sementara pemimpin yang lebih layak/pantas justru kita abaikan, karena pemimpin itu ibarat cerminan dari masyarakatnya. Pemimpin yang baik adalah pemimpin yang dapat menangkap aspirasi masyarakatnya, sedangkan masyarakat yang baik adalah masyarakat yang berusaha mewujudkan pemimpin yang dapat menyalurkan aspirasi mereka”.
*dikutip dari M. Quraish Shihab (1994) dalam bukunya “Lentera hati”"
tembotttt_,@tommy_alvian 🤍,0,0,1,andri_frnnd,"Rasulullah Saw telah menegaskan kepada kita ;
""Barangsiapa yang mengangkat seseorang untuk suatu jabatan (sebagai pemimpin) yang berkaitan dengan urusan masyarakat sedangkan dia mengetahui ada yang lebih tepat, maka sesungguhnya ia telah mengkhianati Allah, Rasul dan kaum muslimin lainnya”. Sabda Nabi lainnya; “Bagaimana keadaan kalian, demikian pula ditetapkan oleh penguasa (pemimpin) atas kalian”. Pepatah Arab telah menegaskan bahwa; “Sebagaimana adanya dirimu, begitulah pemimpin yang akan memimpinmu”. Maknanya adalah; Pilihlah pemimpin yang tepat, jangan memilih pemimpin yang tidak atau belum layak/pantas untuk memimpin, apalagi memilih pemimpin yang maju dengan cara-cara melanggar hukum sementara pemimpin yang lebih layak/pantas justru kita abaikan, karena pemimpin itu ibarat cerminan dari masyarakatnya. Pemimpin yang baik adalah pemimpin yang dapat menangkap aspirasi masyarakatnya, sedangkan masyarakat yang baik adalah masyarakat yang berusaha mewujudkan pemimpin yang dapat menyalurkan aspirasi mereka”.
*dikutip dari M. Quraish Shihab (1994) dalam bukunya “Lentera hati”"
fandhy_althafghibran,"@tommy_alvian ""sebaik-baik manusia adalah yang bermanfaat bagi manusia lain ""
,dan sy lht rekam jejak itu ada pd pak prabowo 🔥 ,,,
Beda sma paslon seblh yg mnurut pndukungnya alim cerdas ,justru sy lht rekam jejaknya,suka ingkar janji,playing victm,fitnah dan smua itu ada rekam jejaknya smua.",2,0,1,andri_frnnd,"Rasulullah Saw telah menegaskan kepada kita ;
""Barangsiapa yang mengangkat seseorang untuk suatu jabatan (sebagai pemimpin) yang berkaitan dengan urusan masyarakat sedangkan dia mengetahui ada yang lebih tepat, maka sesungguhnya ia telah mengkhianati Allah, Rasul dan kaum muslimin lainnya”. Sabda Nabi lainnya; “Bagaimana keadaan kalian, demikian pula ditetapkan oleh penguasa (pemimpin) atas kalian”. Pepatah Arab telah menegaskan bahwa; “Sebagaimana adanya dirimu, begitulah pemimpin yang akan memimpinmu”. Maknanya adalah; Pilihlah pemimpin yang tepat, jangan memilih pemimpin yang tidak atau belum layak/pantas untuk memimpin, apalagi memilih pemimpin yang maju dengan cara-cara melanggar hukum sementara pemimpin yang lebih layak/pantas justru kita abaikan, karena pemimpin itu ibarat cerminan dari masyarakatnya. Pemimpin yang baik adalah pemimpin yang dapat menangkap aspirasi masyarakatnya, sedangkan masyarakat yang baik adalah masyarakat yang berusaha mewujudkan pemimpin yang dapat menyalurkan aspirasi mereka”.
*dikutip dari M. Quraish Shihab (1994) dalam bukunya “Lentera hati”"
kiky_260981,"@vandhy_althaf nanem singkong juga yg tumbuh jagun😂😂😂,yg mn yg ingkar janji sebutin dong",0,0,1,andri_frnnd,"Rasulullah Saw telah menegaskan kepada kita ;
""Barangsiapa yang mengangkat seseorang untuk suatu jabatan (sebagai pemimpin) yang berkaitan dengan urusan masyarakat sedangkan dia mengetahui ada yang lebih tepat, maka sesungguhnya ia telah mengkhianati Allah, Rasul dan kaum muslimin lainnya”. Sabda Nabi lainnya; “Bagaimana keadaan kalian, demikian pula ditetapkan oleh penguasa (pemimpin) atas kalian”. Pepatah Arab telah menegaskan bahwa; “Sebagaimana adanya dirimu, begitulah pemimpin yang akan memimpinmu”. Maknanya adalah; Pilihlah pemimpin yang tepat, jangan memilih pemimpin yang tidak atau belum layak/pantas untuk memimpin, apalagi memilih pemimpin yang maju dengan cara-cara melanggar hukum sementara pemimpin yang lebih layak/pantas justru kita abaikan, karena pemimpin itu ibarat cerminan dari masyarakatnya. Pemimpin yang baik adalah pemimpin yang dapat menangkap aspirasi masyarakatnya, sedangkan masyarakat yang baik adalah masyarakat yang berusaha mewujudkan pemimpin yang dapat menyalurkan aspirasi mereka”.
*dikutip dari M. Quraish Shihab (1994) dalam bukunya “Lentera hati”"
vanessmf_2254,@tommy_alvian terus kampanye dimesjid apa Mba bukanya buat ibadah yah rumah Allah lagi bukan buat kampanye bahkan ada dan tertulis di AL-QUR'AN,0,0,1,andri_frnnd,"Rasulullah Saw telah menegaskan kepada kita ;
""Barangsiapa yang mengangkat seseorang untuk suatu jabatan (sebagai pemimpin) yang berkaitan dengan urusan masyarakat sedangkan dia mengetahui ada yang lebih tepat, maka sesungguhnya ia telah mengkhianati Allah, Rasul dan kaum muslimin lainnya”. Sabda Nabi lainnya; “Bagaimana keadaan kalian, demikian pula ditetapkan oleh penguasa (pemimpin) atas kalian”. Pepatah Arab telah menegaskan bahwa; “Sebagaimana adanya dirimu, begitulah pemimpin yang akan memimpinmu”. Maknanya adalah; Pilihlah pemimpin yang tepat, jangan memilih pemimpin yang tidak atau belum layak/pantas untuk memimpin, apalagi memilih pemimpin yang maju dengan cara-cara melanggar hukum sementara pemimpin yang lebih layak/pantas justru kita abaikan, karena pemimpin itu ibarat cerminan dari masyarakatnya. Pemimpin yang baik adalah pemimpin yang dapat menangkap aspirasi masyarakatnya, sedangkan masyarakat yang baik adalah masyarakat yang berusaha mewujudkan pemimpin yang dapat menyalurkan aspirasi mereka”.
*dikutip dari M. Quraish Shihab (1994) dalam bukunya “Lentera hati”"
gebezimi,@vandhy_althaf rekam jejak dipec4t karena H4M maksudnya? 🔥,0,0,1,andri_frnnd,"Rasulullah Saw telah menegaskan kepada kita ;
""Barangsiapa yang mengangkat seseorang untuk suatu jabatan (sebagai pemimpin) yang berkaitan dengan urusan masyarakat sedangkan dia mengetahui ada yang lebih tepat, maka sesungguhnya ia telah mengkhianati Allah, Rasul dan kaum muslimin lainnya”. Sabda Nabi lainnya; “Bagaimana keadaan kalian, demikian pula ditetapkan oleh penguasa (pemimpin) atas kalian”. Pepatah Arab telah menegaskan bahwa; “Sebagaimana adanya dirimu, begitulah pemimpin yang akan memimpinmu”. Maknanya adalah; Pilihlah pemimpin yang tepat, jangan memilih pemimpin yang tidak atau belum layak/pantas untuk memimpin, apalagi memilih pemimpin yang maju dengan cara-cara melanggar hukum sementara pemimpin yang lebih layak/pantas justru kita abaikan, karena pemimpin itu ibarat cerminan dari masyarakatnya. Pemimpin yang baik adalah pemimpin yang dapat menangkap aspirasi masyarakatnya, sedangkan masyarakat yang baik adalah masyarakat yang berusaha mewujudkan pemimpin yang dapat menyalurkan aspirasi mereka”.
*dikutip dari M. Quraish Shihab (1994) dalam bukunya “Lentera hati”"
fandhy_althafghibran,"@kiky_260981 baca makanya mba,food estate bkn cm d kalimantan doang d jawa jg ada,dan bnyk macam jenisnya,,,ada jagung ada singkong ada beras,yg trmasuk makanan pokok orng indo...",0,0,1,andri_frnnd,"Rasulullah Saw telah menegaskan kepada kita ;
""Barangsiapa yang mengangkat seseorang untuk suatu jabatan (sebagai pemimpin) yang berkaitan dengan urusan masyarakat sedangkan dia mengetahui ada yang lebih tepat, maka sesungguhnya ia telah mengkhianati Allah, Rasul dan kaum muslimin lainnya”. Sabda Nabi lainnya; “Bagaimana keadaan kalian, demikian pula ditetapkan oleh penguasa (pemimpin) atas kalian”. Pepatah Arab telah menegaskan bahwa; “Sebagaimana adanya dirimu, begitulah pemimpin yang akan memimpinmu”. Maknanya adalah; Pilihlah pemimpin yang tepat, jangan memilih pemimpin yang tidak atau belum layak/pantas untuk memimpin, apalagi memilih pemimpin yang maju dengan cara-cara melanggar hukum sementara pemimpin yang lebih layak/pantas justru kita abaikan, karena pemimpin itu ibarat cerminan dari masyarakatnya. Pemimpin yang baik adalah pemimpin yang dapat menangkap aspirasi masyarakatnya, sedangkan masyarakat yang baik adalah masyarakat yang berusaha mewujudkan pemimpin yang dapat menyalurkan aspirasi mereka”.
*dikutip dari M. Quraish Shihab (1994) dalam bukunya “Lentera hati”"
fandhy_althafghibran,"@gebezimi monggo lht lg ,bnyk"" vidionya ko,knp pak prabowo di pecat bpk wiranto.
Logikanya jh dl atasan yg memecat beliau skrng mlh balik dukung beliau jd capres...kn aneh",0,0,1,andri_frnnd,"Rasulullah Saw telah menegaskan kepada kita ;
""Barangsiapa yang mengangkat seseorang untuk suatu jabatan (sebagai pemimpin) yang berkaitan dengan urusan masyarakat sedangkan dia mengetahui ada yang lebih tepat, maka sesungguhnya ia telah mengkhianati Allah, Rasul dan kaum muslimin lainnya”. Sabda Nabi lainnya; “Bagaimana keadaan kalian, demikian pula ditetapkan oleh penguasa (pemimpin) atas kalian”. Pepatah Arab telah menegaskan bahwa; “Sebagaimana adanya dirimu, begitulah pemimpin yang akan memimpinmu”. Maknanya adalah; Pilihlah pemimpin yang tepat, jangan memilih pemimpin yang tidak atau belum layak/pantas untuk memimpin, apalagi memilih pemimpin yang maju dengan cara-cara melanggar hukum sementara pemimpin yang lebih layak/pantas justru kita abaikan, karena pemimpin itu ibarat cerminan dari masyarakatnya. Pemimpin yang baik adalah pemimpin yang dapat menangkap aspirasi masyarakatnya, sedangkan masyarakat yang baik adalah masyarakat yang berusaha mewujudkan pemimpin yang dapat menyalurkan aspirasi mereka”.
*dikutip dari M. Quraish Shihab (1994) dalam bukunya “Lentera hati”"
kiky_260981,"@vandhy_althaf kocak ni orang berapa hektar lahan yg wowo rusak hadeuh emang pendukung 02 rada², bener kata RK 😂😂😂",0,0,1,andri_frnnd,"Rasulullah Saw telah menegaskan kepada kita ;
""Barangsiapa yang mengangkat seseorang untuk suatu jabatan (sebagai pemimpin) yang berkaitan dengan urusan masyarakat sedangkan dia mengetahui ada yang lebih tepat, maka sesungguhnya ia telah mengkhianati Allah, Rasul dan kaum muslimin lainnya”. Sabda Nabi lainnya; “Bagaimana keadaan kalian, demikian pula ditetapkan oleh penguasa (pemimpin) atas kalian”. Pepatah Arab telah menegaskan bahwa; “Sebagaimana adanya dirimu, begitulah pemimpin yang akan memimpinmu”. Maknanya adalah; Pilihlah pemimpin yang tepat, jangan memilih pemimpin yang tidak atau belum layak/pantas untuk memimpin, apalagi memilih pemimpin yang maju dengan cara-cara melanggar hukum sementara pemimpin yang lebih layak/pantas justru kita abaikan, karena pemimpin itu ibarat cerminan dari masyarakatnya. Pemimpin yang baik adalah pemimpin yang dapat menangkap aspirasi masyarakatnya, sedangkan masyarakat yang baik adalah masyarakat yang berusaha mewujudkan pemimpin yang dapat menyalurkan aspirasi mereka”.
*dikutip dari M. Quraish Shihab (1994) dalam bukunya “Lentera hati”"
fandhy_althafghibran,"@kiky_260981 sy si g tau pasti sp yg menebang hutan"",krn info yg g pasti,tau tau kita cm d sajikan potongan"" vidio dg narasi yg g tau sumber aslinya...
Hnya sj yg sy Terkait food estate kolaborasi anatra kmentri pertanian,kmntrian PUPR,kmtrian LHK,kemmtrian BUMN,dan kmmtrian menhan,,,jd g bs kita nyalahin cm satu orang,sdngkn mntri menhan bertugas d bidang strategi..dan itu jg blm pasti lahan itu rusak atau dlm proses riset tanahnya.",0,0,1,andri_frnnd,"Rasulullah Saw telah menegaskan kepada kita ;
""Barangsiapa yang mengangkat seseorang untuk suatu jabatan (sebagai pemimpin) yang berkaitan dengan urusan masyarakat sedangkan dia mengetahui ada yang lebih tepat, maka sesungguhnya ia telah mengkhianati Allah, Rasul dan kaum muslimin lainnya”. Sabda Nabi lainnya; “Bagaimana keadaan kalian, demikian pula ditetapkan oleh penguasa (pemimpin) atas kalian”. Pepatah Arab telah menegaskan bahwa; “Sebagaimana adanya dirimu, begitulah pemimpin yang akan memimpinmu”. Maknanya adalah; Pilihlah pemimpin yang tepat, jangan memilih pemimpin yang tidak atau belum layak/pantas untuk memimpin, apalagi memilih pemimpin yang maju dengan cara-cara melanggar hukum sementara pemimpin yang lebih layak/pantas justru kita abaikan, karena pemimpin itu ibarat cerminan dari masyarakatnya. Pemimpin yang baik adalah pemimpin yang dapat menangkap aspirasi masyarakatnya, sedangkan masyarakat yang baik adalah masyarakat yang berusaha mewujudkan pemimpin yang dapat menyalurkan aspirasi mereka”.
*dikutip dari M. Quraish Shihab (1994) dalam bukunya “Lentera hati”"
fandhy_althafghibran,"@kiky_260981 tp lw bner prabowo yg merusak mohon tunjukan bukti pastinya atau artikel yg menyangkut ttg rusaknya lahan itu,,anda ngomong bgtu pasti punya buktinya kn,?,andakn pendukung yg cerdas☺️",0,0,1,andri_frnnd,"Rasulullah Saw telah menegaskan kepada kita ;
""Barangsiapa yang mengangkat seseorang untuk suatu jabatan (sebagai pemimpin) yang berkaitan dengan urusan masyarakat sedangkan dia mengetahui ada yang lebih tepat, maka sesungguhnya ia telah mengkhianati Allah, Rasul dan kaum muslimin lainnya”. Sabda Nabi lainnya; “Bagaimana keadaan kalian, demikian pula ditetapkan oleh penguasa (pemimpin) atas kalian”. Pepatah Arab telah menegaskan bahwa; “Sebagaimana adanya dirimu, begitulah pemimpin yang akan memimpinmu”. Maknanya adalah; Pilihlah pemimpin yang tepat, jangan memilih pemimpin yang tidak atau belum layak/pantas untuk memimpin, apalagi memilih pemimpin yang maju dengan cara-cara melanggar hukum sementara pemimpin yang lebih layak/pantas justru kita abaikan, karena pemimpin itu ibarat cerminan dari masyarakatnya. Pemimpin yang baik adalah pemimpin yang dapat menangkap aspirasi masyarakatnya, sedangkan masyarakat yang baik adalah masyarakat yang berusaha mewujudkan pemimpin yang dapat menyalurkan aspirasi mereka”.
*dikutip dari M. Quraish Shihab (1994) dalam bukunya “Lentera hati”"
dika.dip,"@tommy_alvian mohon maaf ya melanggar hukum yang mana?emang ga boleh anak muda jadi pemimpin,kalau mampu kenapa tidak,justru dgn putusan MK itu memberi peluang untuk semua anak muda ikut kontestasi.",0,0,1,andri_frnnd,"Rasulullah Saw telah menegaskan kepada kita ;
""Barangsiapa yang mengangkat seseorang untuk suatu jabatan (sebagai pemimpin) yang berkaitan dengan urusan masyarakat sedangkan dia mengetahui ada yang lebih tepat, maka sesungguhnya ia telah mengkhianati Allah, Rasul dan kaum muslimin lainnya”. Sabda Nabi lainnya; “Bagaimana keadaan kalian, demikian pula ditetapkan oleh penguasa (pemimpin) atas kalian”. Pepatah Arab telah menegaskan bahwa; “Sebagaimana adanya dirimu, begitulah pemimpin yang akan memimpinmu”. Maknanya adalah; Pilihlah pemimpin yang tepat, jangan memilih pemimpin yang tidak atau belum layak/pantas untuk memimpin, apalagi memilih pemimpin yang maju dengan cara-cara melanggar hukum sementara pemimpin yang lebih layak/pantas justru kita abaikan, karena pemimpin itu ibarat cerminan dari masyarakatnya. Pemimpin yang baik adalah pemimpin yang dapat menangkap aspirasi masyarakatnya, sedangkan masyarakat yang baik adalah masyarakat yang berusaha mewujudkan pemimpin yang dapat menyalurkan aspirasi mereka”.
*dikutip dari M. Quraish Shihab (1994) dalam bukunya “Lentera hati”"
dika.dip,@tommy_alvian InsyaAlloh nanti akan Alloh tunjukan siapa yang anda maksud melanggar hukum.,0,0,1,andri_frnnd,"Rasulullah Saw telah menegaskan kepada kita ;
""Barangsiapa yang mengangkat seseorang untuk suatu jabatan (sebagai pemimpin) yang berkaitan dengan urusan masyarakat sedangkan dia mengetahui ada yang lebih tepat, maka sesungguhnya ia telah mengkhianati Allah, Rasul dan kaum muslimin lainnya”. Sabda Nabi lainnya; “Bagaimana keadaan kalian, demikian pula ditetapkan oleh penguasa (pemimpin) atas kalian”. Pepatah Arab telah menegaskan bahwa; “Sebagaimana adanya dirimu, begitulah pemimpin yang akan memimpinmu”. Maknanya adalah; Pilihlah pemimpin yang tepat, jangan memilih pemimpin yang tidak atau belum layak/pantas untuk memimpin, apalagi memilih pemimpin yang maju dengan cara-cara melanggar hukum sementara pemimpin yang lebih layak/pantas justru kita abaikan, karena pemimpin itu ibarat cerminan dari masyarakatnya. Pemimpin yang baik adalah pemimpin yang dapat menangkap aspirasi masyarakatnya, sedangkan masyarakat yang baik adalah masyarakat yang berusaha mewujudkan pemimpin yang dapat menyalurkan aspirasi mereka”.
*dikutip dari M. Quraish Shihab (1994) dalam bukunya “Lentera hati”"
fandhy_althafghibran,@kiky_260981 kmn ne orang di ksh fakta lngsng membisu?,0,0,1,andri_frnnd,"Rasulullah Saw telah menegaskan kepada kita ;
""Barangsiapa yang mengangkat seseorang untuk suatu jabatan (sebagai pemimpin) yang berkaitan dengan urusan masyarakat sedangkan dia mengetahui ada yang lebih tepat, maka sesungguhnya ia telah mengkhianati Allah, Rasul dan kaum muslimin lainnya”. Sabda Nabi lainnya; “Bagaimana keadaan kalian, demikian pula ditetapkan oleh penguasa (pemimpin) atas kalian”. Pepatah Arab telah menegaskan bahwa; “Sebagaimana adanya dirimu, begitulah pemimpin yang akan memimpinmu”. Maknanya adalah; Pilihlah pemimpin yang tepat, jangan memilih pemimpin yang tidak atau belum layak/pantas untuk memimpin, apalagi memilih pemimpin yang maju dengan cara-cara melanggar hukum sementara pemimpin yang lebih layak/pantas justru kita abaikan, karena pemimpin itu ibarat cerminan dari masyarakatnya. Pemimpin yang baik adalah pemimpin yang dapat menangkap aspirasi masyarakatnya, sedangkan masyarakat yang baik adalah masyarakat yang berusaha mewujudkan pemimpin yang dapat menyalurkan aspirasi mereka”.
*dikutip dari M. Quraish Shihab (1994) dalam bukunya “Lentera hati”"
fery_akbar_husen,1,0,0,0,,
powerranger802,"Prabowo ditanya jawabnya = makan gratis, gibran jawabnya = hilirisasi, pendukungnya all in .. 02 kapan ga gobloknya sih",0,0,0,,
mama_anggie_,"Artis2 ini gk pakai logika,udh tau paslon salah melanggar konstitusi malah didukung....pasti ada something😂",0,0,0,,
fit3sr,All in Prabowo Gibran ✌️,0,0,0,,
qq_andayani,"Kok gx bilang2 ada artis2nya, mw datang lihat artis",0,0,0,,
mhdzulfahmizaldhi,Jalannya Uda GK balance ya pak,0,0,0,,
hjnanap,"Woyy bpk prabiwo bukan berambisi soal isi kantongx ya, bpk prabowo sdh jdi org kaya dluan, dia mau jdi presiden demi indonesi , jgn jelek2kn bpk prabowi klo cuma pisikx,liat dlu perjuangan nya ,dia lah yg terhebat dan pemberani ❤️",0,0,0,,
kadek_juniati24,❤️❤️❤️,0,0,0,,
hjnanap,"Ini bukan editan loohh,smoga bpk prabowo slalu dlm lindungan allah, salam ✌️ jari sy slalu tetap coblos no 02",0,0,0,,
bobsky_bobsky,Freedom For Palestine 🇵🇸🇵🇸🇮🇩🇵🇸🇵🇸🇮🇩,0,0,0,,
ocampbrutus,01 AMIN aja dulu,0,0,0,,
aalmadinahparfum,Tetep pak Anis pilihan saya 😍,0,0,0,,
juprinadi07_,Kalau ada kampanye di bangka okee gass lahh ini,0,0,0,,
gerhana_abady,Kata myted : bapak maju dlu nanti mutar baru duduk...😎,3,0,0,,
_juned1_,Pincang,0,0,0,,
sapaaaniiee03,"Coba dong alasannya apa milih 02 ? Soalnya yg bolak balik muncul cuma joget"" doang",0,0,0,,
merlymende,no 2 toraaaang gasss 🩵✌️,0,0,0,,
rezaa.saputraaaa,"Heran aja, masih ada aja yg dukung 02 🤭",0,0,0,,
irham.zru,Tetap Anis😍😍😍😍😍😍,0,0,0,,
rezaa.saputraaaa,Tetep Amin 01 ❤️,0,0,0,,
mafitariouzs,AMIN AJA DULU🔥🔥🔥,0,0,0,,
rizki_pe_,Menyala abangku🔥,0,0,0,,
anitarafa284,"suka merinding kalau lihat bapak kampanye ,,sehat2 trus  ya pak ❤️",0,0,0,,
wendihendraa,Mimpin rumah tangga aja bubar apalagi negara,0,0,0,,
reyyhan__11,kok sepi ya,12,13,0,,
reyyhan__11,@reyyhan__11 ucap pendukung 01,3,0,1,reyyhan__11,kok sepi ya
grafis.tama,"@reyyhan__11 >> PERUBAHAN ITU ADA 4 <<
1. Melanjutkan yg sudah baik
2. Memperbaiki yg perlu dikaji ulang
3. Menghentikan yang salah
4. Membawa hal baru yg lebih baik
""- Anies Baswedan""
.
INI GA PERNAH MUNCUL KALAU KITA CUMA LIHAT POSTINGAN2 DARI KUBU Jkowi/02 yg selalu bilang Perubahan = Reversed to 0.
 Yuk obyektif dlm menilai karena sy 2014 bersama Jokowi & 2019 Prabowo.. selalu bandingkan !! Fahami Algoritma Sosial media, ketika kita consong suka 1 hal maka kita akan selalu disuguhkan konten yg subyektif tentang 1 sisi..
.
Jangan terjebak konten drama, intrik, fitnahan, hiburan sampai kita lupa esensi mencari presiden adalah dgn membandingan GAGASAN, Track Record serta minimal org2 dibelakangnya mempunyai indeks rendah thdp korupsi. (Cek google)
.
YANG BILANG IKN DIBATALKAN MAAF Perbanyak literasi, bedakan Batal sama membagi mengkaji ulang anggaran.. Yg skrg terlalu ambisi dan ugal2an sampai berhutang, emg siapa yg mau bayar hutang? KALIAN YG DUKUNG 02?? ENGGA , KITA JUGA YG DUKUNG 01 KENA !! Rasional pls, Terutama kaum2 anak muda dan Gen Z msih banyak jadi korban Fomo sosmed & tktok",3,0,1,reyyhan__11,kok sepi ya
grafis.tama,"@reyyhan__11 (BUAT RAKYAT KALIMANTAN) yg masih salah memaknai IKN..
.
Pertanyaan sederhana :
1. Bagaimana biaya hidup disana?
2. Kalau kalian dikasih pilihan, negara punya uang untuk memajukan infrastruktur sprti : Jalan, Tol, Rel Kereta dan membangun komoditi prioritas didaerah kalian agar tercipta ekonomi mandiri, lapangan kerja terbuka sampai bahan pokok TIDAK bergantung pada impor dan logistik dari jawa ? ATAU melihat uang yg kita punya (DAN BELUM CUKUP) Hanya utk melihat bangunan megah yang kalian bahkan tidak bisa menikmatinya...
.
Pikirkan mana yg akan lebih cepat 5 tahun kedepan manfaat yg akan anda rasakan utk menekan kesulitan dan biaya hidup tinggi disana ?
.
Pemerintah dimanapun lokasinya, TIDAK AKAN MENJAMIN BIAYA HIDUP MURAH SELAGI CARA MENGGUNAKAN ANGGARANNYA TDK TEPAT SASARAN..
.
LALU, alasan utk PEMERATAAN pembangunan?
Berarti kalau slsai diKalimantan? iKN akan pindah2 dong, ke Sumatera, sulawesi, maluku sampai Papua? Gitu? Atau hanya karena lahan IKN itu adalah milik PT ""personal"" keluarga Pr4bow*?
.
Bagaimana jika Uang tersebut kita bagi ke 40Kota yg sudah ada, sehingga ekonomi wilayah terbangun, dan akhirnya akan menekan urbanisasi dan meminimalisir bergantungan dengan Jawa???
.
*IKN tetap akan berjalan ko krena sudah masuk UU
Tapi saya mengajak anda brfikir jangka pendek mana yg lebih berdampak pada hidup kamu❓",0,0,1,reyyhan__11,kok sepi ya
reyyhan__11,"@grafik.utama bicara tentang KONTEN DRAMA 😁 maaf maaf nih ya kan ada nih baru"" AJA DARI KADER YANG ONO NYAMAR JDI NELAYAN 🤣 HANYA MENGINGATKAN",2,0,1,reyyhan__11,kok sepi ya
grafis.tama,@reyyhan__11 monggo sharelink nya... Biar kami crosscheck,0,0,1,reyyhan__11,kok sepi ya
reyyhan__11,@grafik.utama ni serius nih lu ga tau ADA KADER YANG NYAMAR JADI NELAYAN TERUS DIA SOK SOK AN AKTING SI PALING TERSAKITI 🤣🤣🤣🤣🗿🗿🗿🗿🗿 SERIUSAN LU GA TAU NIH ????,1,0,1,reyyhan__11,kok sepi ya
tembotttt_,@grafik.utama 🤍,0,0,1,reyyhan__11,kok sepi ya
grafis.tama,"@reyyhan__11 Perhatikan gesture pak Anies, klo jujur km psti sadar Pak Anies juga aneh sm org itu... Kayanya mungkin itu hal diluar dugaan beliau, entah apa motif dibalik itu, simple !! Pilih Anies bukan karena ada oknum Caleg itu, Caleg itu silahkan jgn dipilih..",1,0,1,reyyhan__11,kok sepi ya
grafis.tama,"@reyyhan__11 Jadi gini mas, Caleg itu dia memang berasal dri anak nelayan, dan keluarga nelayan, kalaupun dia memang sengaja sperti itu, tapi selagi memang itu yg dirasakan nelayan ya wajar saja, toh anak nelayan pun Nyaleg ga salah toh ?  https://www.instagram.com/reel/C3Efn4pSlWp/?igsh=d2I3N3J0eGRkanlp",1,0,1,reyyhan__11,kok sepi ya
belalang_tongkat,@grafik.utama modal bct sma jual agama emang bisa?? yang bner aje.,0,0,1,reyyhan__11,kok sepi ya
abdul_azzis23,"@reyyhan__11 😂nyamar jadi nelayan,,, dia caleg dan juga nelayan makanya dia tahu apa yg sulit dari nelayan... Terus lu kira nelayan ga boleh nyaleg ... Lebih parah Joko rekayasa tukang jahit buat lawan Gibran jadi walikota solo",0,0,1,reyyhan__11,kok sepi ya
abdul_azzis23,@belalang_tongkat ini stress modal bacol dan jual agama emg bisa 😂😂😂 bener kata Ridwan Kamil 🤦,0,0,1,reyyhan__11,kok sepi ya
dheaaclara_xyz,@reyyhan__11 matamu picek ta ye?,0,0,1,reyyhan__11,kok sepi ya
zain_b.n,Perubahan 01 ☝🏻,0,0,0,,
zain_b.n,01 ☝🏻,0,0,0,,
destusheny_,MAKIN ANIES...❤️❤️❤️😍😍😍,0,0,0,,
imiiytll_,syg bgt tgl 10 gbs liat di gbk😭,0,0,0,,
vilkyy_jiu,pendukung anis panas ya guys 😛🤭🤣,0,0,0,,
hendradoni404.dh,01,0,0,0,,
guruh12021,Kapan bapak ke Lampung mau peluk mau nangis aku dri dulu 02 ngk pernah kmnh mana pak menang menang,0,0,0,,
celix_one,Jalan yg lurus donk🤣😂,0,0,0,,
nuna_ve_12,Rabun nih panas yeee pasang tuh mata bang tuh banyak rakyat 😂,0,0,0,,
_sofiraa,masyaallah terharu nya aku😭💙💙💙,0,0,0,,
liaharyanto3,tolong untuk pendukung paslon 01 dan 03 kalau memang tidak memilih pak prabowo sebaik nya jangan membuli beliau... Apa yg pak prabowo sudah lakukan kita belum tentu bisa seperti beliau❤️.. All in prabowo gibran_02 menang😍😍❤️❤️,0,0,0,,
amnibodall_,"Mending ini dari pada sono maksa maksa terus sampe bilang yang gak milih 01 gak punya akal sehat gak ada otak, lah pengen yang ngomong gtu d panggil mbak nana tanya2 gitu mbak atas dasar apa mereka blg org bodoh 🤧 takut aja sih lama lama pendukungnya gila maksain kehendak wkwk",0,0,0,,
a.g_pratama,01🔥🔥❤️,144,0,0,,
yudi_yanhard,"Datang itu assalamualaikum dulu,sapa,tanya pendukungnya ini malah langsung main disco aja🗿",0,0,0,,
amroziaziz,"Si calon yg banyak polemik,???? Sadar kawann",0,0,0,,
mudimah0115,Tiap kampanye cuman joget2 plus curhat sama pendukung nya..kapan mau ngasih.janji politik nya wok..wok..emang nya itu discotik pulang pada keringetan joget.. badan lemes bisa kena stroke lagi,0,0,0,,
hardi.ap34,BANG DAH CAIR 2M NYA..DI BAYAR DI DEPAN KAN GAK BERTAHAP TAKUT NANTI GAK KEPILIH BANG DAH CAPEK CAPEK KERJA GAK FULL BAYARNYA..BAGI BAGI DONG BANG TUTOR BIAR DAPATNYA....ENAK YA JADI ARTIS/INFLUENSER JURKAM DINEGARA KONOHA BISA DAPAT BAYARAN BER MILYARAN TERGANTUNG POPULARITAS#ARTISDINEGARAKONOHAIKUTJURKAM,0,0,0,,
hasminamanente,Mantap bonar pilihan Jokowi somogah indo bersatu  buat maju  indo  merdeka mari kita bersatu  bersenang senang monikmati  hidup tampah ber utang amin maju dua,0,0,0,,
abi7378,Gagasannya mana pak... Jgn joget2 trs pak ntr capek lo😂,0,0,0,,
be_duel,Salam 4 jari,0,0,0,,
irfandisarfi,Ondee orang2 aneh,0,0,0,,
fandy_dyx,"Sorry yeee, kami gak butuh badut #asalbukanprabowo",0,0,0,,
fandy_dyx,Anies presiden Anies presiden Anies presiden❤️,0,0,0,,
fandy_dyx,Anies presiden Anies presiden Anies presiden🔥,0,0,0,,
fandy_dyx,Dah dibayar berapa kau dek?????,0,0,0,,
gletsbastian,Cuma segitu gak ada apa2 nya dengan kampanye pak Anies di medan,0,0,0,,
ari.yan1017,Semakin yakin 01,0,0,0,,
kikie_ano,Nomor 2 coblos gas✌️🩵🩵,0,0,0,,
hamdhaniasgar,Pilih yang cerdas kita jatuh masa di jogedin😂😂😂,0,0,0,,
djaya_jaya78,#asaljanganprabowopresiden,0,0,0,,
marlinabadri,Artis dukung 02 rakyat dukung 01,0,0,0,,
imelnutrisa_,❤❤,0,0,0,,
djoko.wahono.75098,Semoga di usia senja kita nanti lebih di dekatkan kepada sang pencipta.. Bukan masih mikirin dunia... Amin,0,0,0,,
pajarj_,NOMOR DUA TORANG GAS 😝✌🏻🇮🇩🇮🇩🇮🇩,0,0,0,,
crlithaaaa,@arie_kriting  ini edit bang 🤭🤣😁,0,0,0,,
ha.sanah9707,Sebanyak ini pendukung kalau sempat kalah juga kan yg enggak lagi tu,0,0,0,,
ro.my_sinaga,Amin 01,0,0,0,,
mamat_idn,"Sudah ada beberapa selebgram yg buka bukaan bilang saya mau di bayar gede buat bikin vidio vidio tentang salah satu paslon, tapi saya tolak karna sesuatu hal, siapa kira kira paslonnya😂",0,0,0,,
fatur56182,ALL INN PRABOWO 🔥,0,0,0,,
bngjo95,Ingat tidak ada makan siang gratis 😂,0,0,0,,
khanzamedi,🔥🔥✌✌💙💙🥰🥰,0,0,0,,
ayurajiedi,Ok gas✌️,0,0,0,,
dian.zarina.rahmi,"Istirahat paaak, lelah banget keliatannya, 
Insya Allah nanti sehat sehat apapun hasil pemilunya
Ingat apapun masalahnya solusi beliau makan siang gratis
Gaji pejabat akan dinaikkan, untuk masyarakat pajak dinaikkan
Semoga Indonesia terus berSATU
☝🏻☝🏻☝🏻",0,0,0,,
ilhammangka,Kami butuh gagasan bukan jogetan. Saatnya perubahan #01🔥,0,0,0,,
_supartabagus_,✌️✌️,0,0,0,,
hasyim8143,Hanya satu putaran dan hanya satu pilihan Al in Anis❤️,0,0,0,,
rizkyadityasaputa,Sorry ye saya pilih 02 🤪🤪,0,0,0,,
wakanda_kejarta,TETAP 01 DI ERA GEMPURAN JOGET REMATIK DAN TIDAK SIMETRIS 😂,0,0,0,,
dtjdhy,,0,0,0,,
ratu_elang,Pak Prabowo melekat di hati rakyat di seluruh pelosok negri. dialah Negarawan sejati yg cinta Negri dan Anak Negri.In Syaa Allaah terpilih menjadi Presiden RI dan Allaah SWT meridhoi,0,0,0,,
ratu_elang,"Negarawan sejati..itulah Pak Prabowo ,berani mengorbankan hati dan diri demi keutuhan dan kesejahteraan NKRI",0,0,0,,
reang_astriyadi,Yuuppss...Tetap dukung dan pilih Pak Anies Baswedan ☝️☕️,0,0,0,,
shafaruddinarvan,Spill dong prestasinya? Biar bisa pindah ke 02 thks,0,0,0,,
maulidyaa_nuraini,O2 gas,0,0,0,,
royhen202,Kereenn.. Bisa ngundang dancer viral..,0,0,0,,
bidan_nurul,"Pak prabowo itu sangat baik, saya 3x pilih beliau. Tapi ada yg lebih baik dari beliau kawan.. pertimbangkan juga usia dan kesehatan pak prabowo, trus pengalaman gibran sbg wakilnya yg harus siap menggantikan jika ada apa2, jangan pertaruhkan masa depan negeri kita hanya krn uang dan jabatan. Yuk, biar paham makna perubahan itu apa? 1. Meningkatkan yg sudah baik. 2. Mengoreksi yg kurang baik. 3. Menghentikan yang salah. 4. Memberikan hal baik yg baru yg blm ada sebelumnya. Bismillah semoga Allah takdirkan negeri kita dipimpin oleh presiden yg cerdas, santun dan baik akhlaknya. Semoga dipahamkan. Amin.",0,0,0,,
nelcepoli,Mantap 02 GEMOY Prabowo Gibran tetap d HATI ✌️✌️✌️✌️✌️✌️✌️✌️,0,0,0,,
ansori.parker,01 donkkk,0,0,0,,
sulialvirra__,Gemoykuuu @prabroro_subiyatno ❤️❤️❤️,0,0,0,,
dedeilhamr10,AMIN aja dulu,0,0,0,,
denidonal,Sorry unfollow y,0,0,0,,
wiradana_rayuzaim,Mantap Pak Prabow🔥🔥🔥saya pilih Bapak Anis Rasyid Baswedan🔥🔥🔥,0,0,0,,
avisena.dubin,Semakin yakin dgn 01 AMIN..... #salam perubahan,0,0,0,,
lita_normalita,Yang datang kok bisa seragaman ya bajunya 😁,0,0,0,,
fadly_abdullah6685,Nice mayor @tedsky89.fans titip pak prabowo untuk Indonesia ya😇🔥💪,0,0,0,,
anry.sumarna,"Saya 2 kali pilih bapak, skrg waktunya istirahat pak 😢😢 #01 ☝🏻",207,5,0,,
gina.leonita08,Yg di pilih selalu kalah ye😂,0,0,1,anry.sumarna,"Saya 2 kali pilih bapak, skrg waktunya istirahat pak 😢😢 #01 ☝🏻"
anry.sumarna,@gina.leonita08 gpp sih kalah juga 😂😂.. yg ngerasain dampaknya bukan cuma gw doang 🤭😁,1,0,1,anry.sumarna,"Saya 2 kali pilih bapak, skrg waktunya istirahat pak 😢😢 #01 ☝🏻"
insyirahmahdiarafani,"Sama sudah pilih dua kali kalah terus,eh sudah di pemerintahan Jokowi sebagai menteri sudah tau lah cara licik maenkan suara,😂🤣😂",1,0,1,anry.sumarna,"Saya 2 kali pilih bapak, skrg waktunya istirahat pak 😢😢 #01 ☝🏻"
ndnddt660,yauda,0,0,1,anry.sumarna,"Saya 2 kali pilih bapak, skrg waktunya istirahat pak 😢😢 #01 ☝🏻"
dika.dip,Silahkan saya ga mau pilih orang yang banyak omdo nya.,1,0,1,anry.sumarna,"Saya 2 kali pilih bapak, skrg waktunya istirahat pak 😢😢 #01 ☝🏻"
luxman323,Persen kaos takut di culik dimana ya .,0,0,0,,
agus_abngg,Amin 01❤️,0,0,0,,
indrasaktiginting,01 DONK YG TERBAIK❤️,0,0,0,,
random_video132,MANTAP RAME BGT ✌✌✌,0,0,0,,
ataya_tin,Kita rakyat Indonesia yg pintar dan berakhlak mulia pilih pak Anis Presiden RI aamiin ya Allah 😍,0,0,0,,
rizky3235,"Kuliah hukum, dukung nya 02, rugi donk😂😂",0,0,0,,
aloy_oszbourne,💙✌💙✌💙✌💙✌💙✌💙✌💙✌💙✌💙✌💙✌💙✌💙✌💙✌💙✌,0,0,0,,
aisyah_ainapitupulu11,✌🏻,0,0,0,,
ramadhantrii_,Tetap pak anies no 1,0,0,0,,
ph97hery20,"01 donk,jgn kendorr",0,0,0,,
andi_al_afdhol2415,"Lebih kasian ke pak prabowo,sehat selalu pak",0,0,0,,
rahmadi_yusuf012,Amin 01,0,0,0,,
imanfahrozii,Jalan ajah udah ajah ijig😢,0,0,0,,
baba_pudin,Amin❤️,0,0,0,,
dety_n_afrida,Prabowo.... ❤️❤️,0,0,0,,
heru_armnsyah,"Astaghfirullah, jalan nya itu..",0,0,0,,
hendrayani911,✌✌,0,0,0,,
rifany_firmansyah,ALL IN PRABOWO🔥🔥🔥🔥🔥,0,0,0,,
nunungtommy,✌✌✌✌💯💯💯💯❤❤❤❤,0,0,0,,
misteriuz24,01 masih menyala boskuh🔥🔥🔥. 02 sorry yeee,36,1,0,,
kaaa_r03,@misteriuz24 menyala jadi avatar,0,0,1,misteriuz24,01 masih menyala boskuh🔥🔥🔥. 02 sorry yeee
nadioandrias_03,pilih lah pemimpin yg sehat,27,0,0,,
rezperd,"Mundur Wirrrr.... Kami cari pemimpin yang lebih baik dari Jokowi,  bukan yang sudah kalah 2x dari Jokowi. (((mana udah kalah, mau2nya diperalat pula sama wiwi)",0,0,0,,
rezperd,"Misal ni, kamu punya bapak usia 73thn, harta ada dimana2 masa iya kamu tega masih suruh kerja. Mana kerja berat lagi mikirin 1 Negara besar yg banyak masalahnya. Sudah tua itu harusnya sadar diri, nikmati masa tua. Jangan mabuk dengan ambisi dan kekuasaan semata. Lagian ada pilihan lain yang usianya masih relatif muda dari prabowo, tidak ketuaan, tidak kemudaan.  Pengalaman, rekam jejak, pendidikan semuanya mumpuni. Support system utama yaitu keluarganya lengkap, harmonis akan melahirkan pemimpin yang siap lahir batin.  Kamu aja kalau mau berangkat kerja disemangati oleh Istri dan dibikinkan sarapan pasti kerja lebih semangat dan enjoy. Yuk bisa yuk abg/kk kuh kita pilih yg lebih baik untuk perubahan bangsa yang kita cintai ini 😍",0,0,0,,
_nenggelish,Sound ini di menangkan oleh pak Prabowo😂,0,0,0,,
dhie_blonk,"Jangan ajari kami mencintai pak prabowo. Jauh sebelum kalian menghina pak prabowo dgn sebutan gemoy, kami sejak 2014 tidak pernah berani keluarkan 1 istilah apapun utk mengantikan nama besar beliau, dgn istilah berbau fisik seperti gemoy. Kemana kalian saat itu, sedang asik bermain bola dan main boneka? Atau jadi pro jokowi ?
Jangan ajari kami utk memaafkan pak prabowo. Sejak tahun 2014, kami berdamai dgn diri kami sendiri, utk melupakan semua sejarah kelam pak prabowo, krn satu manusia pun tidak pernah luput dari kesalahan. Kami memaafkan pak prabowo krn sejak tahun 2014 pak prabowo bicara tentang bagaimana melindungi rakyat dari pemerintah yg semena mena, antek-antek asing sering beliau gaungkan. Kemana kalian saat itu, masih duduk dibangku smp, atau menjadi pro jokowi ?
Jangan ajarin kami membela pak prabowo. Tahun 2019, kami garda terdepan menyelamatkan kotak suara pak prabowo, 500 orang meninggal tanpa otopsi, dimana kalian saat itu? Masi sibuk coret coret baju seragam merayakan kelulusan? Atau tetap menjadi projokowi ?
Jangan ajari kami tentang kejujuran dan santun nya pak prabowo.
Tahun 2019, partai baru seumur jagung, memberikan kebohongan award utk pak prabowo, kami perang fakta dgn partai tersebut.
Bapak dulu tidak pernah diam ketika ditanya oleh rakyat, sekarang bapak bungkam.
Bapak dulu tidak marah ketika dinilai rendah oleh rakyat, sekarang bapak murka.
Bapak dulu berjalan dgn tegap ditengah² rakyat, tidak joget² didepan kamera, lalu diberi tepuk tangan oleh pendukungnya bahkan ditertawakan.
 Kemana bapak prabowo ku yg dulu?
Ohh... saya tau. 4 tahun lalu,
Bapak telah menyerahkan diri bapak ke PENGUASA. Bapak meninggalkan kami utk bergabung bersama dinasti. Bapak tidak sanggup menanggung suara hati kami.
Bapak menyerah. Dan sejak saat itu lah, kami pun berjuang dgn cara kami sendiri. #SALAMPERUBAHAN🫡☝️",0,0,0,,
arif_aristha,Gama RI 1,0,0,0,,
lulyka35,"haduh kasian jalannya pincang2 semoga tdk terjadi yg diinginkan kumat asam uratnya,bgm kalau sampai struke, apakah si gibran yg mrnggantikan yg tdk mrngerti negara.",0,0,0,,
sandi_johnnn,Oke gas oke gas oke gas oke gas oke gas meledak,0,0,0,,
dicobalagi_,kosong,0,0,0,,
rizki_pray,"Bayaran, gak asik gak ada gagasan",0,0,0,,
aakuuu313,Gak panas cuma heran 😂😂,0,0,0,,
m43m43y,Awas pinggangnya kecetit,0,0,0,,
muhamadibnu___,Cairrrr cairrrr asikkk hahahha,0,0,0,,
mamabilqis,"Bapak sehat selalu, salut dengan beliau yg semangat nya luar biasa, aura bapak positif sekali, saya percayakan suara saya di no 2, semoga amanah aamiin👏👏👏👏",0,0,0,,
goodgirl.diary,"Serius nanya. Kalo beliau ini uda jadi presiden, kalo rakyat minta beliau joget2 gpp kan yaah. Ga di bilang penghinaan terhadap presiden kan? 🙌",0,0,0,,
omahjajan_jkt,"“Ya Allah, sungguh kami berlindung kepada-Mu dari pemimpin yang kekanak-kanakan dan dari pemimpin yang bodoh.” (HR. Bukhari dalam Adabul Mufrad). 
Dan jangan Engkau serahkan kePemimpinan wilayah kami kepada orang yang tidak mengasihi kami.” (HR. Tirmidzi).
Bismillah Sebentar lagi PELANTIKAN AMIN PRESIDEN 2024, PUNYA IBU NEGARA PERTAMA YANG MENGENAKAN HIJAB, AAMIIN YA ALLAH.",0,0,0,,
iradamayanti3180,Kenpa yaa tiap lihat kampanyenya Pak Prabowo aku merasa terharu,0,0,0,,
allan_j_nitbani_timor,Nomor 02✌️💯,0,0,0,,
sugiharto_bonex,01... Amiin ❤️❤️,19,0,0,,
mhdsabil01,"Kasian lihat pak Prabowo jalan nya ,sehat selalu pak Prabowo,dan melihat pak Anies Baswedan dan Muhaimin Iskandar akan di Lantik aamiin",1,0,0,,
semmyelath,👏👏,0,0,0,,
muhamadlutfifatih,Eneg liatnya cm bisa jadi badut doang 😂,0,0,0,,
buddyo5o6,SAMSUL GENERATION,0,0,0,,
abiwiwi21,#aminajadulu,0,0,0,,
sielkla,2030  Indonesia bubar -PS-,0,0,0,,
robiiskandar47,Ganteng-ganteng pilih 02. Yang bener ajee.... Rugi dong!,12,0,0,,
bellacell9,✌,0,0,0,,
fikrichyd1,"Gibran: apapun itu jawabnya hilirisasi
Prbowo: apapun itu jawabnya makan
Pendukung: apapun itu jawab nya all in😁",0,0,0,,
luthmuhammad16,Jogeddd pakkk..hup hup hupp terus pakk gamau pulang mau nya di jogedin trusss asekkkkk😂,0,0,0,,
rosihaf,"Loh2 kok ga pake baju sama semua sih, nanti dikira ga di bayar loh sama pendukung Paslon 01",0,0,0,,
daannannnn,Keren acara 02 ada badutnya🥵,0,0,0,,
ady_ar_,konsisten anti amis🔥🤮✌️🤪🤣,0,0,0,,
aldi_heryanto20,Bismillah Anies Baswedan presiden Indonesia,0,0,0,,
mimiefery,Masyallah tah baraqallah,0,0,0,,
muh_nurharis,01 Anis☝,397,16,0,,
vaaa_nylaa,"@muh_nurharis pindah lapak lah, masa ngelapak d sini",1,0,1,muh_nurharis,01 Anis☝
iwanpradipta__,"@muh_nurharis Anis siapa bang, sini PD gak kenal SM yg namanya Anis, Anisa Bahar maksut lho 😂",3,0,1,muh_nurharis,01 Anis☝
abimanyuu23.09,@muh_nurharis kocakk penndukung anis kagak tau maluu,1,0,1,muh_nurharis,01 Anis☝
afifahgizy,@muh_nurharis sepi😂😂🗿,0,0,1,muh_nurharis,01 Anis☝
ferry_1105,@muh_nurharis sory yeeee...✌️,1,0,1,muh_nurharis,01 Anis☝
thundereternity,@muh_nurharis mls,0,0,1,muh_nurharis,01 Anis☝
mhmmdadtyarmdhn_,@muh_nurharis lu aja gua engga wkwk,0,0,1,muh_nurharis,01 Anis☝
vnv_accessories,@muh_nurharis Sorry yye.... ✌,0,0,1,muh_nurharis,01 Anis☝
xxhzzx0,@muh_nurharis istighfar bro,0,0,1,muh_nurharis,01 Anis☝
bossjuan21_,@muh_nurharis bodok,0,0,1,muh_nurharis,01 Anis☝
rhmnsyaah,@muh_nurharis lu ga di ajak,0,0,1,muh_nurharis,01 Anis☝
adi_untuksiapa,@muh_nurharis najis,0,0,1,muh_nurharis,01 Anis☝
marusaha_siitumorang,Pendukung 02 yg bermasalah semua dgn hukum😂,37,0,0,,
bright_97531,❤️,0,0,0,,
youngboys1982,Kesian kalo ampe kalah 3 kali😂,0,0,0,,
aqdarbunayya,"Hahahah Penting Jangan Percaya Team Survay yg Sengaja Membuat Survei seolah Udh Menang Karena Target Mereka Pendukung AMIN & GAMA Agar Pesimis Merasa Percuma Dukung Kalau Akan Kalah, Wahai Sodaraku jangan Mau Dimanipulasi Pikiran Kita, TETAP FOKUS KAWAL SUARA anda Di Masing2 TPS, Jangan Biarkan Kemungkinan Kecurangan Terjadi",0,0,0,,
frlyfardiansyah_,TETAP KAWAL PAK PRABOWO SAMPAI  JADI PRESIDEN,0,0,0,,
napjon89,02 gasssss 1 putaran✌🔥🔥🔥🔥❤️,0,0,0,,
trivvahyudi,All in pak Prabowo 🔥❤️,0,0,0,,
fikri_fhrzl17,Info nomor yg bisa di hubungi untuk nyewa badutnya,3,0,0,,
doeabduh,Anies makin yakin gue,14,1,0,,
kaaa_r03,@doeabduh Avatar,0,0,1,doeabduh,Anies makin yakin gue
ricohp07,Asal bukan 02!!,0,0,0,,
fajarrider017,❤️🔥PrabowoGibran🔥❤️ 2024,0,0,0,,
fajarrider017,"Panas, panasss ada yg panas, kanan kiri jelas panas😂",0,0,0,,
akhmadtoriqalbangki,"Apa gagasannya ya?
 Kok cuma musik aja yang di pertontonkan",0,0,0,,
kinan_dira14,✌️,0,0,0,,
rickyast16,🔥🔥🔥🔥🔥🔥🔥Prabowo gibran❤️,0,0,0,,
verahr16_,❤️,0,0,0,,
regga_ayu,Salfok sama mayor teddy😍😍,0,0,0,,
nusaibah_furniture,daripada yakan,0,0,0,,
yenihandayani18,Godbless ✌️,0,0,0,,
linanurahman12,"Oke gassss lanjutkann ,, 02 prabowo gibran menang ❤️❤️❤️",0,0,0,,
mhmmdfaisal120,😢😂😂,0,0,0,,
nataliawentong,All in PRAGIB ✌️✌️ 🇲🇨,0,0,0,,
aku_nanag3,01❤️,233,1,0,,
anisajanah91,Dibayar berapa bang wkwkwk,0,0,0,,
baweellussy_jiyoung,💙💙💙💙💙💙💙🔥🔥🔥🔥🔥🔥🔥🔥💙💙💙💙🥰🥰🥰🥰,0,0,0,,
nani.sulis89,💙✌🇲🇨,0,0,0,,
ririnsundarii,🔥🔥,1,0,0,,
emory_boutique,Sehat terus njih pak prabowo👍👍,0,0,0,,
emory_boutique,Hanya Allah yg tahu suatu saat nanti Allah maha berkehendak 👍👍❤️❤️,0,0,0,,
boyke_alamsyah20,Mobil tua jngan banyak di gass nnti rontok..🤣🤣🤣,0,0,0,,
boyke_alamsyah20,Oke gas oke gass.,0,0,0,,
boyke_alamsyah20,amin aja dulu 🤲,0,0,0,,
jefristenlimandak,Semangat Bpk Prabowo/Gibran,0,0,0,,
rrindriastuti,❤️❤️❤️❤️❤️❤️💐,0,0,0,,
clivertmandagii,All in Tuama🔥✌️,0,0,0,,
rrrmy_umaratu,02 ❤️❤️,0,0,0,,
cvx09emb,💙💙💙,0,0,0,,
wel1345678,Pak Prabowo Subianto presiden aku 🥰😘🔥,0,0,0,,
enengyustinawati,Salam ✌️ jari 🥰😘,0,0,0,,
viiaviiolet_99,🔥🔥,0,0,0,,
arman_utama96_,Serame ini mantap 02,0,0,0,,
khsanalii,Bnyk artis ke02. Kok bisa ya padahal uda  ngelanggar kode etik dan ketua kpu juga udah di nyatakan bersalah tpi knp masi didukung padahal pendidikan juga oada tinggi² harusnya paham mana yg curang mana yg enga,0,0,0,,
natalia.tumiwa,Suka mo pigi apa daya anggota KPPS sekaligus perangkat desa 😢😢,0,0,0,,
ericsetoe,Anies ❤️,0,0,0,,
vit_riaa,"Artis pendukung 02 adem bgt,, fokus mendukung capres nya bukan mencari2 kelemahan dan menghina capres lawan 😍😍😍",0,0,0,,
riky_3990,Mayor Teddy 😍,0,0,0,,
dwonk_modiste,"Bukan maen dp rame kang... 😍 Makase pak Prabowo so DTG plg kampung, kami merindukan mu",0,0,0,,
nndv___,Aduh mayor teddy😍,0,0,0,,
jelsipijoh,@arie_kriting Liat ini kalu editan😝,0,0,0,,
gianinazulaikha,Gaskeunnn,0,0,0,,
almu.ham,Indonesia Tidak akan membiarkan Pak Gibran Di Turunkan Oleh Skenario2 Partai yang memimpin sudah lebih dari 10 Tahun. ALL IN PRABOWO GIBRAN ✌️📌✌️📌✌️#TOLAKSKENARIO#,0,0,0,,
nadirahsyawie,💙💙💙✌️✌️✌️,0,0,0,,
tonio2475,Yes all in prabowo,0,0,0,,
aprilike.2013,😍😍😍02 🔥,0,0,0,,
muhmmddickyalfajri,All in 02 ✌️🔥,0,0,0,,
novita_aprilin95,Salam 1 kawanua❤️✌🏻🩵🫰🏻,0,0,0,,
el_marta87,Manadooo kerennnn🔥🔥👏👏✌✌✌✌✌,0,0,0,,
terre_25_cirebond,Ft ini yg d anggep editan sama ari kriting😂😂😂😂😂😂😂 cilllluuuuuukkkkkkkk baaaaaaaaaa 🔥🔥🔥🔥02🔥🔥🔥🔥🔥🔥🔥🔥🔥🔥,0,0,0,,
andri_j77,Pendukung sebelah makin panas😂😂,398,66,0,,
kemonn___,@andri_j77 kan dana minim🤏,3,0,1,andri_j77,Pendukung sebelah makin panas😂😂
____nar.v,"@andri_j77 kami kan masik waras, kalo sono cacat mk wkwkwk",14,0,1,andri_j77,Pendukung sebelah makin panas😂😂
denialvi18,"@__psrb00 gak ada yg perlu di panas kan ,cara kampanye 01 02 beda",8,0,1,andri_j77,Pendukung sebelah makin panas😂😂
ambil_wuling_yuk,"@andri_j77 ngapain panas toh yg pakai dana panas kan tim 02, kita mah 01 B aja 😂😂",18,0,1,andri_j77,Pendukung sebelah makin panas😂😂
barryanggriawan,@andri_j77 baru kali ini kampanye eyang wowo rame😂 beda sama anies kemanapun selalu rame. Beda kelas bro😂,14,0,1,andri_j77,Pendukung sebelah makin panas😂😂
eti.hidayati,"@andri_j77 kenapa harus panas ya?pak Anies ke mana ""penuh sesak sama masa yg datang tanpa embel-embel apapun, yg ada cuma harapan",5,0,1,andri_j77,Pendukung sebelah makin panas😂😂
aakuuu313,@andri_j77 gk panas... Cuma heran 😂😂,1,0,1,andri_j77,Pendukung sebelah makin panas😂😂
tottorobook,"@andri_j77 biasa aja kali, kita mah main tanpa melanggar❤️",1,0,1,andri_j77,Pendukung sebelah makin panas😂😂
andri_j77,@denialvi18 lah laahh emg aku bilang 01 02?😂😂,0,0,1,andri_j77,Pendukung sebelah makin panas😂😂
andri_j77,"@ambil_wuling_yuk laahh knpa jdi nyebutin nomer,kan bisa ajah pendukung yg hadir sebeleh kanan sebelah kiri😂😂",1,0,1,andri_j77,Pendukung sebelah makin panas😂😂
andri_j77,@saltspicy_ emg kmu Paslon no brpa?,0,0,1,andri_j77,Pendukung sebelah makin panas😂😂
ulum_ms,@andri_j77 panas?🤭🤭 yg panas tu kalo ngga di bayar datang kampanye kek 02,3,0,1,andri_j77,Pendukung sebelah makin panas😂😂
aliimransihaloho,@andri_j77 Haha. Tak sebanyak pendukung 01 waktu di deliserdang sumatera Utara 😂,1,0,1,andri_j77,Pendukung sebelah makin panas😂😂
bomatahir,"@andri_j77 😮😮😮Ko bisa yaa, apa untungnya buat Negara 🤦‍♂️🤦‍♂️🤦‍♂️🤦‍♂️",0,0,1,andri_j77,Pendukung sebelah makin panas😂😂
malvindinata97,@andri_j77 kamu kanya banci bro,0,0,1,andri_j77,Pendukung sebelah makin panas😂😂
agussantos576,@andri_j77 sssoooorriiiii yeeeeee..😂😂,0,0,1,andri_j77,Pendukung sebelah makin panas😂😂
redberry112,"@saltspicy_ IQ RAKYAT PENDUKUNG 02 BEGITU, KEBANTU SAMA PENDUKUNG SURVEY BAYARAN,MEMALUKAN ,NYALONIN KADES AJA HARUS ADA KODE ETIK,NI PASANGAN CAWAPRESNYA AJA MELANGGAR TAPI MASIH TETAP DIBELA,,KACAU BGT",1,0,1,andri_j77,Pendukung sebelah makin panas😂😂
redberry112,Cuma jadi bahan olokan sama negara lain#salam perubahan,0,0,1,andri_j77,Pendukung sebelah makin panas😂😂
latiefharahap21,@andri_j77 b aja..,0,0,1,andri_j77,Pendukung sebelah makin panas😂😂
aiscarf_id,@andri_j77 ngapain Panas.. kampanye rame parah tanpa uang kok😂,0,0,1,andri_j77,Pendukung sebelah makin panas😂😂
gunw42,@andri_j77 yg panas kemaren deketin surya paloh amin suruh merapat ke 02😂,0,0,1,andri_j77,Pendukung sebelah makin panas😂😂
titapawest,@andri_j77 kami Tidak panas karena kami selalu ber sholawat ASHGyl bareng pak Anies disetiap acara.,0,0,1,andri_j77,Pendukung sebelah makin panas😂😂
sunshine.dzr,"@andri_j77 mohon maaf paslo kami kampanya dgn gagasan, bukan dgn joget2 penuh kemaksiatan 🤣🤣",0,0,1,andri_j77,Pendukung sebelah makin panas😂😂
mawnytz_,@__psrb00 catatan kpkpkpkpkpkpkpkpk 😜✌️,0,0,1,andri_j77,Pendukung sebelah makin panas😂😂
dickyryananta,@andri_j77 sebelah yg mana😂,0,0,1,andri_j77,Pendukung sebelah makin panas😂😂
ngabngab20,@andri_j77 masa dikampung sendiri seri???,0,0,1,andri_j77,Pendukung sebelah makin panas😂😂
ngabngab20,@ngabngab20 sepi?,0,0,1,andri_j77,Pendukung sebelah makin panas😂😂
ainun_afiifah,@andri_j77 koq kamu gak kasihan ama pak Prabowo sih? Tega bangey ya udah sakit sdh sepuh msh disuruh ngurus negara sebanyak ini warganya? TEGA KALIAN PENDUKUNGNYA😮,0,0,1,andri_j77,Pendukung sebelah makin panas😂😂
andri_j77,"@ainun_afiifah astaghfirullah kata2 anda sangat2 tidak pantas,semoga anda di beri hidayah🙏",0,0,1,andri_j77,Pendukung sebelah makin panas😂😂
selviandriyaniii,@andri_j77 masa sihhh kamu kali yg panas ngomong gini buat nenangin hati 😂 makan dulu sana,0,0,1,andri_j77,Pendukung sebelah makin panas😂😂
andri_j77,"Alhamdulillah ini lgi makan😊,kmu jgn lupa makan yahh,biar GK setress😂",0,0,1,andri_j77,Pendukung sebelah makin panas😂😂
selviandriyaniii,@andri_j77 makan terus ya sekolah jgn kerja jangan ngapa2in jangan yang penging makan pokoknya okee😂,0,0,1,andri_j77,Pendukung sebelah makin panas😂😂
andri_j77,@selviandriyaniii 🗿🗿,0,0,1,andri_j77,Pendukung sebelah makin panas😂😂
noorvananwar,@andri_j77 dikira kita panas padahal justru malah lagi ketawa liat cerdasnya cara berkampanya. Sangat mendidik utk pelajaran joget 😂😂,0,0,1,andri_j77,Pendukung sebelah makin panas😂😂
3fhamba_allah,@andri_j77 B aja 😂 sdh biasa ramee 😂😂😂,0,0,1,andri_j77,Pendukung sebelah makin panas😂😂
andri_j77,@dickyryananta sebelah kanan bang😂😂,0,0,1,andri_j77,Pendukung sebelah makin panas😂😂
ranggalawe12345,@__psrb00 yg penying gk terdaftar kpk 😂😂,0,0,1,andri_j77,Pendukung sebelah makin panas😂😂
ranggalawe12345,@saltspicy_ klo gl panas ngapain komen di lapak 02?? Kepo yaaa 😂😂😂,0,0,1,andri_j77,Pendukung sebelah makin panas😂😂
afifdamanik_11,@andri_j77 wkwk lucu coy😂 liat orgil satu ni,0,0,1,andri_j77,Pendukung sebelah makin panas😂😂
thundereternity,@barryanggriawan gk tuh😂,0,0,1,andri_j77,Pendukung sebelah makin panas😂😂
ranggalawe12345,@saltspicy_ hahaha iya tp kok kepo ya 😂😂😂 lapak lu gk ada aksi reaksi ya 😂😂😂 oo sepi yaa ?? 😂😂,0,0,1,andri_j77,Pendukung sebelah makin panas😂😂
barryanggriawan,@bachira_nyata jangan kepedean kira kami rakyat nggak paham 😂,0,0,1,andri_j77,Pendukung sebelah makin panas😂😂
aprillia5249,"@andri_j77 kenapa harus panas, bahkan pak Anies dgn dana minim pun kampanye tetap rame,, krna bkn pendukung bayaran spt 02🤭🤣🤣",0,0,1,andri_j77,Pendukung sebelah makin panas😂😂
pahami_,@andri_j77 panas krn lulusan MK???,0,0,1,andri_j77,Pendukung sebelah makin panas😂😂
_atthasiya_moslem_wear,@ambil_wuling_yuk  sadiisss😂🔥 waktunya perubahan!🙌,0,0,1,andri_j77,Pendukung sebelah makin panas😂😂
abdilahmutakhin,"@denialvi18 beda kelas situ joget badut, sini adu gagasan (jadi 02 membadutkan ,01 mencerdaskan)",0,0,1,andri_j77,Pendukung sebelah makin panas😂😂
andri_j77,@abdilah02mutakhin gagasan perumahan DP 0%🤣🤣 yg GK seusai kenyataan 🤣🤣,0,0,1,andri_j77,Pendukung sebelah makin panas😂😂
abdilahmutakhin,"@andri_j77 terus yang bilang gak gila jabattan, itu sesuai kenyataan hahhh ???",0,0,1,andri_j77,Pendukung sebelah makin panas😂😂
abdilahmutakhin,@syauqiramadhan17 keluar pas pemilu doang.coba liat 1 tahun ke belakang ada bantuan yang wowo salurin?,0,0,1,andri_j77,Pendukung sebelah makin panas😂😂
andri_j77,"@abdilah02mutakhin mata anda kurang wawasan,dlu thn 2015 yg ngebebasin TKW di Malaysia yg mau di hukum mati siapa?? Klo bukan pak Prabowo??😂",0,0,1,andri_j77,Pendukung sebelah makin panas😂😂
andri_j77,@abdilah02mutakhin dlu yg membantu dan mengangkat Paslon anda untuk jdi gubernur siapa?? Ehhh skrg berkhianat 😂😂 apa lgi nanti klo udh jdi hadeeh yg ada cuma omdoo😂,0,0,1,andri_j77,Pendukung sebelah makin panas😂😂
abdilahmutakhin,@andri_j77 berkhianat??? Yang ngangkat itu pak sandi bukan Bowo,0,0,1,andri_j77,Pendukung sebelah makin panas😂😂
abdilahmutakhin,@andri_j77 elu gak nyambung orang lagi ngomongin saluran buat ke Palestine malah ke TKW Malaysia. Sama kaya capresnya di tanya apa jawab makan siang gratis 🗿🗿🗿🤣,0,0,1,andri_j77,Pendukung sebelah makin panas😂😂
andri_j77,"@abdilah02mutakhin anda minim wawasan,males nanggepin anda,sama ajah ngadepin pohon pisang...",1,0,1,andri_j77,Pendukung sebelah makin panas😂😂
abdilahmutakhin,"@andri_j77 lah"" setidaknya gw bisa nanam singkong jadinya singkong, gak jadi jagung😝🤫",0,0,1,andri_j77,Pendukung sebelah makin panas😂😂
abdilahmutakhin,"@andri_j77 iya kaya debat ke 5 dong 01&03 ngadeppin pohon pisang awok"" MKMkMkMkMkMk(mahkamah keluarga)",0,0,1,andri_j77,Pendukung sebelah makin panas😂😂
yani.poetry,"@andri_j77 bnyk masa blom tentu semuanya nyoblos si Prabowo, buktinya 2x kala trus Sma PK Jokowi..😂 liat dr Thun 2009 si Prabowo klo hajatan PD kumpul semua,, tp yg nyoblos seUprit... 😂😂 Inget bro jgn liat dr masanya,,",0,0,1,andri_j77,Pendukung sebelah makin panas😂😂
abdilahmutakhin,"@syauqiramadhan17 wis"" emang elu mikir juga. Cawapresnya aja dapet hasil langgarran MK",0,0,1,andri_j77,Pendukung sebelah makin panas😂😂
abdilahmutakhin,"@syauqiramadhan17 emang salah kan  Ada kata ""misalnya""  elu cuma liat video yang di potong"" kaya cawapres enol dua pemotong aturan awok"" MkMkMkmK",0,0,1,andri_j77,Pendukung sebelah makin panas😂😂
mutiara_salsabilah,Lumayan gocap gocap mah ada 😂,0,0,0,,
agusmekanika,02 prabowo ✌❤️,0,0,0,,
aku_saya_88,"yakin gue pasti menang bapak, semoga gak ada kecurangan",0,0,0,,
han_nebulana,Ok gas Jawa barat full 02🔥,0,0,0,,
jelty_kordak,🔥🔥🔥❤️❤️❤️ ok gas ok gas ok gaaaasss✌🏻✌🏻✌🏻,0,0,0,,
lagumusik2024,02 BUBAR BUBAR BUBAR BUBAR BUBAR BUBAR BUBAR BUBAR BUBAR BUBAR BUBAR BUBAR BUBAR,0,0,0,,
lagumusik2024,"PRABOWO PROGRAM TRILIUNAN GAGAL, ADA DI VIDEO SAYA CEK POSTINGAN, GIBRAN PLONGA PLONGO, APANYA YANG HARUS DI PILIH?",0,0,0,,
lagumusik2024,"PRABOWO GGA BISA BACA ALQUR'AN, CERE SAMA ISTRI NYE, NAIKIN PAJAK, JOGET TOPENG MONYET, GGA BISA SHOLAT, TUKANG CULIK, APA YANG KALIAN BANGGAKAN?",0,0,0,,
lagumusik2024,Rapatkan barisan menangkan 01 di tahun 2024. JIS NGUMPUL 10 FEBRUARI 2024 guys.,0,0,0,,
lagumusik2024,Besok jangan lupa daftar website untuk masuk tiket JIS GRATIS. Selalu cek Instagram pak Anies.,0,0,0,,
sambeka_grs,✌️💙,0,0,0,,
hellobg__,sehat-sehat para pendukung bapak ✌🏼,2,6,0,,
finnyalvionita,@hellobg__ Kalau ada bapak pasti ada abay 😍,0,0,1,hellobg__,sehat-sehat para pendukung bapak ✌🏼
hellobg__,@finnyalvionita oh jelaaas atuh bu,0,0,1,hellobg__,sehat-sehat para pendukung bapak ✌🏼
finnyalvionita,@hellobg__ pasti menang 🔥,0,0,1,hellobg__,sehat-sehat para pendukung bapak ✌🏼
hellobg__,@finnyalvionita tanggal 10 merapat ke GBK ga bu? hehe,0,0,1,hellobg__,sehat-sehat para pendukung bapak ✌🏼
finnyalvionita,@hellobg__ hese orok 😢,0,0,1,hellobg__,sehat-sehat para pendukung bapak ✌🏼
hellobg__,@finnyalvionita waaah orokan deui lin? alumni PHT saha wae nu 02 Bu?,0,0,1,hellobg__,sehat-sehat para pendukung bapak ✌🏼
muhammed_poenya,Mkmkmkmk,0,0,0,,
assyifaaul,Kita sayang pa ngana pak prabowo nomer 02 torang gas 🔥🔥,0,0,0,,
beautysalonspatata,❤️❤️❤️❤️,0,0,0,,
baiqnirmawati90,Setuju  untuk  menang,0,0,0,,
astie215,Mlaku oyag ayig,0,0,0,,
s72031902,prabowo gibran menang,0,0,0,,
mc_rizky128,01 akal sehat❤️,0,0,0,,
prisha_keenan,Kak Fero salamin buat pak Prabowo ✌️,0,0,0,,
jeane_lt_2_new,"Pertimbangan.
KAMPANYE Umumnya MULUK-MULUK.
Negarawan Sejati hanya 02.., klu Capres lain sibuk menunjukkan kehebatan berbicara demi menarik perhatian masyarakat, Capres 02 @prabowo tetap Fokus dgn  menjaga Ketahanan Negara dari mereka2 yg Tdk mau Peduli dgn kerahasiaan sistem Pertahanan dan Keamanan Negara. Ngra kita Rntan Konflik Pulau dgn Ngra Ttga. Hrskah di-Obral semuanya sampai dimana Kekuatan Alat Pertahanan Negara kita? Debat Capres bkn Anak Sekolahan. Pke Penilaian. 
CUKUP.
Ambisi Pribadi sampai Harus Jebak Buka RAHASIA NEGARA. Betapa Bobroknya Etika Moral dan Mentalitas seorang Calon Presiden",0,0,0,,
minayulianti,Gank nalar asam sulfat,0,0,0,,
balahatun35,✌🏻✌🏻🩵🩵💯💯 Oyeee,0,0,0,,
dindareyn,Masyaalloh sehat selalu pak Prabowo 😍😍,42,1,0,,
warnida_law,@dindareyn kasihan sudah berumur suruh gendong anak haram konstitusi pula....,0,0,1,dindareyn,Masyaalloh sehat selalu pak Prabowo 😍😍
santidevi1910,Prabowo Gibran✌️💙🤲,0,0,0,,
basrahalirham26_,💙✌🏻,0,0,0,,
pputganvalisa,Gaassssssd 02 nd ada obeng memangggg😎🩵,0,0,0,,
hidiard_mendez,Nomor ✌️ torang gass,0,0,0,,
hennychekcurup,💙💙💙💙💙💙💙💙💙💙💙✌️✌️✌️✌️✌️✌️✌️,0,0,0,,
casildo_ouyy,Oh si gemoy cmn bs joget² doang🔥,0,0,0,,
niaayuni15,❤️❤️❤️,0,0,0,,
ina_kims,Sehat selalu pak 😍,0,0,0,,
elvira_wilar,Tuama langoan pak prabowo 1 putaran✌️🙏,0,0,0,,
tomichndra,oke gas oke gas nomor dua ✌️ kami gasss🔥🔥🔥,0,0,0,,
theo.rmndr,Ngeryyy🔥🔥🔥,0,0,0,,
scrp_girll28,Gak kuat sama mayor tedy cakep banget dah😂❤️,0,0,0,,
_deeeeyyyyy,Ok gass no 2 torang gass,0,0,0,,
rusmaernaw,Salfok sama mayor teddy😍,29,0,0,,
dhea_amandaputrii,"Stabat, Langkat, Sumatera Utara  hadir @prabowo Gibran satu putaran menang❤️😍",1,0,0,,
nisa_toen,Dimana ada pak Prabowo disitu kita nyariin mayor teddy 😂,0,0,0,,
abudimas7,Jalannya aj ud ngesot,0,0,0,,
tamrin_onga,Istirahat ajalah eyang....,0,0,0,,
jannatihandayani92yahoo.com3,"Tetap 01 presiden RI, amiin",0,0,0,,
dwikristin8733,😍😍✌️gaskan,0,0,0,,
firmanitn,emang boleh serame ini😮✌,0,0,0,,
riza.hakim_,Om teddy kyak jagai  cipung jatohnya ga usah over protect kali om 🙏🏼,0,0,0,,
badriano_r,Gasken✌🏻👍🏻,0,0,0,,
iisthea4,✌️✌️✌️🥰🥰🥰,0,0,0,,
wentywendy,02,0,0,0,,
khotob2023,PRABOWO SUBIANTO CALON PRESIDEN SEJATI DIDAMPINGI ANAK HARAM KONSTITUSI ASAM SULFAT NEPO BABY,0,0,0,,
seella_cinta,✌️✌️❤️❤️,0,0,0,,
anglicashlla_,✌✌✌💙💙💙,0,0,0,,
sigarvera,Langoan karuk kami✌️✌️,0,0,0,,
veronica.regina1,"Ini baru di langowan, blum yang di manado🤣macet terpanjang dan terlama di Sulawesi Utara🤣",0,0,0,,
adhevrilia,🔥,0,0,0,,
adan_ramadhan04,ABSEN YANG ALL PAK ANIS BASWEDAN ❤️------>,0,0,0,,
gatotjuni,cair cair,0,0,0,,
patrisia_lala,Salam gemoy..✌️,0,0,0,,
suriyantimiska,Masya Allah...hadir pendukung bapak gemoy✌️,0,0,0,,
rompasjetty17,Ok gassss✌️✌️✌️✌️✌️✌️✌️✌️✌️❤️❤️❤️❤️,0,0,0,,
angelia_kimbal,Makasi kmrn udh jabat tangan ya @fero_walandouw 🙌🔥,0,0,0,,
angelia_kimbal,🔥🔥🔥,0,0,0,,
frandosnpr,✌️✌️✌️,0,0,0,,
borjuss02,Kamu PILIH PAK PRABOWO kita Teman follow saya👏👏👏👏,0,0,0,,
milamila3754,Bismillah Perubahab untuk Indonesia bersama  1  Amin  menang  aamiin,0,0,0,,
visit_kalsel_new,"Para artis dan selebgram dukung 02 utk kelancaran bisnisnya dan kemakmuran para pejabat , elite politik ❎
Kita dukung 01 utk kesejahteraan dan kemakmuran rakyat , serta keadilan sosial bagi seluruh rakyat Indonesia ✅",1079,187,0,,
kurniawannn_047,@visit_kalsel_new 😂,7,0,1,visit_kalsel_new,"Para artis dan selebgram dukung 02 utk kelancaran bisnisnya dan kemakmuran para pejabat , elite politik ❎
Kita dukung 01 utk kesejahteraan dan kemakmuran rakyat , serta keadilan sosial bagi seluruh rakyat Indonesia ✅"
_paadddd,@visit_kalsel_new ciee kepanasan cieee,40,0,1,visit_kalsel_new,"Para artis dan selebgram dukung 02 utk kelancaran bisnisnya dan kemakmuran para pejabat , elite politik ❎
Kita dukung 01 utk kesejahteraan dan kemakmuran rakyat , serta keadilan sosial bagi seluruh rakyat Indonesia ✅"
aloy_oszbourne,@visit_kalsel_new 💙✌,8,0,1,visit_kalsel_new,"Para artis dan selebgram dukung 02 utk kelancaran bisnisnya dan kemakmuran para pejabat , elite politik ❎
Kita dukung 01 utk kesejahteraan dan kemakmuran rakyat , serta keadilan sosial bagi seluruh rakyat Indonesia ✅"
sbstnlkieez,@visit_kalsel_new prett,0,0,1,visit_kalsel_new,"Para artis dan selebgram dukung 02 utk kelancaran bisnisnya dan kemakmuran para pejabat , elite politik ❎
Kita dukung 01 utk kesejahteraan dan kemakmuran rakyat , serta keadilan sosial bagi seluruh rakyat Indonesia ✅"
ap16___,@visit_kalsel_new ilmu padi abangku🌾🌾🌾,3,0,1,visit_kalsel_new,"Para artis dan selebgram dukung 02 utk kelancaran bisnisnya dan kemakmuran para pejabat , elite politik ❎
Kita dukung 01 utk kesejahteraan dan kemakmuran rakyat , serta keadilan sosial bagi seluruh rakyat Indonesia ✅"
syafra15,@visit_kalsel_new salah tempat komenan mu min 😂,5,0,1,visit_kalsel_new,"Para artis dan selebgram dukung 02 utk kelancaran bisnisnya dan kemakmuran para pejabat , elite politik ❎
Kita dukung 01 utk kesejahteraan dan kemakmuran rakyat , serta keadilan sosial bagi seluruh rakyat Indonesia ✅"
rinindriyanii,"@visit_kalsel_new 1. Buka Google
2. Ketika Doa Penghilng iri hati dan dengki 3. Amalkan",17,0,1,visit_kalsel_new,"Para artis dan selebgram dukung 02 utk kelancaran bisnisnya dan kemakmuran para pejabat , elite politik ❎
Kita dukung 01 utk kesejahteraan dan kemakmuran rakyat , serta keadilan sosial bagi seluruh rakyat Indonesia ✅"
al.azizrk,@visit_kalsel_new makanya bisnis juga,2,0,1,visit_kalsel_new,"Para artis dan selebgram dukung 02 utk kelancaran bisnisnya dan kemakmuran para pejabat , elite politik ❎
Kita dukung 01 utk kesejahteraan dan kemakmuran rakyat , serta keadilan sosial bagi seluruh rakyat Indonesia ✅"
urukanime,@visit_kalsel_new bang lu bisa liat gk si itu ada banyak rakyat menuhin lapangan😂,3,0,1,visit_kalsel_new,"Para artis dan selebgram dukung 02 utk kelancaran bisnisnya dan kemakmuran para pejabat , elite politik ❎
Kita dukung 01 utk kesejahteraan dan kemakmuran rakyat , serta keadilan sosial bagi seluruh rakyat Indonesia ✅"
piscess.ayu,@visit_kalsel_new pilih 01 untuk bantu bayar hutang capresnya,2,0,1,visit_kalsel_new,"Para artis dan selebgram dukung 02 utk kelancaran bisnisnya dan kemakmuran para pejabat , elite politik ❎
Kita dukung 01 utk kesejahteraan dan kemakmuran rakyat , serta keadilan sosial bagi seluruh rakyat Indonesia ✅"
aldaraharun,@visit_kalsel_new PANASS???KIPASS MAS KIPASS,0,0,1,visit_kalsel_new,"Para artis dan selebgram dukung 02 utk kelancaran bisnisnya dan kemakmuran para pejabat , elite politik ❎
Kita dukung 01 utk kesejahteraan dan kemakmuran rakyat , serta keadilan sosial bagi seluruh rakyat Indonesia ✅"
desmaniarp,@visit_kalsel_new  masa iya?,0,0,1,visit_kalsel_new,"Para artis dan selebgram dukung 02 utk kelancaran bisnisnya dan kemakmuran para pejabat , elite politik ❎
Kita dukung 01 utk kesejahteraan dan kemakmuran rakyat , serta keadilan sosial bagi seluruh rakyat Indonesia ✅"
a.g_pratama,@visit_kalsel_new bujur,0,0,1,visit_kalsel_new,"Para artis dan selebgram dukung 02 utk kelancaran bisnisnya dan kemakmuran para pejabat , elite politik ❎
Kita dukung 01 utk kesejahteraan dan kemakmuran rakyat , serta keadilan sosial bagi seluruh rakyat Indonesia ✅"
ciiinn27,@visit_kalsel_new taikom,0,0,1,visit_kalsel_new,"Para artis dan selebgram dukung 02 utk kelancaran bisnisnya dan kemakmuran para pejabat , elite politik ❎
Kita dukung 01 utk kesejahteraan dan kemakmuran rakyat , serta keadilan sosial bagi seluruh rakyat Indonesia ✅"
luthfia_eka29,@visit_kalsel_new panasssssssssssssss,0,0,1,visit_kalsel_new,"Para artis dan selebgram dukung 02 utk kelancaran bisnisnya dan kemakmuran para pejabat , elite politik ❎
Kita dukung 01 utk kesejahteraan dan kemakmuran rakyat , serta keadilan sosial bagi seluruh rakyat Indonesia ✅"
nuna_ve_12,@_paadddd all in prabowo😁😂💪,0,0,1,visit_kalsel_new,"Para artis dan selebgram dukung 02 utk kelancaran bisnisnya dan kemakmuran para pejabat , elite politik ❎
Kita dukung 01 utk kesejahteraan dan kemakmuran rakyat , serta keadilan sosial bagi seluruh rakyat Indonesia ✅"
deboyss.27,@visit_kalsel_new apanya yang sejahtera kalau dukung anis?🤣,0,0,1,visit_kalsel_new,"Para artis dan selebgram dukung 02 utk kelancaran bisnisnya dan kemakmuran para pejabat , elite politik ❎
Kita dukung 01 utk kesejahteraan dan kemakmuran rakyat , serta keadilan sosial bagi seluruh rakyat Indonesia ✅"
rizki_pe_,@visit_kalsel_new wkkwkww,0,0,1,visit_kalsel_new,"Para artis dan selebgram dukung 02 utk kelancaran bisnisnya dan kemakmuran para pejabat , elite politik ❎
Kita dukung 01 utk kesejahteraan dan kemakmuran rakyat , serta keadilan sosial bagi seluruh rakyat Indonesia ✅"
vaaa_nylaa,@visit_kalsel_new panas panas😂😂😂,0,0,1,visit_kalsel_new,"Para artis dan selebgram dukung 02 utk kelancaran bisnisnya dan kemakmuran para pejabat , elite politik ❎
Kita dukung 01 utk kesejahteraan dan kemakmuran rakyat , serta keadilan sosial bagi seluruh rakyat Indonesia ✅"
irin_atikaaa,@visit_kalsel_new kitaaa…?? Km aja kali aku engga,0,0,1,visit_kalsel_new,"Para artis dan selebgram dukung 02 utk kelancaran bisnisnya dan kemakmuran para pejabat , elite politik ❎
Kita dukung 01 utk kesejahteraan dan kemakmuran rakyat , serta keadilan sosial bagi seluruh rakyat Indonesia ✅"
tita_mw,@visit_kalsel_new dari dlu sblm artis pnya usaha2 jg artis jg sdh dukung beliau kok. ngomong kok ngarang aja 😪,0,0,1,visit_kalsel_new,"Para artis dan selebgram dukung 02 utk kelancaran bisnisnya dan kemakmuran para pejabat , elite politik ❎
Kita dukung 01 utk kesejahteraan dan kemakmuran rakyat , serta keadilan sosial bagi seluruh rakyat Indonesia ✅"
1104.28,@visit_kalsel_new pergi bang  lu ga di ajak wk,0,0,1,visit_kalsel_new,"Para artis dan selebgram dukung 02 utk kelancaran bisnisnya dan kemakmuran para pejabat , elite politik ❎
Kita dukung 01 utk kesejahteraan dan kemakmuran rakyat , serta keadilan sosial bagi seluruh rakyat Indonesia ✅"
julisalestari_,@visit_kalsel_new kipas sayang kipassssss😂,0,0,1,visit_kalsel_new,"Para artis dan selebgram dukung 02 utk kelancaran bisnisnya dan kemakmuran para pejabat , elite politik ❎
Kita dukung 01 utk kesejahteraan dan kemakmuran rakyat , serta keadilan sosial bagi seluruh rakyat Indonesia ✅"
andri_frnnd,"@visit_kalsel_new Maklumin aja deh bang, ga bisa dipungkiri kita hidup di negara miskin & tertinggal yg kualitas dan taraf hidup masyarakatnya jauuuh banget di bawah rata2 😅 Makanya ga heran rakyat kita rame2 mendukung Capres & Cawapres yang kualitasnya jg jauh di bawah rata2; yang bahkan dalam pencalonannya aja ampe melanggar hukum konstitusi & pake bantuan ""Ordal"" segala 🤭 Seandainya mereka objektif, pake hati nurani, logika & akal sehat pasti ga bakalan milih 02 deh bang.. Miris bgt sih tp inilah Konoha 🤦‍♂️🤣",2,0,1,visit_kalsel_new,"Para artis dan selebgram dukung 02 utk kelancaran bisnisnya dan kemakmuran para pejabat , elite politik ❎
Kita dukung 01 utk kesejahteraan dan kemakmuran rakyat , serta keadilan sosial bagi seluruh rakyat Indonesia ✅"
hendra7073,@visit_kalsel_new amin ....,0,0,1,visit_kalsel_new,"Para artis dan selebgram dukung 02 utk kelancaran bisnisnya dan kemakmuran para pejabat , elite politik ❎
Kita dukung 01 utk kesejahteraan dan kemakmuran rakyat , serta keadilan sosial bagi seluruh rakyat Indonesia ✅"
iyoghopile_02,@visit_kalsel_new makan taik itu sm mu😂😂,0,0,1,visit_kalsel_new,"Para artis dan selebgram dukung 02 utk kelancaran bisnisnya dan kemakmuran para pejabat , elite politik ❎
Kita dukung 01 utk kesejahteraan dan kemakmuran rakyat , serta keadilan sosial bagi seluruh rakyat Indonesia ✅"
choemis1,"@tommy_alvian itu menurut pikiran mu,lah rakyat jg dah pintat dan pake otak waras milih 02,ga kaya jungjunan mu janji janji doank",0,0,1,visit_kalsel_new,"Para artis dan selebgram dukung 02 utk kelancaran bisnisnya dan kemakmuran para pejabat , elite politik ❎
Kita dukung 01 utk kesejahteraan dan kemakmuran rakyat , serta keadilan sosial bagi seluruh rakyat Indonesia ✅"
darknessinyou_654,@visit_kalsel_new bacod,0,0,1,visit_kalsel_new,"Para artis dan selebgram dukung 02 utk kelancaran bisnisnya dan kemakmuran para pejabat , elite politik ❎
Kita dukung 01 utk kesejahteraan dan kemakmuran rakyat , serta keadilan sosial bagi seluruh rakyat Indonesia ✅"
visit_kalsel_new,"@choemis1 mau d bw kmna negeri ini klo cuma joget2x, kmna ja kau hbs dari goa ya, liat Jakarta tu lbh maju dri pd jaman ahok 😁 gunakan akal pikiran loe cari data faktany jgn cm prcaya buzzer 😵",0,0,1,visit_kalsel_new,"Para artis dan selebgram dukung 02 utk kelancaran bisnisnya dan kemakmuran para pejabat , elite politik ❎
Kita dukung 01 utk kesejahteraan dan kemakmuran rakyat , serta keadilan sosial bagi seluruh rakyat Indonesia ✅"
saepudin92_,@visit_kalsel_new Mantap betul ☝️☝️☝️,0,0,1,visit_kalsel_new,"Para artis dan selebgram dukung 02 utk kelancaran bisnisnya dan kemakmuran para pejabat , elite politik ❎
Kita dukung 01 utk kesejahteraan dan kemakmuran rakyat , serta keadilan sosial bagi seluruh rakyat Indonesia ✅"
rizzzzzzky.e,@visit_kalsel_new najis geli bgt gua sama anis jijik🤣🤣🤣🤣,0,0,1,visit_kalsel_new,"Para artis dan selebgram dukung 02 utk kelancaran bisnisnya dan kemakmuran para pejabat , elite politik ❎
Kita dukung 01 utk kesejahteraan dan kemakmuran rakyat , serta keadilan sosial bagi seluruh rakyat Indonesia ✅"
shandi_rhmddnr,@visit_kalsel_new iri dengki terlihat jelas pada anda,0,0,1,visit_kalsel_new,"Para artis dan selebgram dukung 02 utk kelancaran bisnisnya dan kemakmuran para pejabat , elite politik ❎
Kita dukung 01 utk kesejahteraan dan kemakmuran rakyat , serta keadilan sosial bagi seluruh rakyat Indonesia ✅"
rnd_rahayaan,@visit_kalsel_new sapa sii iri yah iri yah 😂😂 udik yah udik yah😂😂😂 ngak mampu yah ngak mampu yah 😂😂😂,0,0,1,visit_kalsel_new,"Para artis dan selebgram dukung 02 utk kelancaran bisnisnya dan kemakmuran para pejabat , elite politik ❎
Kita dukung 01 utk kesejahteraan dan kemakmuran rakyat , serta keadilan sosial bagi seluruh rakyat Indonesia ✅"
yayaproblem,@visit_kalsel_new sesat Indonesia jadinya 🗿,0,0,1,visit_kalsel_new,"Para artis dan selebgram dukung 02 utk kelancaran bisnisnya dan kemakmuran para pejabat , elite politik ❎
Kita dukung 01 utk kesejahteraan dan kemakmuran rakyat , serta keadilan sosial bagi seluruh rakyat Indonesia ✅"
bagasardi_98,@visit_kalsel_new 😂😂😂😂😂😂panas boloo kalungan Himalaya,0,0,1,visit_kalsel_new,"Para artis dan selebgram dukung 02 utk kelancaran bisnisnya dan kemakmuran para pejabat , elite politik ❎
Kita dukung 01 utk kesejahteraan dan kemakmuran rakyat , serta keadilan sosial bagi seluruh rakyat Indonesia ✅"
justxall7,"@visit_kalsel_new ga ada yg nanya, habitat lu bukan di sini",0,0,1,visit_kalsel_new,"Para artis dan selebgram dukung 02 utk kelancaran bisnisnya dan kemakmuran para pejabat , elite politik ❎
Kita dukung 01 utk kesejahteraan dan kemakmuran rakyat , serta keadilan sosial bagi seluruh rakyat Indonesia ✅"
streetfashionnn16,@visit_kalsel_new gimana rakyat mau sejahtera klu usahanya ngga lancar,0,0,1,visit_kalsel_new,"Para artis dan selebgram dukung 02 utk kelancaran bisnisnya dan kemakmuran para pejabat , elite politik ❎
Kita dukung 01 utk kesejahteraan dan kemakmuran rakyat , serta keadilan sosial bagi seluruh rakyat Indonesia ✅"
wisnu_sadamrizky,@visit_kalsel_new kentut,0,0,1,visit_kalsel_new,"Para artis dan selebgram dukung 02 utk kelancaran bisnisnya dan kemakmuran para pejabat , elite politik ❎
Kita dukung 01 utk kesejahteraan dan kemakmuran rakyat , serta keadilan sosial bagi seluruh rakyat Indonesia ✅"
__thisisannaa,@visit_kalsel_new akun bot nyampah komen begini😂,0,0,1,visit_kalsel_new,"Para artis dan selebgram dukung 02 utk kelancaran bisnisnya dan kemakmuran para pejabat , elite politik ❎
Kita dukung 01 utk kesejahteraan dan kemakmuran rakyat , serta keadilan sosial bagi seluruh rakyat Indonesia ✅"
krisstantomechel,@visit_kalsel_new kek nya abg nya katarak yah atlet ajh banyak di situ dan Rakyat juga bg aduh atuh kacaw,0,0,1,visit_kalsel_new,"Para artis dan selebgram dukung 02 utk kelancaran bisnisnya dan kemakmuran para pejabat , elite politik ❎
Kita dukung 01 utk kesejahteraan dan kemakmuran rakyat , serta keadilan sosial bagi seluruh rakyat Indonesia ✅"
bathara_saputra,"@visit_kalsel_new 😂😂😂😂 negara Indonesia nggak akan maju"" trus jadi negara berkembang kalau dia yng pegang, apa lagi anis dan tom lembong antek asing terlebih lagi dibelakangnya ada amin rais 😂 . Gus Dur belike: amin rais hanyalah anjing politik",0,0,1,visit_kalsel_new,"Para artis dan selebgram dukung 02 utk kelancaran bisnisnya dan kemakmuran para pejabat , elite politik ❎
Kita dukung 01 utk kesejahteraan dan kemakmuran rakyat , serta keadilan sosial bagi seluruh rakyat Indonesia ✅"
indahpuspitapranowo,@visit_kalsel_new lu aja sendiri,0,0,1,visit_kalsel_new,"Para artis dan selebgram dukung 02 utk kelancaran bisnisnya dan kemakmuran para pejabat , elite politik ❎
Kita dukung 01 utk kesejahteraan dan kemakmuran rakyat , serta keadilan sosial bagi seluruh rakyat Indonesia ✅"
ajengindp,@visit_kalsel_new iri ya bilang dong😂,0,0,1,visit_kalsel_new,"Para artis dan selebgram dukung 02 utk kelancaran bisnisnya dan kemakmuran para pejabat , elite politik ❎
Kita dukung 01 utk kesejahteraan dan kemakmuran rakyat , serta keadilan sosial bagi seluruh rakyat Indonesia ✅"
nona_cinta22,@visit_kalsel_new kesejahteraan partai kalikkkk,0,0,1,visit_kalsel_new,"Para artis dan selebgram dukung 02 utk kelancaran bisnisnya dan kemakmuran para pejabat , elite politik ❎
Kita dukung 01 utk kesejahteraan dan kemakmuran rakyat , serta keadilan sosial bagi seluruh rakyat Indonesia ✅"
visit_kalsel_new,"@luas.mkhtb kayanya anda pdkung oligarki dan dinasti politik ya.. 😂, buka hati dan pikiran mau aja d kibuli buzzer 02 , cerdas lah jadi org 😂",0,0,1,visit_kalsel_new,"Para artis dan selebgram dukung 02 utk kelancaran bisnisnya dan kemakmuran para pejabat , elite politik ❎
Kita dukung 01 utk kesejahteraan dan kemakmuran rakyat , serta keadilan sosial bagi seluruh rakyat Indonesia ✅"
visit_kalsel_new,@wisnu_sadamrizky dkung ja sono kuat2x joget2x smpe encokk.. sampe habis hutan d babat banjir d mana2x singkong gak tumbuh2x 😵,0,0,1,visit_kalsel_new,"Para artis dan selebgram dukung 02 utk kelancaran bisnisnya dan kemakmuran para pejabat , elite politik ❎
Kita dukung 01 utk kesejahteraan dan kemakmuran rakyat , serta keadilan sosial bagi seluruh rakyat Indonesia ✅"
vicky_alycia_fitri,@visit_kalsel_new cieee😂😂 panas ciee,0,0,1,visit_kalsel_new,"Para artis dan selebgram dukung 02 utk kelancaran bisnisnya dan kemakmuran para pejabat , elite politik ❎
Kita dukung 01 utk kesejahteraan dan kemakmuran rakyat , serta keadilan sosial bagi seluruh rakyat Indonesia ✅"
wisnu_sadamrizky,Banjir salahin anis jabat.a ga bnr,0,0,1,visit_kalsel_new,"Para artis dan selebgram dukung 02 utk kelancaran bisnisnya dan kemakmuran para pejabat , elite politik ❎
Kita dukung 01 utk kesejahteraan dan kemakmuran rakyat , serta keadilan sosial bagi seluruh rakyat Indonesia ✅"
visit_kalsel_new,"@vicky_alycia_putri dukung aja sono dinasti politik dan oligarki smpe kesang , jentess 😂",0,0,1,visit_kalsel_new,"Para artis dan selebgram dukung 02 utk kelancaran bisnisnya dan kemakmuran para pejabat , elite politik ❎
Kita dukung 01 utk kesejahteraan dan kemakmuran rakyat , serta keadilan sosial bagi seluruh rakyat Indonesia ✅"
madankyy,@visit_kalsel_new heran dah masih ada yg dukung 01 mukanya gak menjamin gitu,0,0,1,visit_kalsel_new,"Para artis dan selebgram dukung 02 utk kelancaran bisnisnya dan kemakmuran para pejabat , elite politik ❎
Kita dukung 01 utk kesejahteraan dan kemakmuran rakyat , serta keadilan sosial bagi seluruh rakyat Indonesia ✅"
krisstantomechel,"@visit_kalsel_new ha cerdas Maaf bg saya org bodoh yg mau belajar dengan guru bukan org yg merasa pintar ,mending merendah bg dari pada sok Pintar tapi Kerja nya Gak keliatan yg ada kerja org yg di lanjutin tapi berkedok Perubahan",0,0,1,visit_kalsel_new,"Para artis dan selebgram dukung 02 utk kelancaran bisnisnya dan kemakmuran para pejabat , elite politik ❎
Kita dukung 01 utk kesejahteraan dan kemakmuran rakyat , serta keadilan sosial bagi seluruh rakyat Indonesia ✅"
kimchi_maliq,"@sptiyaya ga toleransi gmana kak, bnyak loh gereja yang di buka imb.nya sama pak anis.",0,0,1,visit_kalsel_new,"Para artis dan selebgram dukung 02 utk kelancaran bisnisnya dan kemakmuran para pejabat , elite politik ❎
Kita dukung 01 utk kesejahteraan dan kemakmuran rakyat , serta keadilan sosial bagi seluruh rakyat Indonesia ✅"
harisefriadi_,"@visit_kalsel_new 02 kurang bro 1 lagi kemakmuran UMKM itu yg d usung gibran , wajar kami pedagang mendukung beliau ✌",0,0,1,visit_kalsel_new,"Para artis dan selebgram dukung 02 utk kelancaran bisnisnya dan kemakmuran para pejabat , elite politik ❎
Kita dukung 01 utk kesejahteraan dan kemakmuran rakyat , serta keadilan sosial bagi seluruh rakyat Indonesia ✅"
yuliaherpitiana,@visit_kalsel_new lu ngapain nyasar disini 🤣🤣🤣🤣,0,0,1,visit_kalsel_new,"Para artis dan selebgram dukung 02 utk kelancaran bisnisnya dan kemakmuran para pejabat , elite politik ❎
Kita dukung 01 utk kesejahteraan dan kemakmuran rakyat , serta keadilan sosial bagi seluruh rakyat Indonesia ✅"
ikmerandreas_,@visit_kalsel_new 😂😂😂,0,0,1,visit_kalsel_new,"Para artis dan selebgram dukung 02 utk kelancaran bisnisnya dan kemakmuran para pejabat , elite politik ❎
Kita dukung 01 utk kesejahteraan dan kemakmuran rakyat , serta keadilan sosial bagi seluruh rakyat Indonesia ✅"
roryesvada,"@visit_kalsel_new rakyat jelata yg mati2an bela prabowo, eh prabowo malah gabung ama jokowi ATAS NAMA DEMI BANGSA 😂😂 DAN PARA RAKYAT MISKIN JELATA ALL IN ALL IN LAGI KE DIA😂😂",0,0,1,visit_kalsel_new,"Para artis dan selebgram dukung 02 utk kelancaran bisnisnya dan kemakmuran para pejabat , elite politik ❎
Kita dukung 01 utk kesejahteraan dan kemakmuran rakyat , serta keadilan sosial bagi seluruh rakyat Indonesia ✅"
pipink_0504_,@visit_kalsel_new betul bnget 👏👏👏 insyallah amin 01,0,0,1,visit_kalsel_new,"Para artis dan selebgram dukung 02 utk kelancaran bisnisnya dan kemakmuran para pejabat , elite politik ❎
Kita dukung 01 utk kesejahteraan dan kemakmuran rakyat , serta keadilan sosial bagi seluruh rakyat Indonesia ✅"
rezky_hernando,@visit_kalsel_new mantap 🔥🔥,0,0,1,visit_kalsel_new,"Para artis dan selebgram dukung 02 utk kelancaran bisnisnya dan kemakmuran para pejabat , elite politik ❎
Kita dukung 01 utk kesejahteraan dan kemakmuran rakyat , serta keadilan sosial bagi seluruh rakyat Indonesia ✅"
_jfralb,"@visit_kalsel_new mereka punya otak mereka tau mana yang janji manis doang mana yang ada buktinya,dari pada agama dijadiin kampanye politik stressss",0,0,1,visit_kalsel_new,"Para artis dan selebgram dukung 02 utk kelancaran bisnisnya dan kemakmuran para pejabat , elite politik ❎
Kita dukung 01 utk kesejahteraan dan kemakmuran rakyat , serta keadilan sosial bagi seluruh rakyat Indonesia ✅"
nachikawilly,@visit_kalsel_new gerah ya gerah😂,0,0,1,visit_kalsel_new,"Para artis dan selebgram dukung 02 utk kelancaran bisnisnya dan kemakmuran para pejabat , elite politik ❎
Kita dukung 01 utk kesejahteraan dan kemakmuran rakyat , serta keadilan sosial bagi seluruh rakyat Indonesia ✅"
ernisuminar99,@visit_kalsel_new ogah,0,0,1,visit_kalsel_new,"Para artis dan selebgram dukung 02 utk kelancaran bisnisnya dan kemakmuran para pejabat , elite politik ❎
Kita dukung 01 utk kesejahteraan dan kemakmuran rakyat , serta keadilan sosial bagi seluruh rakyat Indonesia ✅"
dewaumbuu,@visit_kalsel_new makanya kerja biar gak miskin 😂,0,0,1,visit_kalsel_new,"Para artis dan selebgram dukung 02 utk kelancaran bisnisnya dan kemakmuran para pejabat , elite politik ❎
Kita dukung 01 utk kesejahteraan dan kemakmuran rakyat , serta keadilan sosial bagi seluruh rakyat Indonesia ✅"
putriahasibuan24,@visit_kalsel_new idihhh 😂,0,0,1,visit_kalsel_new,"Para artis dan selebgram dukung 02 utk kelancaran bisnisnya dan kemakmuran para pejabat , elite politik ❎
Kita dukung 01 utk kesejahteraan dan kemakmuran rakyat , serta keadilan sosial bagi seluruh rakyat Indonesia ✅"
susanto_arismunandar,@urukanime rakyat berseragam😢😮,0,0,1,visit_kalsel_new,"Para artis dan selebgram dukung 02 utk kelancaran bisnisnya dan kemakmuran para pejabat , elite politik ❎
Kita dukung 01 utk kesejahteraan dan kemakmuran rakyat , serta keadilan sosial bagi seluruh rakyat Indonesia ✅"
jolelgonzalez1,@visit_kalsel_new ☝️ Anda Cerdas 1,0,0,1,visit_kalsel_new,"Para artis dan selebgram dukung 02 utk kelancaran bisnisnya dan kemakmuran para pejabat , elite politik ❎
Kita dukung 01 utk kesejahteraan dan kemakmuran rakyat , serta keadilan sosial bagi seluruh rakyat Indonesia ✅"
ss._riani,@visit_kalsel_new emang yakin ?,0,0,1,visit_kalsel_new,"Para artis dan selebgram dukung 02 utk kelancaran bisnisnya dan kemakmuran para pejabat , elite politik ❎
Kita dukung 01 utk kesejahteraan dan kemakmuran rakyat , serta keadilan sosial bagi seluruh rakyat Indonesia ✅"
senja.till.dawn,@visit_kalsel_new demikian ucap pendukung yg sudah apatis krn paslonnya akan kalah 😢,0,0,1,visit_kalsel_new,"Para artis dan selebgram dukung 02 utk kelancaran bisnisnya dan kemakmuran para pejabat , elite politik ❎
Kita dukung 01 utk kesejahteraan dan kemakmuran rakyat , serta keadilan sosial bagi seluruh rakyat Indonesia ✅"
fiiq.sinaga,@visit_kalsel_new yakin makmur hidup lu milih anis pepek,0,0,1,visit_kalsel_new,"Para artis dan selebgram dukung 02 utk kelancaran bisnisnya dan kemakmuran para pejabat , elite politik ❎
Kita dukung 01 utk kesejahteraan dan kemakmuran rakyat , serta keadilan sosial bagi seluruh rakyat Indonesia ✅"
renie.octavia,@visit_kalsel_new karepmulah,0,0,1,visit_kalsel_new,"Para artis dan selebgram dukung 02 utk kelancaran bisnisnya dan kemakmuran para pejabat , elite politik ❎
Kita dukung 01 utk kesejahteraan dan kemakmuran rakyat , serta keadilan sosial bagi seluruh rakyat Indonesia ✅"
hokage_545445,@visit_kalsel_new ini contoh rakyat jelata yang pengen hidupnya miskin terus 😂😂😂,0,0,1,visit_kalsel_new,"Para artis dan selebgram dukung 02 utk kelancaran bisnisnya dan kemakmuran para pejabat , elite politik ❎
Kita dukung 01 utk kesejahteraan dan kemakmuran rakyat , serta keadilan sosial bagi seluruh rakyat Indonesia ✅"
krisdianzt_,"@visit_kalsel_new bg lu gak usah komen,  lu gak di ajak😂",0,0,1,visit_kalsel_new,"Para artis dan selebgram dukung 02 utk kelancaran bisnisnya dan kemakmuran para pejabat , elite politik ❎
Kita dukung 01 utk kesejahteraan dan kemakmuran rakyat , serta keadilan sosial bagi seluruh rakyat Indonesia ✅"
popypuspitawati,"@visit_kalsel_new knp jd bwa2 profesi artis n selebgram? Smua profesi sm saja sm2 rakyat indonesia dan pnya hak asasi utk memilih dgn hati nurani dan alasan masing2. Mereka artis ngetop ya krn kerja dr pagi smpe pagi. Artis jg byk yg berawal dr orang susah kok. Bukan lahir lngsng dr konglomerat. Ad ribuan kok artis indonesia, emg pnya data smua milih 02? itu kan yg br bbrp yg diekspose saja. Jgn menyimpulkan sendiri, jgn baper.",0,0,1,visit_kalsel_new,"Para artis dan selebgram dukung 02 utk kelancaran bisnisnya dan kemakmuran para pejabat , elite politik ❎
Kita dukung 01 utk kesejahteraan dan kemakmuran rakyat , serta keadilan sosial bagi seluruh rakyat Indonesia ✅"
mattchalav_u,@_paadddd kalungin kulkas mbaaa😭,0,0,1,visit_kalsel_new,"Para artis dan selebgram dukung 02 utk kelancaran bisnisnya dan kemakmuran para pejabat , elite politik ❎
Kita dukung 01 utk kesejahteraan dan kemakmuran rakyat , serta keadilan sosial bagi seluruh rakyat Indonesia ✅"
_paadddd,@ayu_nrsyfa heh cok gua cwo,1,0,1,visit_kalsel_new,"Para artis dan selebgram dukung 02 utk kelancaran bisnisnya dan kemakmuran para pejabat , elite politik ❎
Kita dukung 01 utk kesejahteraan dan kemakmuran rakyat , serta keadilan sosial bagi seluruh rakyat Indonesia ✅"
sarah_htgl,@visit_kalsel_new mak eakk😂,0,0,1,visit_kalsel_new,"Para artis dan selebgram dukung 02 utk kelancaran bisnisnya dan kemakmuran para pejabat , elite politik ❎
Kita dukung 01 utk kesejahteraan dan kemakmuran rakyat , serta keadilan sosial bagi seluruh rakyat Indonesia ✅"
_yahhh.__,@visit_kalsel_new Pian ja gen sorngn situ no 1 wkk,0,0,1,visit_kalsel_new,"Para artis dan selebgram dukung 02 utk kelancaran bisnisnya dan kemakmuran para pejabat , elite politik ❎
Kita dukung 01 utk kesejahteraan dan kemakmuran rakyat , serta keadilan sosial bagi seluruh rakyat Indonesia ✅"
visit_kalsel_new,"@_yahhh.__  miris sdh trmkn hoax para buzzer, lbh mndkung dinasti politik dan oligarki merjalela.. 😵",0,0,1,visit_kalsel_new,"Para artis dan selebgram dukung 02 utk kelancaran bisnisnya dan kemakmuran para pejabat , elite politik ❎
Kita dukung 01 utk kesejahteraan dan kemakmuran rakyat , serta keadilan sosial bagi seluruh rakyat Indonesia ✅"
ekchalina,"@visit_kalsel_new  aku bukan artis, bukan pejabat.. tapi tahulah siapa yang saya pilih 😂✌️✌️✌️",0,0,1,visit_kalsel_new,"Para artis dan selebgram dukung 02 utk kelancaran bisnisnya dan kemakmuran para pejabat , elite politik ❎
Kita dukung 01 utk kesejahteraan dan kemakmuran rakyat , serta keadilan sosial bagi seluruh rakyat Indonesia ✅"
syaaaaqill_,@visit_kalsel_new yg bner aja,0,0,1,visit_kalsel_new,"Para artis dan selebgram dukung 02 utk kelancaran bisnisnya dan kemakmuran para pejabat , elite politik ❎
Kita dukung 01 utk kesejahteraan dan kemakmuran rakyat , serta keadilan sosial bagi seluruh rakyat Indonesia ✅"
tuti_ass,@visit_kalsel_new vanas bosss😂😂,0,0,1,visit_kalsel_new,"Para artis dan selebgram dukung 02 utk kelancaran bisnisnya dan kemakmuran para pejabat , elite politik ❎
Kita dukung 01 utk kesejahteraan dan kemakmuran rakyat , serta keadilan sosial bagi seluruh rakyat Indonesia ✅"
uttasyahputra,@visit_kalsel_new liat liat lagi dah di setiap paslon ada influencer sama artisnya juga buat apa? Sama sama buat dongkrak elektabilitas tapi beda nya yg di 02 berhasil naikin elektabilitas yg di paslon 01 & 03 gak ada hasil apa apa wlwkwk,0,0,1,visit_kalsel_new,"Para artis dan selebgram dukung 02 utk kelancaran bisnisnya dan kemakmuran para pejabat , elite politik ❎
Kita dukung 01 utk kesejahteraan dan kemakmuran rakyat , serta keadilan sosial bagi seluruh rakyat Indonesia ✅"
mattchalav_u,@_paadddd maaf mas ga tau🙏😭,1,0,1,visit_kalsel_new,"Para artis dan selebgram dukung 02 utk kelancaran bisnisnya dan kemakmuran para pejabat , elite politik ❎
Kita dukung 01 utk kesejahteraan dan kemakmuran rakyat , serta keadilan sosial bagi seluruh rakyat Indonesia ✅"
arnie.ibuhebat,@visit_kalsel_new pret 😂,0,0,1,visit_kalsel_new,"Para artis dan selebgram dukung 02 utk kelancaran bisnisnya dan kemakmuran para pejabat , elite politik ❎
Kita dukung 01 utk kesejahteraan dan kemakmuran rakyat , serta keadilan sosial bagi seluruh rakyat Indonesia ✅"
mhdagussalim05,@visit_kalsel_new wkwkw. Fitnah aja terus kami suka di fitnah 😂,0,0,1,visit_kalsel_new,"Para artis dan selebgram dukung 02 utk kelancaran bisnisnya dan kemakmuran para pejabat , elite politik ❎
Kita dukung 01 utk kesejahteraan dan kemakmuran rakyat , serta keadilan sosial bagi seluruh rakyat Indonesia ✅"
alif_fauziansyah19,"@visit_kalsel_new Panik ya Panik yaa,, Es batu mana Es batuu 😂",0,0,1,visit_kalsel_new,"Para artis dan selebgram dukung 02 utk kelancaran bisnisnya dan kemakmuran para pejabat , elite politik ❎
Kita dukung 01 utk kesejahteraan dan kemakmuran rakyat , serta keadilan sosial bagi seluruh rakyat Indonesia ✅"
yusri_ria,@visit_kalsel_new pendukung anis susah di nasehatin emng wkwk,0,0,1,visit_kalsel_new,"Para artis dan selebgram dukung 02 utk kelancaran bisnisnya dan kemakmuran para pejabat , elite politik ❎
Kita dukung 01 utk kesejahteraan dan kemakmuran rakyat , serta keadilan sosial bagi seluruh rakyat Indonesia ✅"
tyaagustinaputriiee,@visit_kalsel_new preetttt. Prett preeett hoax!,0,0,1,visit_kalsel_new,"Para artis dan selebgram dukung 02 utk kelancaran bisnisnya dan kemakmuran para pejabat , elite politik ❎
Kita dukung 01 utk kesejahteraan dan kemakmuran rakyat , serta keadilan sosial bagi seluruh rakyat Indonesia ✅"
eben._____,@visit_kalsel_new ini penganut anis.bukan lagi pendukung,0,0,1,visit_kalsel_new,"Para artis dan selebgram dukung 02 utk kelancaran bisnisnya dan kemakmuran para pejabat , elite politik ❎
Kita dukung 01 utk kesejahteraan dan kemakmuran rakyat , serta keadilan sosial bagi seluruh rakyat Indonesia ✅"
djaang_93,@visit_kalsel_new hahaha pendukung capres kere lagi bersabda 😂,0,0,1,visit_kalsel_new,"Para artis dan selebgram dukung 02 utk kelancaran bisnisnya dan kemakmuran para pejabat , elite politik ❎
Kita dukung 01 utk kesejahteraan dan kemakmuran rakyat , serta keadilan sosial bagi seluruh rakyat Indonesia ✅"
rsyid__nexci,@visit_kalsel_new minimal jangan jual agama bos ku 😎😎😎,0,0,1,visit_kalsel_new,"Para artis dan selebgram dukung 02 utk kelancaran bisnisnya dan kemakmuran para pejabat , elite politik ❎
Kita dukung 01 utk kesejahteraan dan kemakmuran rakyat , serta keadilan sosial bagi seluruh rakyat Indonesia ✅"
masbotak17,@visit_kalsel_new Udah Berak belum pas mau comen😂,0,0,1,visit_kalsel_new,"Para artis dan selebgram dukung 02 utk kelancaran bisnisnya dan kemakmuran para pejabat , elite politik ❎
Kita dukung 01 utk kesejahteraan dan kemakmuran rakyat , serta keadilan sosial bagi seluruh rakyat Indonesia ✅"
inifendiiiiiiiiiii,"@visit_kalsel_new kalau emang keadilan sosial bagi seluruh rakyat indonesia, coba suruh datang ke kediri, katanya keadilan sosial bagi seluruh Indonesia😂",0,0,1,visit_kalsel_new,"Para artis dan selebgram dukung 02 utk kelancaran bisnisnya dan kemakmuran para pejabat , elite politik ❎
Kita dukung 01 utk kesejahteraan dan kemakmuran rakyat , serta keadilan sosial bagi seluruh rakyat Indonesia ✅"
2nd_account.id,@visit_kalsel_new siap2in mental lihat prabowo dilantik jadi presiden ya😂,0,0,1,visit_kalsel_new,"Para artis dan selebgram dukung 02 utk kelancaran bisnisnya dan kemakmuran para pejabat , elite politik ❎
Kita dukung 01 utk kesejahteraan dan kemakmuran rakyat , serta keadilan sosial bagi seluruh rakyat Indonesia ✅"
siti.fatimah5437,@visit_kalsel_new #aniesforpresidenri2024  insyaallah 🤲,0,0,1,visit_kalsel_new,"Para artis dan selebgram dukung 02 utk kelancaran bisnisnya dan kemakmuran para pejabat , elite politik ❎
Kita dukung 01 utk kesejahteraan dan kemakmuran rakyat , serta keadilan sosial bagi seluruh rakyat Indonesia ✅"
surtinaaa_harahap,@visit_kalsel_new lucu bacanyaaa😂😂😂,0,0,1,visit_kalsel_new,"Para artis dan selebgram dukung 02 utk kelancaran bisnisnya dan kemakmuran para pejabat , elite politik ❎
Kita dukung 01 utk kesejahteraan dan kemakmuran rakyat , serta keadilan sosial bagi seluruh rakyat Indonesia ✅"
fffahrejaa_,"@visit_kalsel_new yaps bisa jadi buat kelancaran bisnisnya, tapi jan salah liat si rafi, baim dkk gabosen² dia sedekah buat rakyat miskin, apakah itu masih tindakan yang salah?",0,0,1,visit_kalsel_new,"Para artis dan selebgram dukung 02 utk kelancaran bisnisnya dan kemakmuran para pejabat , elite politik ❎
Kita dukung 01 utk kesejahteraan dan kemakmuran rakyat , serta keadilan sosial bagi seluruh rakyat Indonesia ✅"
aryf_tj,@visit_kalsel_new panas nih yeee 😂😂😂 blok,0,0,1,visit_kalsel_new,"Para artis dan selebgram dukung 02 utk kelancaran bisnisnya dan kemakmuran para pejabat , elite politik ❎
Kita dukung 01 utk kesejahteraan dan kemakmuran rakyat , serta keadilan sosial bagi seluruh rakyat Indonesia ✅"
rafaniaz1515,@visit_kalsel_new 🔥🔥🔥🔥,0,0,1,visit_kalsel_new,"Para artis dan selebgram dukung 02 utk kelancaran bisnisnya dan kemakmuran para pejabat , elite politik ❎
Kita dukung 01 utk kesejahteraan dan kemakmuran rakyat , serta keadilan sosial bagi seluruh rakyat Indonesia ✅"
ribka_yantiii,@visit_kalsel_new gak percaya,0,0,1,visit_kalsel_new,"Para artis dan selebgram dukung 02 utk kelancaran bisnisnya dan kemakmuran para pejabat , elite politik ❎
Kita dukung 01 utk kesejahteraan dan kemakmuran rakyat , serta keadilan sosial bagi seluruh rakyat Indonesia ✅"
dnovaldo,"@visit_kalsel_new Aku, kau kami dan kita generasi muda siap berjuang bersama bapak Anis-muhaimin
Salam perubahan",0,0,1,visit_kalsel_new,"Para artis dan selebgram dukung 02 utk kelancaran bisnisnya dan kemakmuran para pejabat , elite politik ❎
Kita dukung 01 utk kesejahteraan dan kemakmuran rakyat , serta keadilan sosial bagi seluruh rakyat Indonesia ✅"
diantanjungdev,@visit_kalsel_new ok gas 01,0,0,1,visit_kalsel_new,"Para artis dan selebgram dukung 02 utk kelancaran bisnisnya dan kemakmuran para pejabat , elite politik ❎
Kita dukung 01 utk kesejahteraan dan kemakmuran rakyat , serta keadilan sosial bagi seluruh rakyat Indonesia ✅"
erna.wijaya.92,@visit_kalsel_new iri bilang bos 😂,0,0,1,visit_kalsel_new,"Para artis dan selebgram dukung 02 utk kelancaran bisnisnya dan kemakmuran para pejabat , elite politik ❎
Kita dukung 01 utk kesejahteraan dan kemakmuran rakyat , serta keadilan sosial bagi seluruh rakyat Indonesia ✅"
taufan_gibran10,@visit_kalsel_new cieee miskin,0,0,1,visit_kalsel_new,"Para artis dan selebgram dukung 02 utk kelancaran bisnisnya dan kemakmuran para pejabat , elite politik ❎
Kita dukung 01 utk kesejahteraan dan kemakmuran rakyat , serta keadilan sosial bagi seluruh rakyat Indonesia ✅"
alfianwardhana82,@visit_kalsel_new miris liat akun ini kemna2 komen menyupani aja ganti aja nama akun tu jgn kalsel kytu,0,0,1,visit_kalsel_new,"Para artis dan selebgram dukung 02 utk kelancaran bisnisnya dan kemakmuran para pejabat , elite politik ❎
Kita dukung 01 utk kesejahteraan dan kemakmuran rakyat , serta keadilan sosial bagi seluruh rakyat Indonesia ✅"
dhenfaidzz,@visit_kalsel_new kalo belum tau AS diem tod,0,0,1,visit_kalsel_new,"Para artis dan selebgram dukung 02 utk kelancaran bisnisnya dan kemakmuran para pejabat , elite politik ❎
Kita dukung 01 utk kesejahteraan dan kemakmuran rakyat , serta keadilan sosial bagi seluruh rakyat Indonesia ✅"
m.salahhuddin,@visit_kalsel_new halaah bosan guaaa denger omon omon semacam itu selama gua hidup,0,0,1,visit_kalsel_new,"Para artis dan selebgram dukung 02 utk kelancaran bisnisnya dan kemakmuran para pejabat , elite politik ❎
Kita dukung 01 utk kesejahteraan dan kemakmuran rakyat , serta keadilan sosial bagi seluruh rakyat Indonesia ✅"
indah_juany,@visit_kalsel_new salah kamar,0,0,1,visit_kalsel_new,"Para artis dan selebgram dukung 02 utk kelancaran bisnisnya dan kemakmuran para pejabat , elite politik ❎
Kita dukung 01 utk kesejahteraan dan kemakmuran rakyat , serta keadilan sosial bagi seluruh rakyat Indonesia ✅"
iwayanharyanta,@visit_kalsel_panassss😂😂,0,0,1,visit_kalsel_new,"Para artis dan selebgram dukung 02 utk kelancaran bisnisnya dan kemakmuran para pejabat , elite politik ❎
Kita dukung 01 utk kesejahteraan dan kemakmuran rakyat , serta keadilan sosial bagi seluruh rakyat Indonesia ✅"
nggerbagus,@visit_kalsel_new yess ☝☝☝☝☝☝☝☝,0,0,1,visit_kalsel_new,"Para artis dan selebgram dukung 02 utk kelancaran bisnisnya dan kemakmuran para pejabat , elite politik ❎
Kita dukung 01 utk kesejahteraan dan kemakmuran rakyat , serta keadilan sosial bagi seluruh rakyat Indonesia ✅"
aliyyamarsya,@rinindriyanii 😂,0,0,1,visit_kalsel_new,"Para artis dan selebgram dukung 02 utk kelancaran bisnisnya dan kemakmuran para pejabat , elite politik ❎
Kita dukung 01 utk kesejahteraan dan kemakmuran rakyat , serta keadilan sosial bagi seluruh rakyat Indonesia ✅"
istianidevy,@visit_kalsel_new gak kitaa.. kamu aja,0,0,1,visit_kalsel_new,"Para artis dan selebgram dukung 02 utk kelancaran bisnisnya dan kemakmuran para pejabat , elite politik ❎
Kita dukung 01 utk kesejahteraan dan kemakmuran rakyat , serta keadilan sosial bagi seluruh rakyat Indonesia ✅"
dikawey,@visit_kalsel_new okeh,0,0,1,visit_kalsel_new,"Para artis dan selebgram dukung 02 utk kelancaran bisnisnya dan kemakmuran para pejabat , elite politik ❎
Kita dukung 01 utk kesejahteraan dan kemakmuran rakyat , serta keadilan sosial bagi seluruh rakyat Indonesia ✅"
scccnaavnly,@visit_kalsel_new kamu ga diajak dilarang numpang lapak buat kampanye yeee,0,0,1,visit_kalsel_new,"Para artis dan selebgram dukung 02 utk kelancaran bisnisnya dan kemakmuran para pejabat , elite politik ❎
Kita dukung 01 utk kesejahteraan dan kemakmuran rakyat , serta keadilan sosial bagi seluruh rakyat Indonesia ✅"
sr._nada,@visit_kalsel_new cie panas ciee,0,0,1,visit_kalsel_new,"Para artis dan selebgram dukung 02 utk kelancaran bisnisnya dan kemakmuran para pejabat , elite politik ❎
Kita dukung 01 utk kesejahteraan dan kemakmuran rakyat , serta keadilan sosial bagi seluruh rakyat Indonesia ✅"
machal_serapunan,"@visit_kalsel_new bkin malu sbgai warga kalsel aj km nih,klo ikm dkung anis silahkan tpi jngn pakai akun yg mnyangkut paut kan klompok org bnyak,ak kalsel asli tapin,bgawi tambang tetep dkung prabowo... Wajar beda pilihan tpi kd ush lh km mmburuk akn plihan org tu,ngaku demokrasi beda pilihan km hujat,beapik sdikit mngtas nma akn kalsel lah",0,0,1,visit_kalsel_new,"Para artis dan selebgram dukung 02 utk kelancaran bisnisnya dan kemakmuran para pejabat , elite politik ❎
Kita dukung 01 utk kesejahteraan dan kemakmuran rakyat , serta keadilan sosial bagi seluruh rakyat Indonesia ✅"
bi.ask.g,@visit_kalsel_new oh... Yang sandiwara kesejahteraan petani dan nelayan itu ya kak ?,0,0,1,visit_kalsel_new,"Para artis dan selebgram dukung 02 utk kelancaran bisnisnya dan kemakmuran para pejabat , elite politik ❎
Kita dukung 01 utk kesejahteraan dan kemakmuran rakyat , serta keadilan sosial bagi seluruh rakyat Indonesia ✅"
ismailakbar372,@visit_kalsel_new kita lo aja x,0,0,1,visit_kalsel_new,"Para artis dan selebgram dukung 02 utk kelancaran bisnisnya dan kemakmuran para pejabat , elite politik ❎
Kita dukung 01 utk kesejahteraan dan kemakmuran rakyat , serta keadilan sosial bagi seluruh rakyat Indonesia ✅"
al.mhmuda,@visit_kalsel_new jauh nya komen di sini min 😂😂 banyak buzzer 02 dsini 🤣,0,0,1,visit_kalsel_new,"Para artis dan selebgram dukung 02 utk kelancaran bisnisnya dan kemakmuran para pejabat , elite politik ❎
Kita dukung 01 utk kesejahteraan dan kemakmuran rakyat , serta keadilan sosial bagi seluruh rakyat Indonesia ✅"
somebyme42,@visit_kalsel_new mau di kipasin ga nehhhh?😮,0,0,1,visit_kalsel_new,"Para artis dan selebgram dukung 02 utk kelancaran bisnisnya dan kemakmuran para pejabat , elite politik ❎
Kita dukung 01 utk kesejahteraan dan kemakmuran rakyat , serta keadilan sosial bagi seluruh rakyat Indonesia ✅"
m4ng_lowkey,"@visit_kalsel_new  skrng gini, eh tapi ngundang2 artis yg katnya ber juta2 foloowers🥶🗿",0,0,1,visit_kalsel_new,"Para artis dan selebgram dukung 02 utk kelancaran bisnisnya dan kemakmuran para pejabat , elite politik ❎
Kita dukung 01 utk kesejahteraan dan kemakmuran rakyat , serta keadilan sosial bagi seluruh rakyat Indonesia ✅"
kaade152,@visit_kalsel_new iri apa gimna Ngab heran perasaan yang di permasalahkan 02 mulu. Ga suka ya skip punya hak masing masing ko aph susah nyah,0,0,1,visit_kalsel_new,"Para artis dan selebgram dukung 02 utk kelancaran bisnisnya dan kemakmuran para pejabat , elite politik ❎
Kita dukung 01 utk kesejahteraan dan kemakmuran rakyat , serta keadilan sosial bagi seluruh rakyat Indonesia ✅"
diascharmdhny_,@visit_kalsel_new kasian gk diajak.🤣🤣,0,0,1,visit_kalsel_new,"Para artis dan selebgram dukung 02 utk kelancaran bisnisnya dan kemakmuran para pejabat , elite politik ❎
Kita dukung 01 utk kesejahteraan dan kemakmuran rakyat , serta keadilan sosial bagi seluruh rakyat Indonesia ✅"
heihaijuks,@visit_kalsel_new berakkkkk,0,0,1,visit_kalsel_new,"Para artis dan selebgram dukung 02 utk kelancaran bisnisnya dan kemakmuran para pejabat , elite politik ❎
Kita dukung 01 utk kesejahteraan dan kemakmuran rakyat , serta keadilan sosial bagi seluruh rakyat Indonesia ✅"
aryantilisaa,@visit_kalsel_new dan kita akan tetanggaan dengan rohigyaa,0,0,1,visit_kalsel_new,"Para artis dan selebgram dukung 02 utk kelancaran bisnisnya dan kemakmuran para pejabat , elite politik ❎
Kita dukung 01 utk kesejahteraan dan kemakmuran rakyat , serta keadilan sosial bagi seluruh rakyat Indonesia ✅"
annisatoyota_official,@visit_kalsel_new laahh tapi katanya pendukung 02 rakyat rendahhan SDM rendah berpendidikan rendah kok jadi dibalik,0,0,1,visit_kalsel_new,"Para artis dan selebgram dukung 02 utk kelancaran bisnisnya dan kemakmuran para pejabat , elite politik ❎
Kita dukung 01 utk kesejahteraan dan kemakmuran rakyat , serta keadilan sosial bagi seluruh rakyat Indonesia ✅"
fourlions06,@visit_kalsel_new yakiiin????,0,0,1,visit_kalsel_new,"Para artis dan selebgram dukung 02 utk kelancaran bisnisnya dan kemakmuran para pejabat , elite politik ❎
Kita dukung 01 utk kesejahteraan dan kemakmuran rakyat , serta keadilan sosial bagi seluruh rakyat Indonesia ✅"
anita_rahaman,"@visit_kalsel_new buktiny ada ga , gubernur terburuk aja di sematkn ke beliau🙏",0,0,1,visit_kalsel_new,"Para artis dan selebgram dukung 02 utk kelancaran bisnisnya dan kemakmuran para pejabat , elite politik ❎
Kita dukung 01 utk kesejahteraan dan kemakmuran rakyat , serta keadilan sosial bagi seluruh rakyat Indonesia ✅"
hafidzirfiansyah_,"@visit_kalsel_new nyampah aja lu,komen di akun presidenmu aja biar makin percaya diri",0,0,1,visit_kalsel_new,"Para artis dan selebgram dukung 02 utk kelancaran bisnisnya dan kemakmuran para pejabat , elite politik ❎
Kita dukung 01 utk kesejahteraan dan kemakmuran rakyat , serta keadilan sosial bagi seluruh rakyat Indonesia ✅"
herrr_116,@visit_kalsel_new bismillah 01❤️,0,0,1,visit_kalsel_new,"Para artis dan selebgram dukung 02 utk kelancaran bisnisnya dan kemakmuran para pejabat , elite politik ❎
Kita dukung 01 utk kesejahteraan dan kemakmuran rakyat , serta keadilan sosial bagi seluruh rakyat Indonesia ✅"
m_roiss26,@visit_kalsel_new 01❤️,0,0,1,visit_kalsel_new,"Para artis dan selebgram dukung 02 utk kelancaran bisnisnya dan kemakmuran para pejabat , elite politik ❎
Kita dukung 01 utk kesejahteraan dan kemakmuran rakyat , serta keadilan sosial bagi seluruh rakyat Indonesia ✅"
__nazwacdv,@visit_kalsel_new takut masuk neraka bang?,0,0,1,visit_kalsel_new,"Para artis dan selebgram dukung 02 utk kelancaran bisnisnya dan kemakmuran para pejabat , elite politik ❎
Kita dukung 01 utk kesejahteraan dan kemakmuran rakyat , serta keadilan sosial bagi seluruh rakyat Indonesia ✅"
inaafynn,"@visit_kalsel_new halah 01 aja kampanye bawa² agama bawa² ngatain haram wkw, lawak lo, jualan tuh gorengan jualan kok agamaa wkw",0,0,1,visit_kalsel_new,"Para artis dan selebgram dukung 02 utk kelancaran bisnisnya dan kemakmuran para pejabat , elite politik ❎
Kita dukung 01 utk kesejahteraan dan kemakmuran rakyat , serta keadilan sosial bagi seluruh rakyat Indonesia ✅"
lelathoifur,@visit_kalsel_new preeet😂,0,0,1,visit_kalsel_new,"Para artis dan selebgram dukung 02 utk kelancaran bisnisnya dan kemakmuran para pejabat , elite politik ❎
Kita dukung 01 utk kesejahteraan dan kemakmuran rakyat , serta keadilan sosial bagi seluruh rakyat Indonesia ✅"
dariusbanfatin96,@visit_kalsel_new apakah kamu buta apa perlu liat rekam jejaknya😂😂😂 kalau tdr itu kepala jangan di kolong tempat tidur akhirnya mimpi terbalik 😂 salam waras✌️✌️✌️,0,0,1,visit_kalsel_new,"Para artis dan selebgram dukung 02 utk kelancaran bisnisnya dan kemakmuran para pejabat , elite politik ❎
Kita dukung 01 utk kesejahteraan dan kemakmuran rakyat , serta keadilan sosial bagi seluruh rakyat Indonesia ✅"
visit_kalsel_new,"@darius_banfatin  apakah km pndukung kemakmuran elite politik dan para pejabat silahkan saja, tanggung jawab sendiri akibatnya pajak d naikkan utk menaikkan gaji para pejabat agar tdk korupsi gagasan bagus sekali ya.. 😂",0,0,1,visit_kalsel_new,"Para artis dan selebgram dukung 02 utk kelancaran bisnisnya dan kemakmuran para pejabat , elite politik ❎
Kita dukung 01 utk kesejahteraan dan kemakmuran rakyat , serta keadilan sosial bagi seluruh rakyat Indonesia ✅"
nurhasanaharifah,@visit_kalsel_new .... Yes bener,0,0,1,visit_kalsel_new,"Para artis dan selebgram dukung 02 utk kelancaran bisnisnya dan kemakmuran para pejabat , elite politik ❎
Kita dukung 01 utk kesejahteraan dan kemakmuran rakyat , serta keadilan sosial bagi seluruh rakyat Indonesia ✅"
tisitihayati,@visit_kalsel_new pretttt sutuy lu,0,0,1,visit_kalsel_new,"Para artis dan selebgram dukung 02 utk kelancaran bisnisnya dan kemakmuran para pejabat , elite politik ❎
Kita dukung 01 utk kesejahteraan dan kemakmuran rakyat , serta keadilan sosial bagi seluruh rakyat Indonesia ✅"
kikisulistiyani,@visit_kalsel_new 😂,0,0,1,visit_kalsel_new,"Para artis dan selebgram dukung 02 utk kelancaran bisnisnya dan kemakmuran para pejabat , elite politik ❎
Kita dukung 01 utk kesejahteraan dan kemakmuran rakyat , serta keadilan sosial bagi seluruh rakyat Indonesia ✅"
milda_yunitamy,@visit_kalsel_new benar bgt semoga runtuh mereka yg ingin berkuasa atas kepentingan diri sendiri,1,0,1,visit_kalsel_new,"Para artis dan selebgram dukung 02 utk kelancaran bisnisnya dan kemakmuran para pejabat , elite politik ❎
Kita dukung 01 utk kesejahteraan dan kemakmuran rakyat , serta keadilan sosial bagi seluruh rakyat Indonesia ✅"
visit_kalsel_new,"gak malu sm jilbab bu, pilih pemimpin yg tau agama, bukan nyembah sujud kuburan wktu ziarah 😵",0,0,1,visit_kalsel_new,"Para artis dan selebgram dukung 02 utk kelancaran bisnisnya dan kemakmuran para pejabat , elite politik ❎
Kita dukung 01 utk kesejahteraan dan kemakmuran rakyat , serta keadilan sosial bagi seluruh rakyat Indonesia ✅"
visit_kalsel_new,@milda_yunita89 selain memenangkan 01 kita jg hrs menyadarkan pndkung 02 agar tdk terjerumus kdlm angkara murka kpntingan elite semata,0,0,1,visit_kalsel_new,"Para artis dan selebgram dukung 02 utk kelancaran bisnisnya dan kemakmuran para pejabat , elite politik ❎
Kita dukung 01 utk kesejahteraan dan kemakmuran rakyat , serta keadilan sosial bagi seluruh rakyat Indonesia ✅"
visit_kalsel_new,"mmg kenyataannya kan d dukung para anis d dkung para ulama, bkn pak anis yg minta , mrka sndiri yg brgerak, menyampaikan dukungannya 😁, mslh d masjid gak ada bw embel-embel partai tuh cm mengingat kan jgn lupa milih tgl 14 , gak ad msyrkt yg komplain jg waktu itu,  hee😁",0,0,1,visit_kalsel_new,"Para artis dan selebgram dukung 02 utk kelancaran bisnisnya dan kemakmuran para pejabat , elite politik ❎
Kita dukung 01 utk kesejahteraan dan kemakmuran rakyat , serta keadilan sosial bagi seluruh rakyat Indonesia ✅"
tambasamuel,"@visit_kalsel_new hahahaha miris cara mu menggiring opini. Klobtak punya pendukung artis, jangan menangis yah wkwkwk",0,0,1,visit_kalsel_new,"Para artis dan selebgram dukung 02 utk kelancaran bisnisnya dan kemakmuran para pejabat , elite politik ❎
Kita dukung 01 utk kesejahteraan dan kemakmuran rakyat , serta keadilan sosial bagi seluruh rakyat Indonesia ✅"
visit_kalsel_new,"@tambasamuel opini apa an anda habis dari goa ya, itukan ada d berita & di sosmed semua yg gue bilang.. 😂",0,0,1,visit_kalsel_new,"Para artis dan selebgram dukung 02 utk kelancaran bisnisnya dan kemakmuran para pejabat , elite politik ❎
Kita dukung 01 utk kesejahteraan dan kemakmuran rakyat , serta keadilan sosial bagi seluruh rakyat Indonesia ✅"
dita_febila,"@visit_kalsel_new yakin keadilan sosial bagi seluruh rakyat indonesia?wkwk yakin bukan omong doang?01 kan pinter,pinter ngomong😂😂sekelas pak prabowo aja di khianatin apalagi rakyat biasa wkwk",0,0,1,visit_kalsel_new,"Para artis dan selebgram dukung 02 utk kelancaran bisnisnya dan kemakmuran para pejabat , elite politik ❎
Kita dukung 01 utk kesejahteraan dan kemakmuran rakyat , serta keadilan sosial bagi seluruh rakyat Indonesia ✅"
neny.ngurawan.5,@visit_kalsel_new bulshit,0,0,1,visit_kalsel_new,"Para artis dan selebgram dukung 02 utk kelancaran bisnisnya dan kemakmuran para pejabat , elite politik ❎
Kita dukung 01 utk kesejahteraan dan kemakmuran rakyat , serta keadilan sosial bagi seluruh rakyat Indonesia ✅"
visit_kalsel_new,"bulshit mana dgn mau naikin gaji para pejabat utk mencegah korupsi, mau susu grtis tpi import sapi 1,5 juta ekor dari india, mikir donk 😂",0,0,1,visit_kalsel_new,"Para artis dan selebgram dukung 02 utk kelancaran bisnisnya dan kemakmuran para pejabat , elite politik ❎
Kita dukung 01 utk kesejahteraan dan kemakmuran rakyat , serta keadilan sosial bagi seluruh rakyat Indonesia ✅"
visit_kalsel_new,"@dita_febila udh basii ini nih , makanya pke smartphone d gunakan cari fakta ny jgn cm trmakan hoax buzzer 😂, siapa yg brkhianat spa yg gak peduli dg rakyat pdkung ny wktu th 2019 byk korban tewas tpi beliau gak jenguk, malah pak anis yg datang ,  pak prabowo sndiri yg bilang aset bisnisnya mandek udh 20 th krna tdk brkuasa makany gabung jd menhan pmrnthn jokowi mikir donk 😂, siapa yg brkhianat ninggalin rakyat pndkung hayoo",0,0,1,visit_kalsel_new,"Para artis dan selebgram dukung 02 utk kelancaran bisnisnya dan kemakmuran para pejabat , elite politik ❎
Kita dukung 01 utk kesejahteraan dan kemakmuran rakyat , serta keadilan sosial bagi seluruh rakyat Indonesia ✅"
riniyansen5,@visit_kalsel_new slah lapak bos😂😂komen dilapak sebelah aj bos ku😂,0,0,1,visit_kalsel_new,"Para artis dan selebgram dukung 02 utk kelancaran bisnisnya dan kemakmuran para pejabat , elite politik ❎
Kita dukung 01 utk kesejahteraan dan kemakmuran rakyat , serta keadilan sosial bagi seluruh rakyat Indonesia ✅"
neny.ngurawan.5,@visit_kalsel_new males,0,0,1,visit_kalsel_new,"Para artis dan selebgram dukung 02 utk kelancaran bisnisnya dan kemakmuran para pejabat , elite politik ❎
Kita dukung 01 utk kesejahteraan dan kemakmuran rakyat , serta keadilan sosial bagi seluruh rakyat Indonesia ✅"
yuris_wirawan,"@visit_kalsel_new prestasi Prabowo cuma 1, berhasil mendaur ulang si anis jadi gubernur😂",0,0,1,visit_kalsel_new,"Para artis dan selebgram dukung 02 utk kelancaran bisnisnya dan kemakmuran para pejabat , elite politik ❎
Kita dukung 01 utk kesejahteraan dan kemakmuran rakyat , serta keadilan sosial bagi seluruh rakyat Indonesia ✅"
ernaladyrose28,"@visit_kalsel_new jgn ngarep,utangnya aja msih seabreg kok mkirin kesejahteraan rkyt, beras aja se pabrik dtimbun ampe busuk.. Bukannya disampaikan untuk rakyat😂blm lg caleg yg cosplay jd petani/nelayan😂pintar bermain drama😂",0,0,1,visit_kalsel_new,"Para artis dan selebgram dukung 02 utk kelancaran bisnisnya dan kemakmuran para pejabat , elite politik ❎
Kita dukung 01 utk kesejahteraan dan kemakmuran rakyat , serta keadilan sosial bagi seluruh rakyat Indonesia ✅"
visit_kalsel_new,"prestasinya mmprbyk utang negara beli Alusista bekas , sama membabat hutan dan gagal nanam singkong yg tumbuh jagung 😵",0,0,1,visit_kalsel_new,"Para artis dan selebgram dukung 02 utk kelancaran bisnisnya dan kemakmuran para pejabat , elite politik ❎
Kita dukung 01 utk kesejahteraan dan kemakmuran rakyat , serta keadilan sosial bagi seluruh rakyat Indonesia ✅"
visit_kalsel_new,"@ernaladyrose28 gak gunanya debat sm pndkung  02 udh kminum asam sulfat ya 😂, mending joget2x aja sono sampe encok.. 😂",0,0,1,visit_kalsel_new,"Para artis dan selebgram dukung 02 utk kelancaran bisnisnya dan kemakmuran para pejabat , elite politik ❎
Kita dukung 01 utk kesejahteraan dan kemakmuran rakyat , serta keadilan sosial bagi seluruh rakyat Indonesia ✅"
yuris_wirawan,"@yuris_wirawan torang 02, gasskan 🔥🔥",0,0,1,visit_kalsel_new,"Para artis dan selebgram dukung 02 utk kelancaran bisnisnya dan kemakmuran para pejabat , elite politik ❎
Kita dukung 01 utk kesejahteraan dan kemakmuran rakyat , serta keadilan sosial bagi seluruh rakyat Indonesia ✅"
dika.dip,"@visit_kalsel_new bagus kalau untuk rakyat,tapi jangan nuduh orang lain juga .yang pasti anda sendiri yang sudah berbuat jahat menuduh orang padahal jadi pejabatnya aja belum.",0,0,1,visit_kalsel_new,"Para artis dan selebgram dukung 02 utk kelancaran bisnisnya dan kemakmuran para pejabat , elite politik ❎
Kita dukung 01 utk kesejahteraan dan kemakmuran rakyat , serta keadilan sosial bagi seluruh rakyat Indonesia ✅"
trueboys7_,@visit_kalsel_new jamet,0,0,1,visit_kalsel_new,"Para artis dan selebgram dukung 02 utk kelancaran bisnisnya dan kemakmuran para pejabat , elite politik ❎
Kita dukung 01 utk kesejahteraan dan kemakmuran rakyat , serta keadilan sosial bagi seluruh rakyat Indonesia ✅"
jogja_tokosprei,@visit_kalsel_new siap menangkan 01,0,0,1,visit_kalsel_new,"Para artis dan selebgram dukung 02 utk kelancaran bisnisnya dan kemakmuran para pejabat , elite politik ❎
Kita dukung 01 utk kesejahteraan dan kemakmuran rakyat , serta keadilan sosial bagi seluruh rakyat Indonesia ✅"
annasariefraehan_,@visit_kalsel_new bacot lu muncung lu bau ampas tahu bro 😂,0,0,1,visit_kalsel_new,"Para artis dan selebgram dukung 02 utk kelancaran bisnisnya dan kemakmuran para pejabat , elite politik ❎
Kita dukung 01 utk kesejahteraan dan kemakmuran rakyat , serta keadilan sosial bagi seluruh rakyat Indonesia ✅"
widiwidski,@visit_kalsel_new gamau ah rawan korupsi wkwkw paslon gua udh tajir mampus 😂,0,0,1,visit_kalsel_new,"Para artis dan selebgram dukung 02 utk kelancaran bisnisnya dan kemakmuran para pejabat , elite politik ❎
Kita dukung 01 utk kesejahteraan dan kemakmuran rakyat , serta keadilan sosial bagi seluruh rakyat Indonesia ✅"
puttryaa,@visit_kalsel_new kita? ikam ja gin,0,0,1,visit_kalsel_new,"Para artis dan selebgram dukung 02 utk kelancaran bisnisnya dan kemakmuran para pejabat , elite politik ❎
Kita dukung 01 utk kesejahteraan dan kemakmuran rakyat , serta keadilan sosial bagi seluruh rakyat Indonesia ✅"
papoooooooooooooooo,@visit_kalsel_new situ omon,0,0,1,visit_kalsel_new,"Para artis dan selebgram dukung 02 utk kelancaran bisnisnya dan kemakmuran para pejabat , elite politik ❎
Kita dukung 01 utk kesejahteraan dan kemakmuran rakyat , serta keadilan sosial bagi seluruh rakyat Indonesia ✅"
kemonn___,@visit_kalsel_new opo iyo mas nek 01 dana e minim😂,0,0,1,visit_kalsel_new,"Para artis dan selebgram dukung 02 utk kelancaran bisnisnya dan kemakmuran para pejabat , elite politik ❎
Kita dukung 01 utk kesejahteraan dan kemakmuran rakyat , serta keadilan sosial bagi seluruh rakyat Indonesia ✅"
visit_kalsel_new,"@achmadkevin___  biar minim tpi byk d dukung rakyat y,. bkn d dukung para kuroptor 😂",0,0,1,visit_kalsel_new,"Para artis dan selebgram dukung 02 utk kelancaran bisnisnya dan kemakmuran para pejabat , elite politik ❎
Kita dukung 01 utk kesejahteraan dan kemakmuran rakyat , serta keadilan sosial bagi seluruh rakyat Indonesia ✅"
dariusbanfatin96,@visit_kalsel_new 😂😂😂01  itu harus tidak usa ikut  saja paling yang piling keluarga dalam perut saja masa ia malaikat jibril turun😂😂 orang gila pun akan waras dengar bicara omon koson😂😂,0,0,1,visit_kalsel_new,"Para artis dan selebgram dukung 02 utk kelancaran bisnisnya dan kemakmuran para pejabat , elite politik ❎
Kita dukung 01 utk kesejahteraan dan kemakmuran rakyat , serta keadilan sosial bagi seluruh rakyat Indonesia ✅"
kemonn___,@visit_kalsel_new para koruptor? Yang mana?? Panas boleh asal jangan asal nyinyir bos tunjukin lah buktinya,0,0,1,visit_kalsel_new,"Para artis dan selebgram dukung 02 utk kelancaran bisnisnya dan kemakmuran para pejabat , elite politik ❎
Kita dukung 01 utk kesejahteraan dan kemakmuran rakyat , serta keadilan sosial bagi seluruh rakyat Indonesia ✅"
adierawansyah,@visit_kalsel_new iri ni yee🤣,0,0,1,visit_kalsel_new,"Para artis dan selebgram dukung 02 utk kelancaran bisnisnya dan kemakmuran para pejabat , elite politik ❎
Kita dukung 01 utk kesejahteraan dan kemakmuran rakyat , serta keadilan sosial bagi seluruh rakyat Indonesia ✅"
henahyasiz,@visit_kalsel_new Sotauu 😂,0,0,1,visit_kalsel_new,"Para artis dan selebgram dukung 02 utk kelancaran bisnisnya dan kemakmuran para pejabat , elite politik ❎
Kita dukung 01 utk kesejahteraan dan kemakmuran rakyat , serta keadilan sosial bagi seluruh rakyat Indonesia ✅"
datang_hujan,@visit_kalsel_new warga Rohingnya,0,0,1,visit_kalsel_new,"Para artis dan selebgram dukung 02 utk kelancaran bisnisnya dan kemakmuran para pejabat , elite politik ❎
Kita dukung 01 utk kesejahteraan dan kemakmuran rakyat , serta keadilan sosial bagi seluruh rakyat Indonesia ✅"
hxsxn_in_ur_area,@visit_kalsel_new bacot,0,0,1,visit_kalsel_new,"Para artis dan selebgram dukung 02 utk kelancaran bisnisnya dan kemakmuran para pejabat , elite politik ❎
Kita dukung 01 utk kesejahteraan dan kemakmuran rakyat , serta keadilan sosial bagi seluruh rakyat Indonesia ✅"
miseyoona_,@visit_kalsel_new paslon yang lain juga ada artis dan seleb yang dukung bos apa bedanya🤣🤣🤣,0,0,1,visit_kalsel_new,"Para artis dan selebgram dukung 02 utk kelancaran bisnisnya dan kemakmuran para pejabat , elite politik ❎
Kita dukung 01 utk kesejahteraan dan kemakmuran rakyat , serta keadilan sosial bagi seluruh rakyat Indonesia ✅"
andy_dewa,@visit_kalsel_new profil dan postingan full Kalimantan /Borneo tapi dukung yang nggak rela Kalimantan maju.. gimana si,0,0,1,visit_kalsel_new,"Para artis dan selebgram dukung 02 utk kelancaran bisnisnya dan kemakmuran para pejabat , elite politik ❎
Kita dukung 01 utk kesejahteraan dan kemakmuran rakyat , serta keadilan sosial bagi seluruh rakyat Indonesia ✅"
kaaa_r03,@visit_kalsel_new emang yang disitu semua artis lebih banyak rakyat biasa kaleee🤣sewot aja,0,0,1,visit_kalsel_new,"Para artis dan selebgram dukung 02 utk kelancaran bisnisnya dan kemakmuran para pejabat , elite politik ❎
Kita dukung 01 utk kesejahteraan dan kemakmuran rakyat , serta keadilan sosial bagi seluruh rakyat Indonesia ✅"
hepikenzie,@visit_kalsel_new yakin Lo kemakmuran dari mana nya yaorang suka ngibul gitu modal bacot doank 😂😂😂😂,0,0,1,visit_kalsel_new,"Para artis dan selebgram dukung 02 utk kelancaran bisnisnya dan kemakmuran para pejabat , elite politik ❎
Kita dukung 01 utk kesejahteraan dan kemakmuran rakyat , serta keadilan sosial bagi seluruh rakyat Indonesia ✅"
reginaaugustn_,🩵,0,0,0,,
lumintangfrangky311,Ityuooo karu dia Tuama Langowan✌,0,0,0,,
luthfy_san,Salam akal sehat dan salam perubahan,0,0,0,,
oliv_gege14,semangat pk prabowo menang 1 putaran🔥✌🏻,0,0,0,,
yumnahilya_s,Bismilah abah,0,0,0,,
bungsumaria,Saya Yakin Pak Probowo Pasti Menang Jadi President 2024 🙏😇✌️✌️❤️❤️❤️❤️❤️,0,0,0,,
bungsumaria,Mantap.... ✌️✌️❤️❤️❤️,0,0,0,,
vlyandagabriel,Ka fero ke GBK jam brapa acaranya nanti,0,0,0,,
babaw_uchiha,"Bismillah, meskipun belum bisa membantu secara langsung, semoga melalui presiden yang saya pilih pak Prabowo Gibran bisa membantu adik2 sekolah yang membutuhkan makan. Semoga terealisasikan ya pak banyak rakyat yang membantu juga ✌️❤️ semoga semakin banyak orang yang mau berbagi juga ya pak 🙏🥺",0,0,0,,
mursilah_siti,All in prabowo,0,0,0,,
tiofajarsetiadi,"MAKAN SIANG SUSU GRATIS, NGIRIM 1000 CALON DOKTER KE LUAR NEGERI, NAMBAH FAKULTAS DOKTER, BANGUN 3JT RUMAH D SETIAP DAERAH,  NAIKIN GAJI PEJABAT, JAMIN KEHIDUPAN PEJABAT, LANJUT IKN, DANA DESA  5M",0,0,0,,
veisy_rumondor,❤️🔥🔥🔥,0,0,0,,
atrhy_nofu._,✌️🔥,0,0,0,,
meilan.ishak.5,Dukung penuh prabowo gibran ✌️✌️✌️ salam org manado  lgi dirantau pk ✌️✌️02 torang gaas,0,0,0,,
dhea_sasta_fiana,Aku padamu bg 🔥🔥🔥,0,0,0,,
amelialahope,Pragib joh torang ✌,0,0,0,,
anatasyaeklesia,🔥✌️🩵,0,0,0,,
silvanasiwu,✌️✌️✌️✌️♥️♥️♥️♥️♥️,0,0,0,,
devie_qp,MasTed stenbhaaiiii….. 🔥👍,0,0,0,,
alyeaayyy,gas nyd pke rem🔥,0,0,0,,
fiachalmis,Mntp presiden. Ku😍 prbowo,0,0,0,,
jeineireinerapar_,✌✌,0,0,0,,
guan_aghani,Kasian kecapean,0,0,0,,
mini_hulinggi,Fokus jo di nasi jaha 😂😍,0,0,0,,
fetzhu_31,"Saya fokus yg slalu standby dibelakang, didepan, disamping pak Bowo aja wkwkwkwkk",0,0,0,,
cleonaaleena,All in prabowo❤️❤️❤️❤️❤️,0,0,0,,
hendrystef88,Biasa aja,0,0,0,,
gratiatf,Sweet home💙,0,0,0,,
gratiatf,✌🏻💙🇮🇩,0,0,0,,
rinalisty94,Aduh gak kuat sama babang tedy,0,0,0,,
wulanbachrie_,❤️🔥🔥🔥🔥,0,0,0,,
ipahriyanto,All in Prabowo Gibran ❤️✌🏻,0,0,0,,
dinncozy_,All in Pak Prabowo-Gibran💙💙,0,0,0,,
eggin_29,"MANADO NIH BOSSS🥰🥰 ALL IN DENG PRABOWO ✌️ OKE GAS"" NOMOR 2 TORANG GAS😇🙏",35,0,0,,
muhamadrizki25063,Soryy yehhh #01MENANG UNTUK PERUBAHAN,845,66,0,,
rendangmerahemak,@muhamadrizki903 HAH,8,0,1,muhamadrizki25063,Soryy yehhh #01MENANG UNTUK PERUBAHAN
abangchayy_48,@muhamadrizki903 BUKAN KEMAJUAN 😂👎🏼,10,0,1,muhamadrizki25063,Soryy yehhh #01MENANG UNTUK PERUBAHAN
trivvahyudi,@muhamadrizki903 bodoamat,3,0,1,muhamadrizki25063,Soryy yehhh #01MENANG UNTUK PERUBAHAN
iwedddd_20,@muhamadrizki903 salah lapak goblok,4,0,1,muhamadrizki25063,Soryy yehhh #01MENANG UNTUK PERUBAHAN
_iimanw,@muhamadrizki903 perubahan power ranger,2,0,1,muhamadrizki25063,Soryy yehhh #01MENANG UNTUK PERUBAHAN
dindaaaaafbl_,@muhamadrizki903 sorry yah ini bukan lapak lo,1,0,1,muhamadrizki25063,Soryy yehhh #01MENANG UNTUK PERUBAHAN
danewina19,"@muhamadrizki903 salam perubahan,  Presiden Jokowi digantikan Prabowo",3,0,1,muhamadrizki25063,Soryy yehhh #01MENANG UNTUK PERUBAHAN
fiksgaming,@muhamadrizki903 masa iya rumah udah jadi 80% mau dirubah lagi ahahahh,1,0,1,muhamadrizki25063,Soryy yehhh #01MENANG UNTUK PERUBAHAN
l_tasik05,@muhamadrizki903 lu nggak di ajak 😜,1,0,1,muhamadrizki25063,Soryy yehhh #01MENANG UNTUK PERUBAHAN
dvyyx___,"@muhamadrizki903 Ingat merubah belum tentu maju, tapi kemajuan indonesia pasti ada perubahan, sekian terimakasih",0,0,1,muhamadrizki25063,Soryy yehhh #01MENANG UNTUK PERUBAHAN
sifaaa754,@muhamadrizki903 logika aja 85%rumah sudah jadi di ubah lagi yang bener aja rugi dong😂,1,0,1,muhamadrizki25063,Soryy yehhh #01MENANG UNTUK PERUBAHAN
ffffhmi,@muhamadrizki903 power rangers? HAHAA,0,0,1,muhamadrizki25063,Soryy yehhh #01MENANG UNTUK PERUBAHAN
syarif_pake_if,@muhamadrizki903 lihat hasil akhir yekan 😂,0,0,1,muhamadrizki25063,Soryy yehhh #01MENANG UNTUK PERUBAHAN
rinindriyanii,@muhamadrizki903 Lapaknya kegusur kk kok nyasarr?,0,0,1,muhamadrizki25063,Soryy yehhh #01MENANG UNTUK PERUBAHAN
intnkrnwt__,"@muhamadrizki903 yaa kali pilih sebelah yg bener ajee, rugi dongg😂",0,0,1,muhamadrizki25063,Soryy yehhh #01MENANG UNTUK PERUBAHAN
syafitri709,@muhamadrizki903 perubahan butuh proses mas di kasih watu cuma 5thun mungkin gk tuh ✌️😁,0,0,1,muhamadrizki25063,Soryy yehhh #01MENANG UNTUK PERUBAHAN
gde.edi,@muhamadrizki903 kasian gak di ajak,0,0,1,muhamadrizki25063,Soryy yehhh #01MENANG UNTUK PERUBAHAN
vaaa_nylaa,"@muhamadrizki903 salah lapak, silahkan pindah ke sebrang",0,0,1,muhamadrizki25063,Soryy yehhh #01MENANG UNTUK PERUBAHAN
kilaaww_,@muhamadrizki903 perubahan apasih yg kamu mau😢,0,0,1,muhamadrizki25063,Soryy yehhh #01MENANG UNTUK PERUBAHAN
mbpebb,@muhamadrizki903 Hah?,0,0,1,muhamadrizki25063,Soryy yehhh #01MENANG UNTUK PERUBAHAN
moses2den,"@muhamadrizki903 lah lah slogan 02 di pake pakee, BODO AMAT GUA MAH PRABOWO dari orok 🤪🤪🤣. POWER RANGER BERUBAAAAHH 🤣🤣",0,0,1,muhamadrizki25063,Soryy yehhh #01MENANG UNTUK PERUBAHAN
rizkymutiaras,@muhamadrizki903 dari baik ke buruk mksdnya? 🙄,0,0,1,muhamadrizki25063,Soryy yehhh #01MENANG UNTUK PERUBAHAN
malikha_maheera,@muhamadrizki903 perubahhan kemanna pak??berubah lebih buruk yaaaaa,0,0,1,muhamadrizki25063,Soryy yehhh #01MENANG UNTUK PERUBAHAN
fharaway__,@muhamadrizki903 ngimpiii,0,0,1,muhamadrizki25063,Soryy yehhh #01MENANG UNTUK PERUBAHAN
mrsechaaaaantic,@muhamadrizki903 sorry yaaa gua ga mau negara gua ancur karna perubahan2 yang nyeleneh !! Gw pengen negara gua maju .. sorry yeee !!,0,0,1,muhamadrizki25063,Soryy yehhh #01MENANG UNTUK PERUBAHAN
mikewayowski,@muhamadrizki903 bodo amat😂,0,0,1,muhamadrizki25063,Soryy yehhh #01MENANG UNTUK PERUBAHAN
dfa.daffaa,@muhamadrizki903 PERUBAHAN APANYA?,1,0,1,muhamadrizki25063,Soryy yehhh #01MENANG UNTUK PERUBAHAN
justxall7,"@muhamadrizki903 selalu ya spesies menjijikan kaya lu gini muncul di tmpt yg bukan habitatnya, pulang sono blok",0,0,1,muhamadrizki25063,Soryy yehhh #01MENANG UNTUK PERUBAHAN
streetfashionnn16,"@muhamadrizki903 capek berubah mulu, mending maju ajalah dari pada cuma berubah😢",0,0,1,muhamadrizki25063,Soryy yehhh #01MENANG UNTUK PERUBAHAN
hafizah_wky,"@muhamadrizki903 perubahan belum tentu maju kalo maju sudah pasti ada perubahan,,,sorry ye",1,0,1,muhamadrizki25063,Soryy yehhh #01MENANG UNTUK PERUBAHAN
muhamadrizki25063,@akira.daffaa makan apa emngg mo nnyak???susu apa susu kambing kagak jelas sumpah😂,0,0,1,muhamadrizki25063,Soryy yehhh #01MENANG UNTUK PERUBAHAN
dfa.daffaa,@muhamadrizki903 lah pake nanya makan sama susunya😂,1,0,1,muhamadrizki25063,Soryy yehhh #01MENANG UNTUK PERUBAHAN
ajengindp,@muhamadrizki903 serah luu biar seneng,0,0,1,muhamadrizki25063,Soryy yehhh #01MENANG UNTUK PERUBAHAN
maaayyy_07,"@muhamadrizki903 perubahan apa. ? Ko dirubah ? Gamau dimajuin ky negara lain ekekekwk ,ketinggalan jauh dah klo harus ngerubah lg dalam 5tahun",0,0,1,muhamadrizki25063,Soryy yehhh #01MENANG UNTUK PERUBAHAN
d.othercc0,@muhamadrizki903 yg penting ga jual agama aowkowkwk😜,0,0,1,muhamadrizki25063,Soryy yehhh #01MENANG UNTUK PERUBAHAN
senjaftaran,"@muhamadrizki903 ""sorry yee""  aja ngejiplak pak prabowo kak. Loh apanya yang dirubah ? Posisinya aja ?",0,0,1,muhamadrizki25063,Soryy yehhh #01MENANG UNTUK PERUBAHAN
ferry_1105,@muhamadrizki903 Sorryyy yeeee ✌️,0,0,1,muhamadrizki25063,Soryy yehhh #01MENANG UNTUK PERUBAHAN
ar_mirae53,@muhamadrizki903 Perubahan yg selalu ber ubah ubah omongan nya 😂,0,0,1,muhamadrizki25063,Soryy yehhh #01MENANG UNTUK PERUBAHAN
akiwjwuwhuwkw,@muhamadrizki903 menang apaan banyak drama iya,0,0,1,muhamadrizki25063,Soryy yehhh #01MENANG UNTUK PERUBAHAN
ayu_irianty_cakes,@muhamadrizki903 mending klu berubah..klu gk...lo tetep aj nganggur,0,0,1,muhamadrizki25063,Soryy yehhh #01MENANG UNTUK PERUBAHAN
deny.susanto.3538,@muhamadrizki903 merubah etnis rohingya,0,0,1,muhamadrizki25063,Soryy yehhh #01MENANG UNTUK PERUBAHAN
stephen_0925,@muhamadrizki903 mau jadi ultramen atau powerranger 🤭🤣,0,0,1,muhamadrizki25063,Soryy yehhh #01MENANG UNTUK PERUBAHAN
egypragis,@muhamadrizki903 perubahan blm tentu maju...tp kalo maju udh pasti berubah... Tolol pendukung Anies ni😂,0,0,1,muhamadrizki25063,Soryy yehhh #01MENANG UNTUK PERUBAHAN
bimopangestu6,@muhamadrizki903 menang janjinya kah😂😂,0,0,1,muhamadrizki25063,Soryy yehhh #01MENANG UNTUK PERUBAHAN
satrialesmana_,@muhamadrizki903 minimal mandi,0,0,1,muhamadrizki25063,Soryy yehhh #01MENANG UNTUK PERUBAHAN
gieshorog,@muhamadrizki903 lu mau ngerubah apa guablok 😂 berubah jadi satria bajatai ya,0,0,1,muhamadrizki25063,Soryy yehhh #01MENANG UNTUK PERUBAHAN
m_farid_16,@muhamadrizki903 ke bobrok an😂,0,0,1,muhamadrizki25063,Soryy yehhh #01MENANG UNTUK PERUBAHAN
indr.why_,"@muhamadrizki903 Perubahan hanya untuk orang"" tertentu waa.. klo si A gx kenal mah. ttep susah nyari duit",0,0,1,muhamadrizki25063,Soryy yehhh #01MENANG UNTUK PERUBAHAN
irsadatt,@muhamadrizki903 konsep perubahan yang dimaksud apa?  cari dulu google kalau gak bisa jawab,0,0,1,muhamadrizki25063,Soryy yehhh #01MENANG UNTUK PERUBAHAN
orakarukaruan,@muhamadrizki903 wkwkwk,0,0,1,muhamadrizki25063,Soryy yehhh #01MENANG UNTUK PERUBAHAN
lee.yan___,@muhamadrizki903 lol,0,0,1,muhamadrizki25063,Soryy yehhh #01MENANG UNTUK PERUBAHAN
desy_s.s,@muhamadrizki903 perubahan jd gurun pasir,0,0,1,muhamadrizki25063,Soryy yehhh #01MENANG UNTUK PERUBAHAN
dessiafsary,"@muhamadrizki903 enggak ahh , tetap 02😍🔥",0,0,1,muhamadrizki25063,Soryy yehhh #01MENANG UNTUK PERUBAHAN
y00_ppi,@muhamadrizki903 perubahan cuaca kah? Wkwk,0,0,1,muhamadrizki25063,Soryy yehhh #01MENANG UNTUK PERUBAHAN
fadlan_09,"@muhamadrizki903 bg maaf bnget kasih tau sedikit aja perubahan itu apa yg mau dirubah bg, tolong bg jelasin dikit aja",0,0,1,muhamadrizki25063,Soryy yehhh #01MENANG UNTUK PERUBAHAN
inaafynn,@muhamadrizki903 perubahan dari gubernur jadi rakyat biasa,0,0,1,muhamadrizki25063,Soryy yehhh #01MENANG UNTUK PERUBAHAN
hlmnnfzii,@muhamadrizki903 goblog,0,0,1,muhamadrizki25063,Soryy yehhh #01MENANG UNTUK PERUBAHAN
rhmnsyaah,@muhamadrizki903 paansi,0,0,1,muhamadrizki25063,Soryy yehhh #01MENANG UNTUK PERUBAHAN
dika.dip,@muhamadrizki903 berubah jadi  munafik.,0,0,1,muhamadrizki25063,Soryy yehhh #01MENANG UNTUK PERUBAHAN
adi_untuksiapa,@muhamadrizki903 ketua partai sama anggota nya sama sama begok wkwk,0,0,1,muhamadrizki25063,Soryy yehhh #01MENANG UNTUK PERUBAHAN
aanruswanto04,✌️✌️,1,0,0,,
livv_____________,"Percayalah disitu ada kita yg dari pagi da dtg kong pak @prabowo dtg so sore
Amper kring sama deng rumpuh lapangan kita sangking dp panas 😂.. baeleh ba anging.. 
saki kaki keonya.. mar demi dan untuk pak @prabowo ✌🏻💙",0,0,0,,
sahilryoz555888,Boring acaranya joged2 mulu…,0,0,0,,
adeliazhalfa_,Semangat terus buat indonesia maju... Bang fero ist the best 👍🏻💪🇲🇨🇲🇨🇲🇨,0,0,0,,
moreinsandralp,Hi fero_walandow.tetap torang  02,0,0,0,,
st_efany8178,❤️,0,0,0,,
ale_234mbci,❤️❤️,0,0,0,,
ay_ruqayah,Masya Allah tabarakallah merinding ✌🏻 ❤️,0,0,0,,
yuyun.yunengsihh,Rame bgt 🙌🔥,0,0,0,,
veramudja,👏👏✌🏻,0,0,0,,
azizinsomnia,Memelihara buzzer,0,0,0,,
yousevine,All in Prabowo Gibran 🔥🔥 1 putaran Salam ✌️ Jari ❤️❤️,0,0,0,,
riskastvny,🩵🩵🩵,0,0,0,,
griffin_van_gobel,Gas sampe jadi ✌🏻✌🏻✌🏻✌🏻,0,0,0,,
riristyofficial,aaabangg feroo🤗😍😍,0,0,0,,
azmiiii1____,Pemerintahan otoriter????,0,0,0,,
litaimpor,Gaaasss poolll Prabowo Gibran 1PUTARAN,0,0,0,,
dimassudrajat2515,☝🔥,0,0,0,,
pantowester,💙💙,0,0,0,,
wulan_kartikaa,I love mayor teddy❤️,0,0,0,,
teaerna5349,Pilihan tetap solid 👉 Prabowo ❤️ Gibran ✌️❤️✌️,0,0,0,,
icutmutia3131,"Sama pak prabowo nya setuju, tpi sama gibran nya masih gak ngasih hati, gimna ya 😭",0,0,0,,
luckydengah_,"All in pak Prabowo Subianto,,satu putaran✌️🕺🥺",0,0,0,,
xemponk31,Ganjar mahfud o3,0,0,0,,
khdjaahrp_,Bismillah 2024 Pragib ❤️,16,0,0,,
tulongtini,Meledak memang Manado Bergetar pak Prabowo ✌️✌️🔥🔥,0,0,0,,
azzaria.putri.71,😂😂homgkomg kak hadir,0,0,0,,
ucok9097,Dimana ini❤️🔥🔥,0,0,0,,
luvpyo01_,fero nyaleg!!! harus nyaleg!!!,0,0,0,,
sayayesushanyanabi,THE BEST MAN IN THE WORLD PAK ANIES BASWEDAN JADI PRESIDEN GUYS INDONESIA AMAN DAH.,0,0,0,,
sayayesushanyanabi,KIRAIN YANG LEBIH DUNGU BODOH BEGO TOLOL PRABOWO? RUPANYA PARA PENDUKUNG O2 JAUH LEBIH DUNGU. HAHAHAHA HAHAHA. SALAM ANTI PLONGA PLONGO.,0,0,0,,
sayayesushanyanabi,PAJAK UDAH NAIK KEMAREN SAYA GAJIAN. UDAH SAATNYA MEMILIH 01 DAH.,0,0,0,,
sayayesushanyanabi,"PRABOWO PROGRAM TRILIUNAN GAGAL, ADA DI VIDEO SAYA CEK POSTINGAN, GIBRAN PLONGA PLONGO, APANYA YANG HARUS DI PILIH?",0,0,0,,
sayayesushanyanabi,"PRABOWO GGA BISA BACA ALQUR'AN, CERE SAMA ISTRI NYE, NAIKIN PAJAK, JOGET TOPENG MONYET, GGA BISA SHOLAT, TUKANG CULIK, APA YANG KALIAN BANGGAKAN?",0,0,0,,
sayayesushanyanabi,02 BUBAR BUBAR BUBAR BUBAR BUBAR BUBAR BUBAR BUBAR BUBAR BUBAR BUBAR BUBAR BUBAR,0,0,0,,
agfaines,Pecaaahh🔥🔥🔥❤️,0,0,0,,
wii_risnaa,#rabubiru ✌🏻✌🏻✌🏻,0,0,0,,
meiskekaunang71,Satu putaran Prabowo Gibran 💪💪💪,0,0,0,,
melina_sinaga12,❤️❤️❤️,0,0,0,,
_vcyjulyyy_,✌️✌️✌️✌️,0,0,0,,
ayanahsaja9,No 2 torang gassssss❤️❤️❤️❤️,0,0,0,,
pattt_46,✌️juara,0,0,0,,
sherinamandagi_,💙💙💙✌️✌️✌️,0,0,0,,
unytawaang,🩵✌️🩵✌️🩵✌️ satu putaran,0,0,0,,
aydan.abdil89,❤️,0,0,0,,
nonanovi_19,🔥🔥🔥❤️,0,0,0,,
yustine_hermana,"Wowwwww keren,,, beking Manado bergetar jo🥰🥰🥰",0,0,0,,
mauzzahijab2425,Hadir tegal jateng all in prabowogibran❤️,0,0,0,,
rizkiyah.rizkiyah.56679,Satu orang cepe kalo gak gocap +nasi bungkus 😂😂😂😂,0,0,0,,
viraamey_,✌️,0,0,0,,
febriyanti3171,✌️✌️✌️✌️✌️✌️✌️✌️✌️✌️🔥🔥💯,0,0,0,,
karynanovia,torang deng Prabowo 🔥🔥,0,0,0,,
baiqisshop,❤️❤️❤️❤️❤️❤️❤️❤️,0,0,0,,
yuyupoluan,Gass 02❤️,0,0,0,,
nauraarsen,Semangat hari Jumat k Lampung Utara  stadion kota bumi,0,0,0,,
haryani70.yh,"Biar kata membeludak,jadi lautan manusia, tetap damai, ceria bahagia bersama Prabowo Gibran ✌🏻✌️🩷🩷 menuju kemenangan 💪🏻💪🏻💪🏻. Alhamdulillah 🙏🏻🙏🏻",0,0,0,,
tommylempukz,Semoga dpt 160k suara untuk ente di dapil ente 👏......,0,0,0,,
jein_koyong,✌️💙🔥,0,0,0,,
beni_indra,Yang kayak gini masak gak 1 putaran? Rugii Dong ✌,0,0,0,,
gungyau01,💃🏻💃🏻✌️✌️✌️,0,0,0,,
apri2290,02🔥🔥,0,0,0,,
deasy9557,Makasih sudah ke manado Pak.@prabowo &team @rizky_irmansyah  @tedsky89 👏👏👏👏bless buat kalian semua..,0,0,0,,
enjoyyone,🩵🩵🩵🩵🩵🩵🩵🩵✌🏾✌🏾✌🏾✌🏾✌🏾✌🏾✌🏾✌🏾,0,0,0,,
nashruljamaalshakeerofficial,"Bismillah Semakin Yakin 100% pilihanku dan pilihan semua rakyat Indonesia memilih Pak Anies & Pak Muhaimin No 1 jadi Presiden Wapres RI 2024 Aamiin Yra, tekan tombol like ------>",0,0,0,,
_nvkjo,🔥🔥,0,0,0,,
m_tutikatiandagho,Prabowo Gibran Paslon terheboh ✌️✌️✌️✌️✌️✌️✌️,0,0,0,,
mita_que,Warna yg cerahhhhh 🧢🦋💦💧🩵💙,0,0,0,,
puputnatasyaa,❤️❤️❤️,0,0,0,,
echasyam_kohongia,❤️❤️❤️❤️❤️,0,0,0,,
menci_tangel,Tambah 2 Torang gas😍,0,0,0,,
danang_mamen,Oke Gaaass ✌️ Mantapp,0,0,0,,
sakariaiyas,✌️🔥,15,1,0,,
afrdyyyy,@gdgids.nicil wkwk pokoknya 02 chicken di zona pertama bang 😂,0,0,1,sakariaiyas,✌️🔥
masyebujung,❤️❤️❤️. Keren banget,0,0,0,,
rng_inyourdream,Baru Langowan Belum Di Manado✌️,6,0,0,,
keintjemdetty,,0,0,0,,
ekarahmawaty96,😍😍,0,0,0,,
yatasambuaga,Titip salam🔥,1,0,0,,
atikahchairunnisaa,Eomar mslfu cestnu kdatil💃🕺👏👏👏👏,0,0,0,,
itsme.endang.haruna719,🔥🔥🔥,0,0,0,,
yunibengke,Makase banyak pak prabowo🥰torang senang tadi da lia lansung✌️✌️🩵🩵,0,0,0,,
lindataroreh,💙💙💙,0,0,0,,
sellasangkaeng__,🔥🔥🔥,0,0,0,,
vionakasihkhal,Tambah 2 torg gas....mantul pak prabowo...,0,0,0,,
kim_kaamyon,Hihi sependapat nih sama si ganteng @fero_walandouw 02 Prabowo Gibran ❤️❤️❤️❤️❤️❤️,0,0,0,,
ferrenrumambi,😍,0,0,0,,
ladieses.es,best 🔥,0,0,0,,
jeinisepan,"02 harga mati ,hidup  PRABOWO GIBRAN MENANG 1 PUTARAN 🙏✌✌❤❤",0,0,0,,
epsabaton,All in prabowo gibran satu putaran ✌✌,0,0,0,,
adindawilliam20,Masya Allah bapak kuhh😍 masih semangat buat kesana kesini kampanyenya semangat ya pakk💪 insya Allah bentar lagi pak kampanye nya udah selesai tinggal melaksanakan kan strategis buat Indonesia 🇲🇨🇲🇨🇲🇨🇲🇨,0,0,0,,
koleinehelenapolandos,No.2 Torang gasssss...✌️✌️✌️,0,0,0,,
dini_bahri,Sehat selalu Bapak ❤️ bismillah Bapak Prabowo Subianto presiden tahun 2024🤲❤️,0,0,0,,
yunichank,💙✌️✌️🔥,0,0,0,,
freddy_lempas,👏👏👏🤘🤘🤘 satu putaran jo,0,0,0,,
monicjssca,😍😍,0,0,0,,
yanti_clp,✌️✌️,0,0,0,,
anggelinaa__p,🔥🔥✌️✌️,0,0,0,,
ch_mutz,🔥🔥🔥🔥❤️,0,0,0,,
ameliacimoy117,💙💙,0,0,0,,
ersya_lina,Manado kerenn 🔥❤️,0,0,0,,
muchtmochi,👏👏👏👏👏👏❤️🙌🔥✨🎯✌️✌️✌️🤲👏❣️🌹❤️🥰😍🫂,0,0,0,,
ireneanggriany02,🔥,0,0,0,,
ireneanggriany02,🔥🔥,0,0,0,,
ireneanggriany02,🔥🔥🔥,0,0,0,,
kimwarouw,Adohhh @fero_walandouw nya lia ley pa qt 😂🤣,0,0,0,,
jovan.nussy17,❤✌🏻,0,0,0,,
cahayacintasejati,All in Prabowo ka ✌️💙🇮🇩,0,0,0,,
ulan.mahmud,Gasss 1 putaran🤲✌️✌️,0,0,0,,
cindxfhe9_,Gass smpe satu putaran✌🔥,0,0,0,,
khristeqirsten,Manado petcahhhh🔥🔥🔥🔥✌️✌️✌️,13,0,0,,
elokdianputribayu,💙💙💙💙💙oke gas oke gas no 2 torang gas😍👏🔥,0,0,0,,
sari_agustanti,✌️✌️✌️✌️,0,0,0,,
langitan138,✌️🤠,0,0,0,,
dianmsttanameh,Ok gasss,0,0,0,,
angellaswaggg,🔥🔥🔥🔥🔥,0,0,0,,
nuraeni_140592,singapore hadir salam ✌️❤️🔥,0,0,0,,
litha_ochyn,Kita tuntaskan perjuangan ini... Prabowo untuk 1 putaran saja 💙💙💙💙 Gasssssss🫡🥳🎉🎉,0,0,0,,
ramon_trip_sumba,🤘,0,0,0,,
novaryantiii,Salfok sm ajudannya oppung wowo😍😍,0,0,0,,
bara_avicenna,❤️🙌🔥,1,0,0,,
intercardharnomo,✌,0,0,0,,
wi_ca,Semoga Pak Prabowo Gibran menang 1 putaran dan menjadi yang terbaik Aamiin YRA 🤲🏻,0,0,0,,
florita_elle,Gilaa keren bgt.. ❤️❤️ no 2 gassss,0,0,0,,
naritha_w,Torangg gasss tgl.14..❤️❤️❤️🔥🔥🔥🔥,0,0,0,,
claudiariliana21,Salfok pa Mayor Teddy jo 🤣🤣,0,0,0,,
tata_raoda,"Bismillahi Alhamdulillah Prabowo Gibran Menang Pilpres 2024, NKRI Harga Mati... Merdekaaaa Nomor 2 Torang Gassss 🤲❤🇮🇩✌✌✌✌✌✌✌",0,0,0,,
barinanco,"Tetap Prabowo biar orang berkata apa, ikhlas lillahita'ala dukung Prabowo",0,0,0,,
bedialexander0,Penjilat,0,0,0,,
hatmiah_h.hamzah,All in Prabowo ..,0,0,0,,
hestyvg17,✌️✌️✌️,0,0,0,,
jerrychristiann,All in pak gemoy 🩵✨,11,0,0,,
tasya_syifalovers,Rameeeeww 🔥,0,0,0,,
endang_triyarti,All in Prabowo Gibran 😍,0,0,0,,
zill.anggriyani46,Gada lawan 😍😍❤️🔥🔥✌🏻✌🏻✌🏻,0,0,0,,
igutttttt,💙💙,0,0,0,,
venajwijaya,Gaasss ✌️Langowan karu kami😅😇,0,0,0,,
waseng_26,Sulawesi Utara untuk kemenangan Bapak Prabowo Subianto berdarah Minahasa Langowan satu putaran saja✌ ✌👌🇮🇩,0,0,0,,
tirsasumampow,❤️All in prabowo,0,0,0,,
tiiiy23,Baba api memang✌✌🔥🔥🔥,0,0,0,,
glowijaya_,🩵🩵,0,0,0,,
theresia.tintingon,"Mantap, Oke Gass Pak - Mas .. Salam ✌🏻🇲🇨🫰🏻 Jari Rakyat Indonesia ❤️❤️❤️❤️❤️❤️❤️🤍🤍🤍🤍🤍🤍🤍",0,0,0,,
_nonomarino,🔥,0,0,0,,
ery_kristyani27,💙💙✌✌,0,0,0,,
puji_poto,❤️❤️❤️❤️,0,0,0,,
yulia_savero,Kak fero titip salam sama mayor tedy😁😆,0,0,0,,
nennalim,🔥😍🔥,0,0,0,,
andineasmi,Yaa allah paak insya allah menang yaa @prabowo 🥹🫶🏼🩵🩵🩵🩵🩵,0,0,0,,
ratna_cessya,✌✌,0,0,0,,
djeanysumampouw,✌✌✌✌🔥🔥🔥,0,0,0,,
ar.an1009,Merinding,0,0,0,,
yossiginoga,🔥🔥🔥,0,0,0,,
petermanokad17,Ca gampang 🔥💪✌️,0,0,0,,
fiskapenny,@hrcln.fr ada eluh nih bang 😂,0,0,0,,
nellyrani,✌✌ satu putaran❤️,0,0,0,,
lin3pol363,💙✌🇮🇩💙✌🇮🇩,0,0,0,,
cinta_azzahra80,Kasian ya jalan nya sdh macam itu kok dek ngotot capres mana ini anak nya kok f di nasehati ya,0,0,0,,
alvan_hegarana,☝️🥇🥇🥇🥇,0,0,0,,
loveyoumoremy_boy98_ltf,02❤️❤️❤️❤️❤️❤️,0,0,0,,
iputstiftmh,🔥❤️✌️🥰,0,0,0,,
laela_majnun3,"Bangga pilih capres no 1 gagasannya sangat brilian sekali dan dibutuhkan oleh rakyat kaya, menengah,dan kecil ,,#salamperubahan",0,0,0,,
adesoleh95,👏😍,0,0,0,,
jessy_gracia,"Bangga liat warga Manado banyak yg dukung Prabow Gibran, coblos 02 mdh2an Menang 1 putaran. Amin3x 👏",0,0,0,,
karin_23a,🩵🩵,0,0,0,,
charolinelzr,Menag sa putaran,0,0,0,,
enriiyanah,Mayorrr tedii 😍,0,0,0,,
monces_17,✌️,0,0,0,,
faldy_onthoni,Mantap bro,0,0,0,,
fitripakuna,🔥💙,0,0,0,,
ecingsendet,"Memang panas🔥 di langowan, tpi  krn ad GEMOY panaspun tk terasa🫰✌️",0,0,0,,
iloveginaa,Gasssss 🔥🔥🔥🔥. ✌🏼,0,0,0,,
urminey_,Makan yok makan,0,0,0,,
sysiska1,✌🏻🔥💙,0,0,0,,
skyicey,Gagal fokus Mayted 😍,0,0,0,,
jennysmpw,😃😃😃😃kandang banteng tafiore komang ini ....Sulut berganti jadi biru ✌✌✌💙💙💙,0,0,0,,
winarni2456,All in one @Prabowo gibran,0,0,0,,
liv_shankly_christy,Manado punya❤️❤️❤️❤️✌️,0,0,0,,
feliciafresy,babaapii🔥👏✌🏻,0,0,0,,
novitalumenta,🩵🩵🩵🩵🩵,0,0,0,,
parwatipw06,❤️,0,0,0,,
siti_hasani,Langowan Karu Kami❤😍✌✌✌,0,0,0,,
susialimsetyo,✌️,0,0,0,,
gmaringka12,✌🏻✌🏻🫶🏻🫶🏻,0,0,0,,
merti_novia27,Gak sabar bapak dilantik jadi presiden 😭🤲,0,0,0,,
cherif_a_r,🤟🤟🤟,0,0,0,,
nurull_imamah,Mana nih yang bilang acaranya pak Prabowo sepi🤣pura2 buta kah ngeliat fakta,0,0,0,,
niningbachmid,"Biar jauh, bisa lihat pak prabowo subianto👍✌❤",0,0,0,,
lunoxv._,✌🏻✌🏻✌🏻✌🏻,0,0,0,,
hermanmokolomban,Ketinggalan torang di rantau🥺 ✌💙,0,0,0,,
febika.tungkagi,🩵🩵✌🏻✌🏻✌🏻✌🏻,0,0,0,,
jastin8826,😇😇🙏🙏,0,0,0,,
vamey_girl,🔥🔥,0,0,0,,
chtmpi_,"Di antra ribuan orng itu, ada qta dsitu🥰🤣",0,0,0,,
umaramuhamad,Okiiiiii❤️❤️❤️,0,0,0,,
umaramuhamad,Wowowooeow love youuuu,0,0,0,,
umaramuhamad,😍😍😍😍,0,0,0,,
reigenpodungsigarlaki,"Tuama Minahasa,,,,🔥🔥👏👏",0,0,0,,
rwehantouw,@dtuturoong baru langowan ini 😁 tu koni blum dg tu di jalan2 tomohon.,0,5,0,,
dtuturoong,"@rwehantouw korban lagu dawai samua. 😄 mo iko blusukan rupa jokowi, nda mungkin. so tua, so susah bajalan. 🤭",0,0,1,rwehantouw,@dtuturoong baru langowan ini 😁 tu koni blum dg tu di jalan2 tomohon.
rwehantouw,@dtuturoong mar tu masa boleh to 😁,0,0,1,rwehantouw,@dtuturoong baru langowan ini 😁 tu koni blum dg tu di jalan2 tomohon.
dtuturoong,@rwehantouw boleh. Mar tetap kalah 😄,0,0,1,rwehantouw,@dtuturoong baru langowan ini 😁 tu koni blum dg tu di jalan2 tomohon.
rwehantouw,@dtuturoong nnti gemoy bage 1 putaran langsung bingo 🤣,0,0,1,rwehantouw,@dtuturoong baru langowan ini 😁 tu koni blum dg tu di jalan2 tomohon.
dtuturoong,@rwehantouw pilpres 2 putaran ini. Ganjar presiden. 😂,0,0,1,rwehantouw,@dtuturoong baru langowan ini 😁 tu koni blum dg tu di jalan2 tomohon.
sukmafebriandy,😍😍😍😍😍FIX PRABOWO GIBRAN PRESIDENKU TTP DIHATI 😍,0,0,0,,
daudrahman36,Pak @prabowo Pulkam. ke kampung halaman Ibunya Gasss Jooo 🤘🤘🤘,0,0,0,,
runtudeysi,❤️❤️❤️❤️ ✌,0,0,0,,
xixie_kim1,😍😍😍😍,0,0,0,,
bulexyunie,✌️✌️,0,0,0,,
ajsupit,Kalo bukang skrg kapan lagi Tuama Minahasa jdi presiden!! 🔥🔥,0,0,0,,
fransiska_ikha_,Mantull🔥❤️ gemoyy,0,0,0,,
fransiska_ikha_,🔥,0,0,0,,
kaylahariyadi,ThE special one,0,0,0,,
cicinurmayaa,@saryalfari,0,0,0,,
maria_riany,Ok gas 02 Torang gas✌️✌️🤗🤗❤️❤️🥰🥰🥰,0,0,0,,
purwadispdpurwadi,02,0,0,0,,
lidiastefigraf,🩵💙✌️✌️🔥🔥,0,0,0,,
fitrinurarbaniah1,MasyaAllah pak …. ✌️✌️✌️✌️✌️✌️✌️✌️❤️,0,0,0,,
yanti_wijiyanti23,Salfok sama yg jagain pak Prabowo 😍,0,0,0,,
yunny_yuningsi30,✌✌,0,0,0,,
rauf19992,Oke gas,0,0,0,,
nurmala_s.r,"Allah maha tau, semogaa pak prabowooo menangg🥹🤲🤲",0,0,0,,
mia.adrianna__,😍😍🔥,0,0,0,,
papykeai,😍😍😍😍😍✌️✌️✌️✌️,0,0,0,,
bellvaniaaerilynbellvania,Penyanyi oke gas ikut trus ya setiap kampanya? ✌,0,0,0,,
merry_pices89,All in Prabowo gibran🔥🔥,0,0,0,,
dian_kamidjo,Kasian mayor Teddy . Kesel bgt😔,0,0,0,,
ismamasyhuroh,✌🏻,0,0,0,,
karla_jelita,Maju 🔥🔥,0,0,0,,
annamaria_b21,✌️✌️✌️✌️✌️✌️✌️✌️✌️✌️✌️,0,0,0,,
imeldaimee,"Weehhh pechaaahhh ✌️✌️✌️✌️✌️
Kemenangan udh di depan mata 🔥🔥🔥🔥🔥
#PrabowoGibran 
#1PutaranMenang
🩵🩵🩵🩵🩵🩵🩵🩵🩵🩵",0,0,0,,
melisapondaag,Maju 1 putaran pak prabowo gibran💙💙✌️✌️✌️,0,0,0,,
josteven_lengkoan,🔥🔥🔥🔥,0,0,0,,
keymegumi_,🔥🔥🔥,0,0,0,,
rizkyayusartika,Insya Allah bpk MENANG 🔥🔥🔥,0,0,0,,
christychaterina,🔥🔥,0,0,0,,
miselataroreh,❤️❤️❤️❤️❤️,0,0,0,,
janah220294,Salam dari Lampung ..siap dukung😍😍,0,0,0,,
veneerjakarta.id,"Smoga sehat slalu pak Prabowo, smoga kalah biar bisa istrhat dengan santai di rumah, biarkan Anies Baswedan pimpin Indonesia tercinta ini 🤲🤲",0,0,0,,
veramb4r,Pesona mas mas Pluto @hrcln.fr 😍,0,0,0,,
christine.tilaar,🔥🔥🔥🔥🔥,0,0,0,,
jufren_k_wazeng,✌😉 Sorry Yee,0,0,0,,
sarass7900,🔥🔥🔥✌️✌️🥰🥰🇮🇩🇮🇩,0,0,0,,
sheilaa_ka,Manadoooo ✌️,0,0,0,,
elislovely1975,🔥🔥🔥🔥🔥🔥❤️❤️❤️ prabowo gibran for the next president 🙏❤️😘🙏🔥🔥🔥✌️✌️✌️✌️✌️,0,0,0,,
jemiantimia,Slalu keren,0,0,0,,
vitha_aprilliani2707,Aduh.....salfok sm mayor teddy,0,0,0,,
cellyn.wagiman,✌️✌️,0,0,0,,
cellyn.wagiman,Baru di Langowan nih,0,0,0,,
frpongajouw,💙💙,0,0,0,,
zier4a,bapak gemoy kong ta tayang🩵🫰🥺,0,0,0,,
olivia.jansen14,🕺👯‍♀️💃🔥🔥❤❤,0,0,0,,
meyunna4,Ok pak Prabowo Subianto semangat terus,0,0,0,,
jihan24608,All in pak Prabowo and kak gibran,0,0,0,,
aulyasidik,✌️🔥,0,0,0,,
muhtaralhabib,Gasssspollll terus pasti 2 .bismillah .alhamdulilah ...,0,0,0,,
elshadayytr,✌🏻✌🏻✌🏻✌🏻,0,0,0,,
eti_erni_jayanti,02 ok gassss ✌️🔥,0,0,0,,
agsshputraaa,All in Prabowo Gibran 🔥🔥,0,0,0,,
sitiaminahmmh,❤️❤️❤️❤️✌️✌️✌️✌️,0,0,0,,
missprill08,✌🏻😍,0,0,0,,
wuranetty,✌❤,0,0,0,,
tharikzaa,Gass 02 ❤️🔥,0,0,0,,
jousyinka,"Selamat dtg opa😍sehat2 neh, Tuhan berkati",0,0,0,,
nelson_nunes30,🔥🔥🔥🔥,0,0,0,,
aisy.a9377,Masya allah taberokallah meriah bget bismillah smoga Ya.allah  p.prabowo mnang 🤲🏻🤲🏻🥺😭✌💙💙,0,0,0,,
chr_inkiriwang2904,All in prabowo 🔥🔥🔥🔥🔥✌🏻✌🏻✌🏻✌🏻✌🏻,0,0,0,,
ida.ille.9,🇮🇩🔥💯👍💙02,0,0,0,,
priandini_noor,Mashaallah petcaaahhh🔥🔥🔥❤️❤️,0,0,0,,
royrira5,No 2 yesss,0,0,0,,
meggasrhyu,Mayorr Tedy❤️❤️❤️,0,0,0,,
syfnznrla__,Sigemoyyy😍,0,0,0,,
isti.komah1978634,Pak Prabowo mas Gibran satu putaran amin 🤲 ya Allah,0,0,0,,
jihanbobo,All in 02 @prabowo @gibran_rakabuming @prabowo.gibran2,0,0,0,,
anggunmelati.m,💙💙✌🏻✌🏻✌🏻,0,0,0,,
karindaolivia82,🤍💙✌️,0,0,0,,
ekacahyatiii,🔥🔥🔥👏👏👏,0,0,0,,
cc_siinn,awasss ngoni bilng edit ehh tamo kuti di mulu pa ngoni😂😂,1,2,0,,
_nvkjo,@cc_siinn Wkwkkk,0,0,1,cc_siinn,awasss ngoni bilng edit ehh tamo kuti di mulu pa ngoni😂😂
cc_siinn,@nvk__jo 🤭🤭🤭,0,0,1,cc_siinn,awasss ngoni bilng edit ehh tamo kuti di mulu pa ngoni😂😂
josjojuk,🔥🔥🔥,0,0,0,,
e9e901,Makasehhhh Tuama Teddy .. so Slalu Jaga Akang Pa Opa Tuama PRABOWO 🙏🏼🙏🏼🙏🏼✌🏽💫🩵,0,0,0,,
elyn_1810,Opa gemoy 😍😍😍✌️✌️✌️✌️,0,0,0,,
anandayudha6,🩵🩵🩵🩵,0,0,0,,
_ismaranjanii_,all in prabowo 😍😍,0,0,0,,
addy_900444,☝☝☝☝☝☝☝☝☝☝☝☝☝☝☝☝☝☝☝☝☝💪💪💪💪💪💪💪💪💪💪💪💪,0,0,0,,
maureenjanesw,✌️✌️,0,0,0,,
utje.tatengkeng,gaas poollll Prabowo Gibran ✌️,0,0,0,,
arshaka_shoessolo,Salgok sama mayor teddy,0,0,0,,
addy_900444,☝☝☝☝☝☝☝☝☝☝☝😎😎😎😎😎😎😎😎😎❤❤❤❤❤❤❤❤😍😍😍😍😍😍😍😍😍😍,0,0,0,,
jevikakojongian_,😍😍🔥🔥,0,0,0,,
e9e901,Gokilll MANADOOO ✌🏽💫🩵,0,0,0,,
addy_900444,", ☝☝☝☝😎😎😎😎😎☝☝☝☝😎😎😎😎☝☝☝☝",0,0,0,,
ratu_kliwon,Wih mantap nya✌✌,0,0,0,,
addy_900444,☝☝☝☝☝☝☝☝🙌🙌🙌🙌🙌🙌🙌,0,0,0,,
dedeqmassz,🔥🔥👏,0,0,0,,
riskypramitha,Lebih rame ini dibanding yg kmrn kampanye Akbar di GBK ya 🤭✌️,0,0,0,,
addy_900444,Tetap NOMOR 1 ☝☝☝☝☝☝☝☝☝☝☝☝☝☝☝☝❤❤❤❤❤❤😎😎😎😎😎😎,131,18,0,,
sahrul.muhh,@addy_900444 bukan tempatnya komen disini😂,6,0,1,addy_900444,Tetap NOMOR 1 ☝☝☝☝☝☝☝☝☝☝☝☝☝☝☝☝❤❤❤❤❤❤😎😎😎😎😎😎
akhsanul.fikri,@sahrul.muhh fungsi kolom komen apaan,2,0,1,addy_900444,Tetap NOMOR 1 ☝☝☝☝☝☝☝☝☝☝☝☝☝☝☝☝❤❤❤❤❤❤😎😎😎😎😎😎
sahrul.muhh,@akhsanul.fikri yah Lo gak di ajak😂,10,0,1,addy_900444,Tetap NOMOR 1 ☝☝☝☝☝☝☝☝☝☝☝☝☝☝☝☝❤❤❤❤❤❤😎😎😎😎😎😎
sahrul.muhh,@egp1886 setuju bang,0,0,1,addy_900444,Tetap NOMOR 1 ☝☝☝☝☝☝☝☝☝☝☝☝☝☝☝☝❤❤❤❤❤❤😎😎😎😎😎😎
annsiregar4,@addy_900444 ❤️❤️❤️,0,0,1,addy_900444,Tetap NOMOR 1 ☝☝☝☝☝☝☝☝☝☝☝☝☝☝☝☝❤❤❤❤❤❤😎😎😎😎😎😎
__heldakrisna,@addy_900444 gausa sok asik . kamu ga diajak ya.,1,0,1,addy_900444,Tetap NOMOR 1 ☝☝☝☝☝☝☝☝☝☝☝☝☝☝☝☝❤❤❤❤❤❤😎😎😎😎😎😎
dhe_hoo,@addy_900444 👎,0,0,1,addy_900444,Tetap NOMOR 1 ☝☝☝☝☝☝☝☝☝☝☝☝☝☝☝☝❤❤❤❤❤❤😎😎😎😎😎😎
lunyfyrrx,@addy_900444 makanmi haha,0,0,1,addy_900444,Tetap NOMOR 1 ☝☝☝☝☝☝☝☝☝☝☝☝☝☝☝☝❤❤❤❤❤❤😎😎😎😎😎😎
thundereternity,@addy_900444 gk peduli,0,0,1,addy_900444,Tetap NOMOR 1 ☝☝☝☝☝☝☝☝☝☝☝☝☝☝☝☝❤❤❤❤❤❤😎😎😎😎😎😎
sudarsono2000,@addy_900444 di grup anda sepi ya.?? Cacingan😂😂😂,0,0,1,addy_900444,Tetap NOMOR 1 ☝☝☝☝☝☝☝☝☝☝☝☝☝☝☝☝❤❤❤❤❤❤😎😎😎😎😎😎
delvi_evi68,@sahrul.muhh biasa si grup omon2😂😂😂,0,0,1,addy_900444,Tetap NOMOR 1 ☝☝☝☝☝☝☝☝☝☝☝☝☝☝☝☝❤❤❤❤❤❤😎😎😎😎😎😎
delvi_evi68,@__daaheldaa tulll😂😂😂,0,0,1,addy_900444,Tetap NOMOR 1 ☝☝☝☝☝☝☝☝☝☝☝☝☝☝☝☝❤❤❤❤❤❤😎😎😎😎😎😎
febrina_astasari,@addy_900444 sbg ketua RT😂,0,0,1,addy_900444,Tetap NOMOR 1 ☝☝☝☝☝☝☝☝☝☝☝☝☝☝☝☝❤❤❤❤❤❤😎😎😎😎😎😎
deny.susanto.3538,@addy_900444 jadi presiden rohingya,0,0,1,addy_900444,Tetap NOMOR 1 ☝☝☝☝☝☝☝☝☝☝☝☝☝☝☝☝❤❤❤❤❤❤😎😎😎😎😎😎
belalang_tongkat,@addy_900444 si penjual agama gausah komen😂00,0,0,1,addy_900444,Tetap NOMOR 1 ☝☝☝☝☝☝☝☝☝☝☝☝☝☝☝☝❤❤❤❤❤❤😎😎😎😎😎😎
simelekete911,@addy_900444 lu aja x gw No😂😂,0,0,1,addy_900444,Tetap NOMOR 1 ☝☝☝☝☝☝☝☝☝☝☝☝☝☝☝☝❤❤❤❤❤❤😎😎😎😎😎😎
iwutwahyuni,@addy_900444 sakkarepmu,0,0,1,addy_900444,Tetap NOMOR 1 ☝☝☝☝☝☝☝☝☝☝☝☝☝☝☝☝❤❤❤❤❤❤😎😎😎😎😎😎
annetteldewi,Menado SEBIRU LANGIT YANG INDAH dengan Bapak @prabowo DATANG!!!🩵🩵🩵🩵🩵,124,2,0,,
royrira5,@annetteldewi 👍👍👍,2,0,1,annetteldewi,Menado SEBIRU LANGIT YANG INDAH dengan Bapak @prabowo DATANG!!!🩵🩵🩵🩵🩵
leoriakoyongian,@annetteldewi luar biasa terharu kita mantap Prabowo GBU ❤️,1,0,1,annetteldewi,Menado SEBIRU LANGIT YANG INDAH dengan Bapak @prabowo DATANG!!!🩵🩵🩵🩵🩵
levigabriel05,Ok gas ✌️,0,0,0,,
ryshsy05,ok gas ok gas ✌🏻✌🏻,0,0,0,,
rizkiputra5,Luar biasaaa. Sehat-sehat bapakku pak prabowo😍😍😍 1 putarann✌️👍,0,0,0,,
mr.daengliwang,Tetap pak Anies 01,0,0,0,,
keyhennkey,✌🏻🩵,0,0,0,,
nhay_aquarius,Doh memang lautan Manusia 🔥🔥🔥 All In Prabowo Gibran 1 putaran,0,0,0,,
ritatewu,"Ngoni dua PulKam, Jang lupa makang Om Buds p Ba Toree😂😂👏👏👏",0,0,0,,
irene_rw,❤️❤️🔥🔥,0,0,0,,
bekingtakets,Welcome langowan minahasa. Pulang kampung,0,0,0,,
sumaras370,♥️♥️✌️✌️,0,0,0,,
milahalim93,😍,0,0,0,,
nndalakaeng,🔥🔥🔥🔥,0,1,0,,
andrianimarlin95,@nndalakaeng ada eee njo ka lapangan koni🤣,0,0,1,nndalakaeng,🔥🔥🔥🔥
sucii_setya,✌️✌️✌️,0,0,0,,
joandri_p,😍😍😍,0,0,0,,
staymen12,✌🏻😍🔥,0,0,0,,
adistia_nilasari15,Sehat trus bpak prabowo 🤲,0,0,0,,
annasmg4408,🔥🔥,0,0,0,,
rina_rondonuwu,@vaelsky Ada kamu loeee,1,0,0,,
femmy_tulangouw,Tuama Langowan❤️,0,0,0,,
tanieazohri,Sehat twrus pak❤️❤️❤️❤️🔥🔥🔥🔥🔥,0,0,0,,
wie_masayunajwa,Bismillah 14 feb 2024 siaap PrabowoGibran menang telak salam 1 putaran aamiin 2 yra,0,0,0,,
ddew.tt,✌️✌️✌️,0,0,0,,
zhen_kim01,sehat² bpak @prabowo 😍🔥torang dkung bpak ❤️,0,0,0,,
junitaa_rumampuk,fokus ama bang teds😍😍 @tedsky_89,0,0,0,,
rhamdhanerick,☝️,0,0,0,,
verra_ma,✌✌👍👍,0,0,0,,
vinita_kusumastutik,Love you pak Prabowo🫰❤️,0,0,0,,
clarasugiharto,Jmbrp mopigi koni pak?,0,0,0,,
achmadirsyd_,Dimana ini,0,0,0,,
sulis_8982,Hai ganteng 😍,0,0,0,,
priliyaman,02👏,0,0,0,,
positivekuy,Ijin repost neh kak fero 😍,0,0,0,,
felda_novita,Ok gas ok gas nomor 2 torang gas👏,0,0,0,,
yuntan_01,Ok gas 02❤️❤️❤️,0,0,0,,
ghofir04,❤️,0,0,0,,
jeinpola,✌🏼😍,0,0,0,,
aprillissm,Sayang banget kw eee cinta skali pa pak prabowo 💙💙💙💙💙,0,0,0,,
adityanugraha.35,Manado pecah🔥,0,0,0,,
ooyaaa__,@widi_kalingga,0,0,0,,
eqin.m,Bgmna ni @achelmamait 🤪🤭✌🏼,0,0,0,,
wawan_jiswan,NO 2 PRABOWO GIBRAN YESS 😍😍,0,0,0,,
fitridiredja,aduhhhh liat mayor tedy sigap nya 😍,0,0,0,,
nadanurrabbani,Q salfok sm mayor Teddy ka😂😂 sigapp bgt,0,0,0,,
anyderick2726,Semoga sehat selalu pak😍 selalu mendukung mu 02 ✌️,0,0,0,,
matcha_vanilla16,Kereennnn pak ✌😀😀 @prabowo.gibran2,0,0,0,,
gragrtvl__ks,Prabowo orang Langowan🔥🔥✌️,0,0,0,,
abdantasnim_,All in Prabowo-Gibran ✌✌,0,0,0,,
satu_jiwa07,🔥🔥👏,0,0,0,,
laliasti,02🔥,0,0,0,,
florentineflo_,❤️❤️,0,0,0,,
dadan_gee2085,💙💙✌,0,0,0,,
dinasndkh_,🔥🔥🔥,0,0,0,,
desnayeti,Masyaallah 💙✌️,0,0,0,,
stevanrey,🔥🤘,0,0,0,,
e.valeriemoms,🔥🔥🔥👏,0,0,0,,
rinafitria5778,Prabowo ✌️💙,0,0,0,,
jeanesompi,✌️,0,0,0,,
south_sport_86,Gas gass torang pe presiden🔥🔥🔥 @prabowo,0,0,0,,
mutiaraindry,💙💙💙✌🏻✌🏻✌🏻✌🏻,0,0,0,,
cibey_achiet,Ke koni jam berapa kak @fero_walandouw ??,0,0,0,,
tutia9211,Mashaallah tabarakallah sihat selalu pak  @prabowo 💪💪💪✌✌✌,0,0,0,,
nelamaria87,✌️✌️✌️✌️❤️🔥,0,0,0,,
latifahretno92,"Sehat"" Pak smlm bru slesai debat capres skrg udh kampanye lg sehat sllu pak😍",0,0,0,,
firamahmud_,❤️❤️❤️❤️,0,0,0,,
heprrirewel138,Ga sabar pengen coblos muka nya pak prabowo tanggal 14😍,0,0,0,,
imjrp______,Sulut Menyala 🔥 Torang Gas ✌🏻✌🏻,0,0,0,,
jeinmongs,Kage leh abis itu drg blg edit 😢 pdhl real real . tetap ALL IN GUYS,40,0,0,,
tiaraaulia362,Gaskeunnn 02 menang satu putaran ✌✌✌,0,0,0,,
sherenvm,✌🏻😍,3,0,0,,
samuelganmci4,Gaaaaspol🔥✌️,0,0,0,,
arifiantilinda,😍Salam 2 jari,0,0,0,,
uhtiazizah,🔥❤️❤️✌️,0,0,0,,
hendratobito,✌,0,0,0,,
vicky_alycia_fitri,Masa allah😢😢 absen kak taiwan taipe 02🔥❤️❤️✌️✌️,120,1,0,,
akbar_furniture__,@vicky_alycia_putri 🔥🔥,0,0,1,vicky_alycia_fitri,Masa allah😢😢 absen kak taiwan taipe 02🔥❤️❤️✌️✌️
linda_ivana_umboh,Torang Deng tuama minahasa ✌️✌️✌️✌️Salam 1 Putaran,0,0,0,,
achidddd,tuama bkg manado bergetar😍😍🔥🔥🔥👏👏✌️✌️✌️,318,0,0,,
fannisti,Semut,0,0,0,,
salenduyuni,All in Prabowo...02 pasti MENANG🔥🔥🔥,893,3,0,,
_gethuklindri,@salenduyuni 💙✌✌,1,0,1,salenduyuni,All in Prabowo...02 pasti MENANG🔥🔥🔥
ambil_wuling_yuk,@salenduyuni menang....is jamaah lagi krn capres abadi 😂😂,1,0,1,salenduyuni,All in Prabowo...02 pasti MENANG🔥🔥🔥
dvidbchdm,@salenduyuni sorry ye,0,0,1,salenduyuni,All in Prabowo...02 pasti MENANG🔥🔥🔥
eky_safitria,Mata lebih perhatiin mayor teddy 😍,0,0,0,,
kysiapatricia,Ityuu karu dya🩵🩵✌️✌️,0,0,0,,
nataliaiyha,"Baru di Langowan ini, blum di manado ✌😭 @miraldhajane",0,0,0,,
nhiyar_adam,Masya allah ✌✌,0,0,0,,
danajazzy,🇮🇩🇮🇩🤗🤗,9,0,0,,
ikamayasari532,❤️❤️,0,0,0,,
vhio_lyta,Bismillah satu putaran 😍😍😍😍✌️✌️✌️✌️✌️✌️,0,0,0,,
debby_anthony89,🔥🔥🔥🔥 Best !!!! 🩵🩵🩵,0,0,0,,
fione_pangow,Gass orLa 🔥🔥,0,0,0,,
jumonty,✌️,13,0,0,,
fitha_tlng,✌️🤍💙,5,0,0,,
mey.korompis,✌️✌️💙💙,6,9,0,,
ernakoealvabell,@mey.korompis 💙✌️✌️💙,0,0,1,mey.korompis,✌️✌️💙💙
mey.korompis,@ernakoealvabell ✌️✌️💙💙 tong hilap na 🥰🥰,0,0,1,mey.korompis,✌️✌️💙💙
ernakoealvabell,@mey.korompis pasti Mey 💙✌️✌️💙,0,0,1,mey.korompis,✌️✌️💙💙
mey.korompis,@ernakoealvabell 👍🙏 tong hilap milih mayor Teddy ongkoh na 🤣🤣,0,0,1,mey.korompis,✌️✌️💙💙
ernakoealvabell,@mey.korompis hooh ganteng ..Duda lain hiii,0,0,1,mey.korompis,✌️✌️💙💙
mey.korompis,@ernakoealvabell enya na 😂😂,0,0,1,mey.korompis,✌️✌️💙💙
ernakoealvabell,@mey.korompis sugan jd calon mantu Mey ..Bae Mey SM c ibel ato Sm c Nanat 😂,0,0,1,mey.korompis,✌️✌️💙💙
mey.korompis,@ernakoealvabell kolot teuing mereun na 😂😂,0,0,1,mey.korompis,✌️✌️💙💙
ernakoealvabell,@mey.korompis ✌️☺️😎,0,0,1,mey.korompis,✌️✌️💙💙
erri.insomnia,✌💙,5,0,0,,
cernanlantang,🔥🔥,2,0,0,,
selvyae,Dimna ini?,0,0,0,,
kumallabahter,😍😍🩵🩵✌🏻✌🏻,5,0,0,,
cesaryuga,BNGGA DG ARTIS MUDA INDONESI 💙✌🏻🔥,409,7,0,,
hadiismal,@kaisar_yuga satu putaran ✌️💪,2,0,1,cesaryuga,BNGGA DG ARTIS MUDA INDONESI 💙✌🏻🔥
fa_isal7890,Artis muda akal bobrok😂,2,0,1,cesaryuga,BNGGA DG ARTIS MUDA INDONESI 💙✌🏻🔥
fa_isal7890,@kangsaee orang yg mendukung pelanggar konstitusi apa itu mau di bilang akal sehat ?? Otak mana otak😂😂,1,0,1,cesaryuga,BNGGA DG ARTIS MUDA INDONESI 💙✌🏻🔥
cesaryuga,@kangsaee wkkw rill😂,0,0,1,cesaryuga,BNGGA DG ARTIS MUDA INDONESI 💙✌🏻🔥
fa_isal7890,@kangsaee cuma mental pengemis yg butuh gratisan😂😂,0,0,1,cesaryuga,BNGGA DG ARTIS MUDA INDONESI 💙✌🏻🔥
estya_hermawati,Kak Vero salamin dari marimarrrr ke mayor Teddy ya😢,1,0,0,,
ainonengwidaning,Mayor Teddy ❤️❤️,3,0,0,,
hilya.mafaz99,Disini ada yg sudah pernah program perawatan Pyd ngga ya....kalo ada bagi infonya dong kak🙏,4,4,0,,
dina_ayuningtyas_,@hilya.mafaz99 Coba ke akun @masterbreastmask.id aja sist siapa tahu bisa jadi solusi tuh... sy pernah ikut programnya sekarang lebih kencang dn padat....wort it banget programnya,0,0,1,hilya.mafaz99,Disini ada yg sudah pernah program perawatan Pyd ngga ya....kalo ada bagi infonya dong kak🙏
rinadasq,"@dina_ayuningtyas_ Lho di @masterbreastmask.id juga sist,,, malu banget sih kalo mau cerita disini😅. Yang pasti semenjak sy ikut programnya juga, suami skrng juga semakin lengket betah katanya makin kencang aja🙈🙈",0,0,1,hilya.mafaz99,Disini ada yg sudah pernah program perawatan Pyd ngga ya....kalo ada bagi infonya dong kak🙏
hilya.mafaz99,"@rinadasq Maaf,,Itu programnya gmn ya?",0,0,1,hilya.mafaz99,Disini ada yg sudah pernah program perawatan Pyd ngga ya....kalo ada bagi infonya dong kak🙏
rinadasq,@hilya.mafaz99 Coba kaka nya konsultasi langsung aja sm dokternya...cek akunnya aja kak..semoga membantu🙏,0,0,1,hilya.mafaz99,Disini ada yg sudah pernah program perawatan Pyd ngga ya....kalo ada bagi infonya dong kak🙏
putrisifa_19,Ok gas 2 gas ❤️,0,0,0,,
malanur_20,screenshot komen gw bang gw yakin dukung 02 all in presiden 2024✌️💙,146,0,0,,
el_engka,🔥🔥🔥,2,0,0,,
nurh53148,✌✌✌🥰,12,0,0,,
itscharmes,Di Manado ini??😍😍salam Gemooyy pak✌️❤️,46,2,0,,
lindatinnypalit,"@itscharmes Iya, daerahnya tanah kelahiran ibunya Pak Prabowo❤✌",4,0,1,itscharmes,Di Manado ini??😍😍salam Gemooyy pak✌️❤️
chtmpi_,@lindatinnypalit tepatnya di langowan🔥😍,5,0,1,itscharmes,Di Manado ini??😍😍salam Gemooyy pak✌️❤️
sumarni6673,Bismillah 🔥🔥✌️02 semangat ua untuk semunya,30,0,0,,
ap16___,ada kepentingan pribadi apaan kira” dukung yg banyak yg bermasalah fer?,295,369,0,,
navindiarii,@ap16___ lu ngapa?,54,0,1,ap16___,ada kepentingan pribadi apaan kira” dukung yg banyak yg bermasalah fer?
ap16___,@navindiarii gua gapapa,4,0,1,ap16___,ada kepentingan pribadi apaan kira” dukung yg banyak yg bermasalah fer?
ninink0505,@ap16___ yg bermasalah itu mulut lu mas,67,0,1,ap16___,ada kepentingan pribadi apaan kira” dukung yg banyak yg bermasalah fer?
hinyonyo,@ap16___ wkwk,0,0,1,ap16___,ada kepentingan pribadi apaan kira” dukung yg banyak yg bermasalah fer?
ap16___,mulut? saya ngetik mbak😩,7,0,1,ap16___,ada kepentingan pribadi apaan kira” dukung yg banyak yg bermasalah fer?
ap16___,@hinyonyo 🤣🤣🤣,2,0,1,ap16___,ada kepentingan pribadi apaan kira” dukung yg banyak yg bermasalah fer?
hinyonyo,@ap16___ lol,4,0,1,ap16___,ada kepentingan pribadi apaan kira” dukung yg banyak yg bermasalah fer?
ninink0505,@ap16___ pantes engga ada beda nya jari sama mulut sama² bermasalah,43,0,1,ap16___,ada kepentingan pribadi apaan kira” dukung yg banyak yg bermasalah fer?
zakia_nurhazanah,@ap16___ buzer panas terus😂,16,0,1,ap16___,ada kepentingan pribadi apaan kira” dukung yg banyak yg bermasalah fer?
annisarahmafens,@ap16___ 🐒,2,0,1,ap16___,ada kepentingan pribadi apaan kira” dukung yg banyak yg bermasalah fer?
junitaa_rumampuk,@ap16___ otaklu yg bermasalah 😂,6,0,1,ap16___,ada kepentingan pribadi apaan kira” dukung yg banyak yg bermasalah fer?
ap16___,siapa? paslon 02 maksudnya?,0,0,1,ap16___,ada kepentingan pribadi apaan kira” dukung yg banyak yg bermasalah fer?
malanur_20,@ap16___ berarti jari tangan anda yg bermSalah berawal dri mata ke hati ke otak bru kejari,6,0,1,ap16___,ada kepentingan pribadi apaan kira” dukung yg banyak yg bermasalah fer?
ap16___,info terkini jakarta RasaPuncak🥶,0,0,1,ap16___,ada kepentingan pribadi apaan kira” dukung yg banyak yg bermasalah fer?
adfrnsis,@ap16___ kalo ga suka gausah nimbrung di lapak org,7,0,1,ap16___,ada kepentingan pribadi apaan kira” dukung yg banyak yg bermasalah fer?
ap16___,@de_maal17 siapa? oh paslon 02 itu emang jelas👍🏽,0,0,1,ap16___,ada kepentingan pribadi apaan kira” dukung yg banyak yg bermasalah fer?
ap16___,@hinyonyo laugh of loud🤣,1,0,1,ap16___,ada kepentingan pribadi apaan kira” dukung yg banyak yg bermasalah fer?
rhoesmia_mel,@ap16___ lah busuk hati udh mirip si paling imam mahdi.,1,0,1,ap16___,ada kepentingan pribadi apaan kira” dukung yg banyak yg bermasalah fer?
ap16___,"@junitaa_rumampuk allhamdulillah normal, yg ga normal biasanya yg cuman dukung joget”an🥰",0,0,1,ap16___,ada kepentingan pribadi apaan kira” dukung yg banyak yg bermasalah fer?
ap16___,"@adindafrns_ suka buktinya aku like, komenan kamu🥰",0,0,1,ap16___,ada kepentingan pribadi apaan kira” dukung yg banyak yg bermasalah fer?
ap16___,@annisarahmafens 🥛,0,0,1,ap16___,ada kepentingan pribadi apaan kira” dukung yg banyak yg bermasalah fer?
ap16___,@rhoesmia_mel imam mahdi lawannya dajjal terus dajjal nya🤔,0,0,1,ap16___,ada kepentingan pribadi apaan kira” dukung yg banyak yg bermasalah fer?
ninink0505,"@ap16___ mas mas, keliatan sekali anda iri dengki sama paslon 02 duhh kasian banget sih modelan orang kaya lu😂😂",8,0,1,ap16___,ada kepentingan pribadi apaan kira” dukung yg banyak yg bermasalah fer?
ica_neng_nong,@ap16___ mau sya cubit ga mulut nya,6,0,1,ap16___,ada kepentingan pribadi apaan kira” dukung yg banyak yg bermasalah fer?
malanur_20,@icha_____neng_nong nama nyh ajh pake Prabowo lihat ajh gih udh gitu di private 😂😂,1,0,1,ap16___,ada kepentingan pribadi apaan kira” dukung yg banyak yg bermasalah fer?
ap16___,"gua iri? sorryy yeee, yg gua heran kok masih ada aja yg ngedukung walau gatau organic atau engganya, kalau engga organic bisa bayaran wajar kalo yg organic ini looh otaknya harus di recycle atau gimana yaa wkwk, harus jua sih udah buka mata ya terhadap fenomena suara dr civitas dan guru besar kalo masih dukung yaa emang udah bermasalah sih 🧠, salam akal sehat🙌🏽",1,0,1,ap16___,ada kepentingan pribadi apaan kira” dukung yg banyak yg bermasalah fer?
ap16___,@icha_____neng_nong mau donggg🥰,0,0,1,ap16___,ada kepentingan pribadi apaan kira” dukung yg banyak yg bermasalah fer?
ap16___,"@de_maal17 terus apa masalahnya? wkwk, mau nyerang personal mau maki” kaya junjungannya? wkwk",1,0,1,ap16___,ada kepentingan pribadi apaan kira” dukung yg banyak yg bermasalah fer?
ninink0505,"@ap16___  lah terserah lah mau ngedukung siapa juga koq lu yg ngatur.. Mau ngedukung siapa juga yah terserah lah, punya hak koq untuk memilih.. Dan lu engga usah cape² jelek²in paslon 02 , MENDING URUS PASLON LU.. GA USAH REPOT URUS PASLON 02",8,0,1,ap16___,ada kepentingan pribadi apaan kira” dukung yg banyak yg bermasalah fer?
adfrnsis,@ap16___ si paling akal sehat,5,0,1,ap16___,ada kepentingan pribadi apaan kira” dukung yg banyak yg bermasalah fer?
ap16___,"wetsss kaya junjungannya nih emosian cocok dah elu dukung dia, iya bener mereka punya hak tapi harusnya yg masih gabisa mikir rasional gausah di kasih hak jadinya gini kayak elu🤣",0,0,1,ap16___,ada kepentingan pribadi apaan kira” dukung yg banyak yg bermasalah fer?
ap16___,@adindafrns_ oh iya dong jelas rasional🔥,0,0,1,ap16___,ada kepentingan pribadi apaan kira” dukung yg banyak yg bermasalah fer?
ninink0505,@ap16___  Hadeh hadeh baru di omong gitu.. Dibilang emosian mas mas intinya lu itu iri dengkiii yah hati lu itu udah penuh kebencian,5,0,1,ap16___,ada kepentingan pribadi apaan kira” dukung yg banyak yg bermasalah fer?
ninink0505,@ap16___ PASLON LU JUGA BELUM TENTU BAIK,5,0,1,ap16___,ada kepentingan pribadi apaan kira” dukung yg banyak yg bermasalah fer?
ap16___,nah cocok satu kampung + kepentingan pribadi ber kolaborasi🙌🏽,0,0,1,ap16___,ada kepentingan pribadi apaan kira” dukung yg banyak yg bermasalah fer?
wulanendah22,@ap16___  gak  salah lapak ya ahahahahha,3,0,1,ap16___,ada kepentingan pribadi apaan kira” dukung yg banyak yg bermasalah fer?
zakia_nurhazanah,@ap16___ pendukungnya 01 selalu nyampah dimana mana caper niat ngehasut gagal terus😂,3,0,1,ap16___,ada kepentingan pribadi apaan kira” dukung yg banyak yg bermasalah fer?
ap16___,"drtd yg iri sama dengki siapa sih heran wkwk, makanya baca pelan” di pahamin ya mbakk",0,0,1,ap16___,ada kepentingan pribadi apaan kira” dukung yg banyak yg bermasalah fer?
ap16___,uwuwuwuwuwuw jebol kah caption nya manis🥰,0,0,1,ap16___,ada kepentingan pribadi apaan kira” dukung yg banyak yg bermasalah fer?
ninink0505,"@ap16___ Gini nih kalo orang udah salah tapi engga sadar dia salah😂😂 , dibilang kalo emang dasar nya hati nya iri dengki mah.. Pengen ngerasa selalu bener ajah omongan nya😂😂",6,0,1,ap16___,ada kepentingan pribadi apaan kira” dukung yg banyak yg bermasalah fer?
ap16___,sampahan orang kek lu gasih milih ga make rasional? wkwk,0,0,1,ap16___,ada kepentingan pribadi apaan kira” dukung yg banyak yg bermasalah fer?
ap16___,"aduhhh masih aja bilang iri dengki males baca atau gimana sih? wkwk, oh iya lupa kan oendukung nya emang males baca data dan dakta chuaksss. gua juga ngapain iri sama orang kayakkk🤣🤣🤣, gua juga ga iri sih sama lu yg punya pemikiran ga rasional HAHAHAHAHA",0,0,1,ap16___,ada kepentingan pribadi apaan kira” dukung yg banyak yg bermasalah fer?
ninink0505,"@ap16___  si paling rasional 😂😂😂 , kaya paslon lu paling bener ajah duhh😂😂😂😂",7,0,1,ap16___,ada kepentingan pribadi apaan kira” dukung yg banyak yg bermasalah fer?
ap16___,"@wulanendah22 engga salah, kan gua nanya ke fero di ig nya ini😩",1,0,1,ap16___,ada kepentingan pribadi apaan kira” dukung yg banyak yg bermasalah fer?
ap16___,"seperti biasa kalo kalah argument selalu pake tambahan “si paling” , yuk bisa yuk di pikir lagi dengan cara rational🙌🏽",0,0,1,ap16___,ada kepentingan pribadi apaan kira” dukung yg banyak yg bermasalah fer?
ninink0505,"@ap16___  Ujung²nya promosi buat pindah ke paslon lu yahh cuaksss😂 ,",4,0,1,ap16___,ada kepentingan pribadi apaan kira” dukung yg banyak yg bermasalah fer?
ica_neng_nong,@ap16___ ih knp mau nnti sakit d cubit mag,2,0,1,ap16___,ada kepentingan pribadi apaan kira” dukung yg banyak yg bermasalah fer?
ica_neng_nong,@de_maal17 😂hah ko iya ahahaha,2,0,1,ap16___,ada kepentingan pribadi apaan kira” dukung yg banyak yg bermasalah fer?
danielmiann,"@ap16___ kepentingan negara ini AGUS PRABOWO , kayak nya nama belakang mu itu ganti ya ?? Nama belakang anda ,PRABOWO  ga layak untuk attitude seperti anda",4,0,1,ap16___,ada kepentingan pribadi apaan kira” dukung yg banyak yg bermasalah fer?
epihartati77,@ap16___ yang bermasalah itu otak lu,5,0,1,ap16___,ada kepentingan pribadi apaan kira” dukung yg banyak yg bermasalah fer?
malanur_20,@icha_____neng_nong mungkin dia buzzerr,3,0,1,ap16___,ada kepentingan pribadi apaan kira” dukung yg banyak yg bermasalah fer?
ap16___,@icha_____neng_nong gapapa kalo kamu mah uwww🥰,0,0,1,ap16___,ada kepentingan pribadi apaan kira” dukung yg banyak yg bermasalah fer?
ap16___,@icha_____neng_nong ikhlas aku kalo kamu yg nyubit mah🥰,0,0,1,ap16___,ada kepentingan pribadi apaan kira” dukung yg banyak yg bermasalah fer?
ap16___,"@danielmiann attitude yg mana ya? kayanya drtd saya ga maki” orang bang, masalah nama apa urusannya sama nama sayaa bang😭😭😭",0,0,1,ap16___,ada kepentingan pribadi apaan kira” dukung yg banyak yg bermasalah fer?
ap16___,@epihartati77 fun fact biasanya yg ngetik yg ngetik yg begini🙌🏽,0,0,1,ap16___,ada kepentingan pribadi apaan kira” dukung yg banyak yg bermasalah fer?
ap16___,"@de_maal17 emang boleh buzzer semua komenan di bales, nge buzzer tuh cuman judul ga nge reply🫣",0,0,1,ap16___,ada kepentingan pribadi apaan kira” dukung yg banyak yg bermasalah fer?
reina_reynanda,@ap16___ yg bermasalah ht kamu,3,0,1,ap16___,ada kepentingan pribadi apaan kira” dukung yg banyak yg bermasalah fer?
ap16___,@reina_reynanda ht apaan bu?,1,0,1,ap16___,ada kepentingan pribadi apaan kira” dukung yg banyak yg bermasalah fer?
malanur_20,@ap16___ lah ini model baru biar gk keciri😂,2,0,1,ap16___,ada kepentingan pribadi apaan kira” dukung yg banyak yg bermasalah fer?
ap16___,@de_maal17 elu pernah apa gimana? pengalaman banget🤔,0,0,1,ap16___,ada kepentingan pribadi apaan kira” dukung yg banyak yg bermasalah fer?
malanur_20,@ap16___ lah malah memutar balikan fakta😂dasar akun fake berani² nyh nuampah dsni 😂ngejawab mulu bisaan ekting nyh biar gk terlalau keciri 😂😂😂😂🔥😂😂🔥🔥😂😂🔥😂🔥🔥😂🔥😂🔥🔥😂😂🔥😂🔥🔥😂🔥😂😂🔥😂🔥😂😂🔥🔥🔥😂🔥😂🔥😂😂🔥🔥😂🔥😂🔥😂😂🔥🔥😂🔥😂🔥😂🔥🔥😂😂🔥😂🔥😂🔥😂🔥😂🔥😂🔥😂🔥🔥😂🔥😂🔥😂🔥😂🔥😂🔥😂😂🔥,2,0,1,ap16___,ada kepentingan pribadi apaan kira” dukung yg banyak yg bermasalah fer?
ica_neng_nong,@de_maal17 kayanya 🤭,0,0,1,ap16___,ada kepentingan pribadi apaan kira” dukung yg banyak yg bermasalah fer?
pranoval,@ap16___ kepentingan lu nanya nanya buat apaan njink,1,0,1,ap16___,ada kepentingan pribadi apaan kira” dukung yg banyak yg bermasalah fer?
ica_neng_nong,"@ap16___ 🤦‍♀️ d jga ya ktikanya mas, mulut mu harimau mu 🙏",1,0,1,ap16___,ada kepentingan pribadi apaan kira” dukung yg banyak yg bermasalah fer?
yogefesu_,"@ap16___ yah suka"" dialah mw dukung siapa..hahaaa... emang situ gk prna brmasalah gitu? 🤭",1,0,1,ap16___,ada kepentingan pribadi apaan kira” dukung yg banyak yg bermasalah fer?
ap16___,@de_maal17 wkwk ngakak bgt sih emang ciri akun fake sama asli itu gimanasih?,0,0,1,ap16___,ada kepentingan pribadi apaan kira” dukung yg banyak yg bermasalah fer?
ap16___,@pranoval kasar bgt sih ketularan junjungannya kah berkata kasar🤣,0,0,1,ap16___,ada kepentingan pribadi apaan kira” dukung yg banyak yg bermasalah fer?
ap16___,@icha_____neng_nong awww karnivora dong aku🥰,0,0,1,ap16___,ada kepentingan pribadi apaan kira” dukung yg banyak yg bermasalah fer?
ap16___,"@yogefesu_ yaa emg suka” dia, allhamdulillah punya msalah tapi ga sampe jadi aib🤣",0,0,1,ap16___,ada kepentingan pribadi apaan kira” dukung yg banyak yg bermasalah fer?
rmnsyh_27,@ap16___  konfir  ig gue cek DM ketemu?,2,0,1,ap16___,ada kepentingan pribadi apaan kira” dukung yg banyak yg bermasalah fer?
ica_neng_nong,@ap16___ 🤦‍♀️,0,0,1,ap16___,ada kepentingan pribadi apaan kira” dukung yg banyak yg bermasalah fer?
maria_riany,@ap16___ slah lapak lu bung👎👎,1,0,1,ap16___,ada kepentingan pribadi apaan kira” dukung yg banyak yg bermasalah fer?
f4ndh1_,@ap16___ Ajg mnjwb aja lu😭🤣😂😅,1,0,1,ap16___,ada kepentingan pribadi apaan kira” dukung yg banyak yg bermasalah fer?
rheny0112,"@ap16___ emank salah Dy dukung sana,suka2 Dy hak Dy lah",1,0,1,ap16___,ada kepentingan pribadi apaan kira” dukung yg banyak yg bermasalah fer?
tataridwan70,@ap16___ bang simple ajah..kalou ga srek jangan di pilih gituah ..jangan bibir nya lemes melulu😂😂,1,0,1,ap16___,ada kepentingan pribadi apaan kira” dukung yg banyak yg bermasalah fer?
ekayani.yani.391,@ap16___ lagi cari kerja makan gratis,1,0,1,ap16___,ada kepentingan pribadi apaan kira” dukung yg banyak yg bermasalah fer?
ap16___,karna rasional sih paling jelasnya🥰,0,0,1,ap16___,ada kepentingan pribadi apaan kira” dukung yg banyak yg bermasalah fer?
ap16___,@maria_riany kok salah? gua mau nanya ke abangnya kok salah😩,0,0,1,ap16___,ada kepentingan pribadi apaan kira” dukung yg banyak yg bermasalah fer?
ap16___,@rheny0112 pake diksi yg bener kalo ngetik KKBI capek” buat diksi ga dipake😩,0,0,1,ap16___,ada kepentingan pribadi apaan kira” dukung yg banyak yg bermasalah fer?
ap16___,"@tataridwan70 lah gua kesini mau nanya abangnya, kenapa jadi kemana mana😩",0,0,1,ap16___,ada kepentingan pribadi apaan kira” dukung yg banyak yg bermasalah fer?
ap16___,@ekayani.yani.391 hahaha ttipis tipis nanti di serang bang,0,0,1,ap16___,ada kepentingan pribadi apaan kira” dukung yg banyak yg bermasalah fer?
tataridwan70,@ap16___ malah kmna mna😢,1,0,1,ap16___,ada kepentingan pribadi apaan kira” dukung yg banyak yg bermasalah fer?
ap16___,"mereka terkenal karna usaha mereka, terus drtd yg bahas artis siapa sih? gua cuman nanya ke abang nya padahal😩",0,0,1,ap16___,ada kepentingan pribadi apaan kira” dukung yg banyak yg bermasalah fer?
jenny_walandouw,@ap16___ ga usah saling menjelekkan. Pilihlah apa kata hatimu.... ✌✌ no. 2 torang gas.... Hehehe... Manado membiru... Pilih pa tole.,1,0,1,ap16___,ada kepentingan pribadi apaan kira” dukung yg banyak yg bermasalah fer?
yogefesu_,@ap16___ @ap16___ sekalipun nggk jadi aib tpi emang loh pikir Tuhan loh seneng gitu ? 😂 trus loh pikir paslon lainnya gk punya aib yg trbuka gitu? Wakakakkk,1,0,1,ap16___,ada kepentingan pribadi apaan kira” dukung yg banyak yg bermasalah fer?
ceisya.zaviya.azalfa,@ap16___ doh sok iye,1,0,1,ap16___,ada kepentingan pribadi apaan kira” dukung yg banyak yg bermasalah fer?
ceisya.zaviya.azalfa,"@ap16___ apakah kamu merasa sudah berfikir secara rasional? Dan punya HAK untuk ngatur hak suara orang? Kamu kan mikirnya kok masih ada yg mau milih 02,otak nya kemana, bla bla bla, sama sya juga mikir, kok ada yg mau milih si paling imam Mahdi, otak nya kemana",2,0,1,ap16___,ada kepentingan pribadi apaan kira” dukung yg banyak yg bermasalah fer?
novita.rasyid,"@ap16___ yg bermaslaah itu hati mu, trllu busukk",1,0,1,ap16___,ada kepentingan pribadi apaan kira” dukung yg banyak yg bermasalah fer?
litha_ochyn,"@ap16___ mungkin masalahnya dikamu 🤪 Fero kan org Manado ya pasti pilih Prabowolahhh gitu aja kok kamu yg repot, sewot sampe2  tantrum 😂😂😂 Gemoyyy 02 gassssss Sorryyy yeeee 😜😜😜😜🫰🫰🫰🫰✌️✌️✌️✌️",1,0,1,ap16___,ada kepentingan pribadi apaan kira” dukung yg banyak yg bermasalah fer?
yupsviss_03,@ap16___ yg bermasalah itu otak lu,1,0,1,ap16___,ada kepentingan pribadi apaan kira” dukung yg banyak yg bermasalah fer?
ap16___,@jennyjelou yg ngejelekin siapa yaampun😩,0,0,1,ap16___,ada kepentingan pribadi apaan kira” dukung yg banyak yg bermasalah fer?
ap16___,@yogefesu_ aib yg terbuka tuh gimana? paslon 02 tentang kode etik yg secara itu aib?,0,0,1,ap16___,ada kepentingan pribadi apaan kira” dukung yg banyak yg bermasalah fer?
ap16___,"@ceisya.zaviya.azalfa masalah imam mahdi kalo mau bawa bawa otak juga di pake otaknya ya, video hoax banyak masih di telen mentah” jadi yg harusnya berkata make otak siapa? narasi hoax masih di bawa, bawa otaknya baru komen🤭",0,0,1,ap16___,ada kepentingan pribadi apaan kira” dukung yg banyak yg bermasalah fer?
ap16___,@novita.rasyid busuk🤔,0,0,1,ap16___,ada kepentingan pribadi apaan kira” dukung yg banyak yg bermasalah fer?
ap16___,apaandah? kenapa lu yg jawab dah? lu fero?,0,0,1,ap16___,ada kepentingan pribadi apaan kira” dukung yg banyak yg bermasalah fer?
ap16___,@vhemy_03 biasanya yg ngetik begitu yg bermasalah🥰,0,0,1,ap16___,ada kepentingan pribadi apaan kira” dukung yg banyak yg bermasalah fer?
ceisya.zaviya.azalfa,"@ap16___ cieeee panas, sneng nya menghujat, di balikin panas,🤣🤣🤣🤣",1,0,1,ap16___,ada kepentingan pribadi apaan kira” dukung yg banyak yg bermasalah fer?
ladieses.es,"@ap16___ lo perduli amat urusan orang 😂😂,",1,0,1,ap16___,ada kepentingan pribadi apaan kira” dukung yg banyak yg bermasalah fer?
jenny_walandouw,"@ap16___ kan awalnya disitu komen ""dukung yg banyak yg bermasalah""  Itu artinya apa dong kalau bukan menjelekkan? Makanya... Kalau komen jangan asal komen... 😀😁 Peace✌✌ Damai itu Indah... Damai di hati.... 02 torang gasss ✌✌",1,0,1,ap16___,ada kepentingan pribadi apaan kira” dukung yg banyak yg bermasalah fer?
yupsviss_03,@ap16___ contohnya elu kan bang😂,1,0,1,ap16___,ada kepentingan pribadi apaan kira” dukung yg banyak yg bermasalah fer?
ronny_mahenra,"@ap16___ suka suka dia mau dukung siapa , kenapa km yg ngatur 😂 panas iyaa ? Iyaaa panas ?",1,0,1,ap16___,ada kepentingan pribadi apaan kira” dukung yg banyak yg bermasalah fer?
ap16___,@ronny_mahenra emang yg ngaturs siapa? ada kata” gua ngatur?,0,0,1,ap16___,ada kepentingan pribadi apaan kira” dukung yg banyak yg bermasalah fer?
ap16___,@vhemy_03 gabisa baca atau gimana?,0,0,1,ap16___,ada kepentingan pribadi apaan kira” dukung yg banyak yg bermasalah fer?
ap16___,@jennyjelou oh merasaaaa kalo gamerasa gaakan ada yg komen dong ya harusnya🥰,0,0,1,ap16___,ada kepentingan pribadi apaan kira” dukung yg banyak yg bermasalah fer?
ap16___,@ceisya.zaviya.azalfa situ kali yg kepanasan kalo dikirim fakta wkwk,0,0,1,ap16___,ada kepentingan pribadi apaan kira” dukung yg banyak yg bermasalah fer?
ap16___,@ladies.hk yoi keren kan gue?,0,0,1,ap16___,ada kepentingan pribadi apaan kira” dukung yg banyak yg bermasalah fer?
ladieses.es,@ap16___ keren banget sumpah 😂,0,0,1,ap16___,ada kepentingan pribadi apaan kira” dukung yg banyak yg bermasalah fer?
ceisya.zaviya.azalfa,@ap16___ cieeeeeee ga trima hahahha kasian,2,0,1,ap16___,ada kepentingan pribadi apaan kira” dukung yg banyak yg bermasalah fer?
abcde_fyuuu,@ap16___ apasi anjir serah dia kali wkwk sewot ngurusin pilhan org😂,2,0,1,ap16___,ada kepentingan pribadi apaan kira” dukung yg banyak yg bermasalah fer?
ap16___,@ladies.hk haha oryza sativa abangku🌾🌾🌾,0,0,1,ap16___,ada kepentingan pribadi apaan kira” dukung yg banyak yg bermasalah fer?
ap16___,@ceisya.zaviya.azalfa contoh orang kalah argumen ya gini,0,0,1,ap16___,ada kepentingan pribadi apaan kira” dukung yg banyak yg bermasalah fer?
ap16___,@im_goodxx seterah gua juga ga sih?,0,0,1,ap16___,ada kepentingan pribadi apaan kira” dukung yg banyak yg bermasalah fer?
yogefesu_,"@ap16___ kok kyak paslon yg ono yah,, ditanya A dijawabnya O 🤣",1,0,1,ap16___,ada kepentingan pribadi apaan kira” dukung yg banyak yg bermasalah fer?
arianatrisna,@ap16___ ITU ya berarti kemenangan semakin dekat...Karena lawan sedang memanioulasi segala cara,1,0,1,ap16___,ada kepentingan pribadi apaan kira” dukung yg banyak yg bermasalah fer?
ceisya.zaviya.azalfa,"@ap16___ contoh orang sok cerdas, berani menghujat, di balikin panas hahahahha kasian kasian",1,0,1,ap16___,ada kepentingan pribadi apaan kira” dukung yg banyak yg bermasalah fer?
ap16___,@ceisya.zaviya.azalfa contoh orang asal nyocot dikasih fakta tutup mata,0,0,1,ap16___,ada kepentingan pribadi apaan kira” dukung yg banyak yg bermasalah fer?
ronny_mahenra,@ap16___ yg ngeyel begini biasanya pendukung 01 😂😂😂,3,0,1,ap16___,ada kepentingan pribadi apaan kira” dukung yg banyak yg bermasalah fer?
swe3tyy_,@ap16___ Medsos mendorong orang tampil pansos menjadi manusia hina,2,0,1,ap16___,ada kepentingan pribadi apaan kira” dukung yg banyak yg bermasalah fer?
ap16___,"@yogefesu_ iyaa kayak prabowo semalem bjirr, ditanya tentang perlundungan wanita dijawabnya makan gratis bjirr",0,0,1,ap16___,ada kepentingan pribadi apaan kira” dukung yg banyak yg bermasalah fer?
ap16___,@ronny_mahenra gass tebak”an🙌,0,0,1,ap16___,ada kepentingan pribadi apaan kira” dukung yg banyak yg bermasalah fer?
ap16___,@swe3tyy_ maaf bukan visi misi saya nge pansos👍🏽,0,0,1,ap16___,ada kepentingan pribadi apaan kira” dukung yg banyak yg bermasalah fer?
jenny_walandouw,@ap16___ sepertinya anda merasa benar ya.... Yg pasti saat Pemilu kita coblos apa kata hati... ✌✌ 02 torang gass... Kalau jawab komen org seperti anda mmg hati harus dingin....Peace ✌✌😅😂,2,0,1,ap16___,ada kepentingan pribadi apaan kira” dukung yg banyak yg bermasalah fer?
ceisya.zaviya.azalfa,"@ap16___ CONTOH orang dongo, yg ga inget pemilu bebas milih, lah kok panas bnyak yg dukung 02 🤣🤣🤣🤣 smpe nanyain ada kpentingan apa, lah nyampah di kampanye 02,Cerdas terlalu cerdas sampe ke balasan, plus + plus = MINUS ( pikiran nya) 🤣🤣🤣🤣🤣 puas2in bacot, ga perlu menjudge palson lain woi, buktiin aja paslon kamu pantes jadi presiden, kita liat aja nnti tgl 14 kok repot haha",1,0,1,ap16___,ada kepentingan pribadi apaan kira” dukung yg banyak yg bermasalah fer?
swe3tyy_,"@ap16___ memang tidak pansos tapi termasuk manusia hina, tidak ada untung juga menjelekan paslon lain yg bukan pilihan mu. Kalau mau komentar boleh ajaa krn itu hak setiap manusia tapi liat tempatnya juga. Kamu bisa komen di tempat paslon pilihan kamu. Itu lebih baik",1,0,1,ap16___,ada kepentingan pribadi apaan kira” dukung yg banyak yg bermasalah fer?
iyennabilaaa,"@ap16___ doa agar terhindar dari penyakit iri dengki 
عَنْ أَبِي هُرَيْرَةَ رضي الله عنه قَالَ: قَالَ رَسُولُ اللَّهِ صلى الله عليه وسلم إِيَّاكُمْ وَالْحَسَدَ فَإِنَّ الْحَسَدَ يَأْكُلُ الْحَسَنَاتِ كَمَا تَأْكُلُ النَّارُ الْحَطَبَ",1,0,1,ap16___,ada kepentingan pribadi apaan kira” dukung yg banyak yg bermasalah fer?
ceisya.zaviya.azalfa,"@swe3tyy_ nah bner ini, mau pilih siapa ya bebas ya kak, penting pada tempatnya, orang cerdas kaya gtu kak, beda kalo yg ngaku cerdas kak, 🔥🔥🔥🔥",2,0,1,ap16___,ada kepentingan pribadi apaan kira” dukung yg banyak yg bermasalah fer?
githakasenda,@ap16___ hidup lu yg bnyk masalah bro🤣🤣,1,0,1,ap16___,ada kepentingan pribadi apaan kira” dukung yg banyak yg bermasalah fer?
swe3tyy_,"@ap16___ hati hati dalam berkomentar, gunakan sosmed dengan baik yaa, karena salah salah menggunakan sosmed akibatnya bisa fatal.",1,0,1,ap16___,ada kepentingan pribadi apaan kira” dukung yg banyak yg bermasalah fer?
ap16___,@githakasenda hadapin aja brody🤣,0,0,1,ap16___,ada kepentingan pribadi apaan kira” dukung yg banyak yg bermasalah fer?
ap16___,@swe3tyy_ tenang gue selalu hati” drtd gaada juga komentar pinggir jurangnya selaw🙌🏽,0,0,1,ap16___,ada kepentingan pribadi apaan kira” dukung yg banyak yg bermasalah fer?
ap16___,@iyennabilaaa aamiin ya allah🙌🏽,0,0,1,ap16___,ada kepentingan pribadi apaan kira” dukung yg banyak yg bermasalah fer?
ap16___,@swe3tyy_ yg harusnya ngingetin berkomentar dengan bijak harus di tanam kediri sendiri dulu ga sih? ini contoh nya🤭,0,0,1,ap16___,ada kepentingan pribadi apaan kira” dukung yg banyak yg bermasalah fer?
ap16___,@jennyjelou lebih tepatnya gausah nimbrung kalo emang gemerasa👍🏽,0,0,1,ap16___,ada kepentingan pribadi apaan kira” dukung yg banyak yg bermasalah fer?
deaasrstk,"@ap16___ hak org buat pilih siapa yg mau dia pilih, jangan ribet amat  jd org",1,0,1,ap16___,ada kepentingan pribadi apaan kira” dukung yg banyak yg bermasalah fer?
jenny_walandouw,@ap16___  Ahaaaa.... Begitu ya... 02 torang gas... ✌✌,1,0,1,ap16___,ada kepentingan pribadi apaan kira” dukung yg banyak yg bermasalah fer?
ellen_rowpink,@ap16___ siapapun berhak memilih yg mana.. saling menghargai aja,1,0,1,ap16___,ada kepentingan pribadi apaan kira” dukung yg banyak yg bermasalah fer?
pratama4727,@ap16___ bacot lo buzzer,1,0,1,ap16___,ada kepentingan pribadi apaan kira” dukung yg banyak yg bermasalah fer?
baiqisshop,@ap16___ sy wakilin jawab ada kepentingan apa juga anda di sini pulang sono ke paslon anda kojul 😂🤣,1,0,1,ap16___,ada kepentingan pribadi apaan kira” dukung yg banyak yg bermasalah fer?
bintanggdanbulann,@ap16___ fero itu asli sulawesi utara mbaaa😍 ya pastinya dukung donggg. Prabowo gibran satu putaran😍😍😍,2,0,1,ap16___,ada kepentingan pribadi apaan kira” dukung yg banyak yg bermasalah fer?
_davidnainggolan,@ap16___ nama lu ganti dulu itu blok 😂 Prabowo jugaan😂,1,0,1,ap16___,ada kepentingan pribadi apaan kira” dukung yg banyak yg bermasalah fer?
swe3tyy_,@ap16___ Mas mas sudah termasuk tugas saya sbg orang hukum mengingatkan orang lain untuk hati hati berkomentar melalui sosial media. Tanggapan kamu seperti ini kalau dikasih tau?,1,0,1,ap16___,ada kepentingan pribadi apaan kira” dukung yg banyak yg bermasalah fer?
cacasr_,@ap16___ semua itu punya pilihan masing2 ✌🏻 oke gas oke gas,1,0,1,ap16___,ada kepentingan pribadi apaan kira” dukung yg banyak yg bermasalah fer?
hendrapurnama_real,"@ap16___ yg penting pak prabowo belum pernah mau dijadikan tersangka kasus korupsi apalagi sampai masuk ruang tanya jawab sama pihak kpk. Bersih sori yeee sorrriii yeeeee .... Di akui bukan mengakui. Sok sokan menilai tapi sendirinya ancur dalam memimpin, yg dinilai di akui dunia, sorriiiii yeeeee.... 😂😂😂😂",1,0,1,ap16___,ada kepentingan pribadi apaan kira” dukung yg banyak yg bermasalah fer?
mhayadarban27,@ap16___ otak lu yg bermasalah😂,1,0,1,ap16___,ada kepentingan pribadi apaan kira” dukung yg banyak yg bermasalah fer?
erikheri22,@ap16___ tetap Prabowo Gibran ngga ngaru dgn  berita2,1,0,1,ap16___,ada kepentingan pribadi apaan kira” dukung yg banyak yg bermasalah fer?
aqsayuwen,"@ap16___ krn mereka tau kalo program pak jokowi sm pak prabowo itu adal berdiri dikaki sndri kak. Nggak jual barang mentah ke LN, bikin pabrik sndri di negara indo jdi akan banyak tenaga krja yg dibutuhkan. Dan jika mnjual bahan mentah, jualnya akan dimahalkan. Dan itu salah satu apasan AS mihak no 1, karna no 1 kan tetap menjual bahan mentah ke luar. Begitu juga dg no 3 yg tetap bkrja sama sama china. Setau saya begitu. Mohon maaf kalo yg saya tau ini salah🙏🏾🙏🏾🙏🏾",1,0,1,ap16___,ada kepentingan pribadi apaan kira” dukung yg banyak yg bermasalah fer?
ap16___,@aqsayuwen kalo baca jangan setengah” baca yg full visi misi program nya AMIN dan GAMA,0,0,1,ap16___,ada kepentingan pribadi apaan kira” dukung yg banyak yg bermasalah fer?
ap16___,@hendrapurnama_real belom pernah mau?🤔,0,0,1,ap16___,ada kepentingan pribadi apaan kira” dukung yg banyak yg bermasalah fer?
ap16___,@cacasr_ oke gas oke gas minim gagasan kita gaskan👍🏽,0,0,1,ap16___,ada kepentingan pribadi apaan kira” dukung yg banyak yg bermasalah fer?
ap16___,@swe3tyy_ capek capek belajar hukum milihnya 02? rugi dong yg bener aje,0,0,1,ap16___,ada kepentingan pribadi apaan kira” dukung yg banyak yg bermasalah fer?
ap16___,urusannya apaan sama nama gue🤔,0,0,1,ap16___,ada kepentingan pribadi apaan kira” dukung yg banyak yg bermasalah fer?
ap16___,@adityapratama_._._._._._ wkwkwk tipis tipis abangku🌾🌾🌾,0,0,1,ap16___,ada kepentingan pribadi apaan kira” dukung yg banyak yg bermasalah fer?
ap16___,"@mejiikuwarna saya gananya fero asalnya drmana, baca lagi judulnya baru komen lagi ya",0,0,1,ap16___,ada kepentingan pribadi apaan kira” dukung yg banyak yg bermasalah fer?
ap16___,@baiqisshop elu siapanya?,0,0,1,ap16___,ada kepentingan pribadi apaan kira” dukung yg banyak yg bermasalah fer?
ap16___,@pratama4727 aku buzzer? sorry yeeee,0,0,1,ap16___,ada kepentingan pribadi apaan kira” dukung yg banyak yg bermasalah fer?
ap16___,@ellen_rowpink ya emang betul👍🏽,0,0,1,ap16___,ada kepentingan pribadi apaan kira” dukung yg banyak yg bermasalah fer?
ap16___,@deaasrstk apadah yg ribet siapa woi😩,0,0,1,ap16___,ada kepentingan pribadi apaan kira” dukung yg banyak yg bermasalah fer?
aqsayuwen,"@ap16___ aq nggak baca sih, tapi nonton.",1,0,1,ap16___,ada kepentingan pribadi apaan kira” dukung yg banyak yg bermasalah fer?
ap16___,@aqsayuwen ohh korban setiran fyp tiktok yaa,0,0,1,ap16___,ada kepentingan pribadi apaan kira” dukung yg banyak yg bermasalah fer?
aqsayuwen,"@ap16___ enggak juga, aku jarang TT. Malah d yt sm ig. Aku jd tersangka aja mas, nggak mau aku jd korban 😀",1,0,1,ap16___,ada kepentingan pribadi apaan kira” dukung yg banyak yg bermasalah fer?
swe3tyy_,@ap16___ kamu bener laki laki? ngeri kali mulut nya,1,0,1,ap16___,ada kepentingan pribadi apaan kira” dukung yg banyak yg bermasalah fer?
jeyyy98_,"@ap16___ yg bermasalah itu, penye pong 01-03 deck, salam akal sehat🙌#ygwarasaja ✌️",3,0,1,ap16___,ada kepentingan pribadi apaan kira” dukung yg banyak yg bermasalah fer?
ap16___,@jeyyy98_ penye pong🤔,0,0,1,ap16___,ada kepentingan pribadi apaan kira” dukung yg banyak yg bermasalah fer?
ap16___,"@rahmatulkhasanah__ allhamdulillah saya punya usaha mbak, kalo ditanya paling oke gue akan jawab iya. Jebol kah capslock nya? atau rusak kak?",0,0,1,ap16___,ada kepentingan pribadi apaan kira” dukung yg banyak yg bermasalah fer?
ap16___,@swe3tyy_ iya laki laki,0,0,1,ap16___,ada kepentingan pribadi apaan kira” dukung yg banyak yg bermasalah fer?
ap16___,@aqsayuwen hah?,0,0,1,ap16___,ada kepentingan pribadi apaan kira” dukung yg banyak yg bermasalah fer?
swe3tyy_,@ap16___ SEPERTI INI MULUT YANG PUNYA USAHA?,0,0,1,ap16___,ada kepentingan pribadi apaan kira” dukung yg banyak yg bermasalah fer?
swe3tyy_,"@ap16___ Jika tuduhan dimedsos mengandung hinaan, cacian,makian, ejekan, atau kata kata tidak pantas sekalipun dilakukan melalui sistem elektronik atau medsos, si pengunggah dapat dijerat atas tindak pidana penghinaan ringan dalam KUHP atau UU 1/2023",0,0,1,ap16___,ada kepentingan pribadi apaan kira” dukung yg banyak yg bermasalah fer?
aqsayuwen,"@ap16___ 😀😀apa"" bklan murah. Para petani kalo jual hasil tani bkln lbih murah dr hrga jual pasar. Modal buat nanamnya g balik dong. Pupuk aja beli kok, belum semprot hama. Pajak murah, keungan negara dr mana itu klo pajak murah, dan kebutuhan rakyat pun murah"". Bukan makin maju lho. Yg ada malah jd banyak utang krna kekurangan uang",0,0,1,ap16___,ada kepentingan pribadi apaan kira” dukung yg banyak yg bermasalah fer?
sweetchocolat3__,"@ap16___ SALAM AKAL SEHAT? AKAL SEHAT SEPERTI APA YANG KAMU PUNYA? NGATAIN ORANG? MENGHINA ORANG? MENGEJEK ORANG? KOMENTAR KAMU SEMUA BISA DIPIDANA MAS. ORANG YANG BERAKAL SEHAT TIDAK MENJELEKAN ORANG LAIN.GA TAKUT SAMA HUKUM? KASIAN SEKALI MALAH JADI KELIATAN MANUSIA HINA. (Jika tuduhan dimedsos mengandung hinaan, cacian,makian, ejekan, atau kata kata tidak pantas sekalipun dilakukan melalui sistem elektronik atau medsos, si pengunggah dapat dijerat atas tindak pidana penghinaan ringan dalam KUHP atau UU 1/2023) UU ITE 2024",0,0,1,ap16___,ada kepentingan pribadi apaan kira” dukung yg banyak yg bermasalah fer?
dheaalivia3,"@ap16___ KOMENTAR KAMU KALAU DI SS SAMA ORANG LAIN UNTUK JADI BAHAN BUKTI ATAS DUGAAN CACIAN MAKIAN EJEKAN PENUDUHAN LEWAT SOSMED BISA BAHAYA, SKRNG SEMUA BISA DIPIDANA. KAMU YAKIN KOMENTAR KAMU INI AMAN? GA ADA YANG MELAPORIN?",0,0,1,ap16___,ada kepentingan pribadi apaan kira” dukung yg banyak yg bermasalah fer?
aualapp,@ap16___ NGERI MULUT NYAA PENDUKUNG 01 03,0,0,1,ap16___,ada kepentingan pribadi apaan kira” dukung yg banyak yg bermasalah fer?
abcd.xyl2,"@ap16___ BOCAH BARU GEDE, KOMENTAR NYA SOK YANG PALING TAU SEGALA NYA",0,0,1,ap16___,ada kepentingan pribadi apaan kira” dukung yg banyak yg bermasalah fer?
abcd.xyl2,@ap16___ BOCAH BARU GEDE YA GINI MERASA PALING TAU SEGALA NYAA MIRIS,0,0,1,ap16___,ada kepentingan pribadi apaan kira” dukung yg banyak yg bermasalah fer?
eceewbi,"@ap16___ katanya visi misi bukan pansos, tp cari cari sensasii lapak orang",0,0,1,ap16___,ada kepentingan pribadi apaan kira” dukung yg banyak yg bermasalah fer?
rdthrh18,@ap16___ KOMENTAR NYA KEK BUKAN MANUSIA,0,0,1,ap16___,ada kepentingan pribadi apaan kira” dukung yg banyak yg bermasalah fer?
abcd.xyl2,"@ap16___ mau viral nih orang, caper bgt",0,0,1,ap16___,ada kepentingan pribadi apaan kira” dukung yg banyak yg bermasalah fer?
aualapp,@ap16___ ketikan kaya gapernah sekolah,0,0,1,ap16___,ada kepentingan pribadi apaan kira” dukung yg banyak yg bermasalah fer?
aualapp,@ap16___ kasian keliatan dongo nya,0,0,1,ap16___,ada kepentingan pribadi apaan kira” dukung yg banyak yg bermasalah fer?
abcd.xyl2,"@ap16___ salam akal sehat? Halo kamu ajaa lagi sakit, otak hati jari ga digunakan dg baik",0,0,1,ap16___,ada kepentingan pribadi apaan kira” dukung yg banyak yg bermasalah fer?
dheaalivia3,@ap16___ kocak ketikan lu memalukan kali,0,0,1,ap16___,ada kepentingan pribadi apaan kira” dukung yg banyak yg bermasalah fer?
dheaalivia3,@ap16___ bg bg jatoh nya kaya orang tolol yg lagi cari ketenaran btw ktnya gamau pansos tp cari cari sensasi,0,0,1,ap16___,ada kepentingan pribadi apaan kira” dukung yg banyak yg bermasalah fer?
spallspill.disini,@ap16___ masuk kedalam golongan manusia hina bak firaun,0,0,1,ap16___,ada kepentingan pribadi apaan kira” dukung yg banyak yg bermasalah fer?
drinkrindu.id,@ap16___ bocah baru gede tolol kok dipelihara miskin hati,0,0,1,ap16___,ada kepentingan pribadi apaan kira” dukung yg banyak yg bermasalah fer?
opettyy,@ap16___ miskin hati ketikan nya gak ada ngotak,0,0,1,ap16___,ada kepentingan pribadi apaan kira” dukung yg banyak yg bermasalah fer?
opettyy,@ap16___ ciri ciri pansos,0,0,1,ap16___,ada kepentingan pribadi apaan kira” dukung yg banyak yg bermasalah fer?
seserapunzl,@ap16___ followers udah naik blm? Blm yaa? Kalo blm pansos lah lagi balasi lah komentar orang orang dengan ketikan kamu yg paling benar itu,0,0,1,ap16___,ada kepentingan pribadi apaan kira” dukung yg banyak yg bermasalah fer?
baiqisshop,@ap16___  gw anak nya mau apa lu ga suka ama 02 ga masalah 02 ga jd presiden jg tetep kaya urus aja paslon sendiri gmn tar kl g jd presiden utang2 nya 😂😂,0,0,1,ap16___,ada kepentingan pribadi apaan kira” dukung yg banyak yg bermasalah fer?
seserapunzl,@ap16___ berotak tapi isi gak ada,0,0,1,ap16___,ada kepentingan pribadi apaan kira” dukung yg banyak yg bermasalah fer?
slaviazaire,@ap16___ semangat cari pembelaan dan pembenaran mas kamu sendirian,0,0,1,ap16___,ada kepentingan pribadi apaan kira” dukung yg banyak yg bermasalah fer?
slaviazaire,"@ap16___ psti skrng lagi mikir balasin komen apa lagi yaa, cari kejelekan apa lagi yaa",0,0,1,ap16___,ada kepentingan pribadi apaan kira” dukung yg banyak yg bermasalah fer?
slaviazaire,"@ap16___ manusia dongo otak isi tak ada komentar merasa paling benar, dikasih tau yg baik balasan nya malah kek gitu",0,0,1,ap16___,ada kepentingan pribadi apaan kira” dukung yg banyak yg bermasalah fer?
slaviazaire,@ap16___ RIP MANUSIA HINA,0,0,1,ap16___,ada kepentingan pribadi apaan kira” dukung yg banyak yg bermasalah fer?
rizaanita22,"@ap16___ bocah kosong gatau apa apa sok paling tau, hubungan hukum sama pilihan 02 apa? lantang kali ketikan kau",0,0,1,ap16___,ada kepentingan pribadi apaan kira” dukung yg banyak yg bermasalah fer?
atinacaca,@ap16___ siap siap suhu yang paling tau segala hal,0,0,1,ap16___,ada kepentingan pribadi apaan kira” dukung yg banyak yg bermasalah fer?
yanisyah32,@ap16___ emang punya masalah dasar lol,0,0,1,ap16___,ada kepentingan pribadi apaan kira” dukung yg banyak yg bermasalah fer?
dheaalivia3,@ap16___ takut ah sama ketikan suhu,0,0,1,ap16___,ada kepentingan pribadi apaan kira” dukung yg banyak yg bermasalah fer?
dheaalivia3,"@ap16___ skip dulu balesin komentar org, cari pembenaran dulu yaa",0,0,1,ap16___,ada kepentingan pribadi apaan kira” dukung yg banyak yg bermasalah fer?
dheaalivia3,@ap16___ capslock?rusak? Wah gila sih ketikan bocah kosong berotak isi ga ada,0,0,1,ap16___,ada kepentingan pribadi apaan kira” dukung yg banyak yg bermasalah fer?
dheaalivia3,@ap16___ bodohnya  makin keliatan jelas,0,0,1,ap16___,ada kepentingan pribadi apaan kira” dukung yg banyak yg bermasalah fer?
ap16___,@yanisyah32 simple aja jawabannya kalo gamerasa ya gausah mampir🙌,0,0,1,ap16___,ada kepentingan pribadi apaan kira” dukung yg banyak yg bermasalah fer?
ap16___,@rizaanita22 dikatain kosong sama yg milih 02 wkwkwk,0,0,1,ap16___,ada kepentingan pribadi apaan kira” dukung yg banyak yg bermasalah fer?
ap16___,@slaviazaire betul contoh pendukung ini🙌🏽,0,0,1,ap16___,ada kepentingan pribadi apaan kira” dukung yg banyak yg bermasalah fer?
ap16___,@slaviazaire gausah dicari bulannya kejelekannya banyak🤔,0,0,1,ap16___,ada kepentingan pribadi apaan kira” dukung yg banyak yg bermasalah fer?
ap16___,"@slaviazaire gua sendiri kan emang drtd, tapi masih bisa ngebales wkwk",0,0,1,ap16___,ada kepentingan pribadi apaan kira” dukung yg banyak yg bermasalah fer?
ap16___,@seserapunzl bisanya sih yg begini yg ngetik begitu contoh nya yg bilang begitu uwuu🥰,0,0,1,ap16___,ada kepentingan pribadi apaan kira” dukung yg banyak yg bermasalah fer?
ap16___,"@baiqisshop hah? ngetik apasih adekk, belajar ngetik dan memperbaiki isinya ya baru nanti balik lagi👍🏽",0,0,1,ap16___,ada kepentingan pribadi apaan kira” dukung yg banyak yg bermasalah fer?
ap16___,@seserapunzl pansos🤔,0,0,1,ap16___,ada kepentingan pribadi apaan kira” dukung yg banyak yg bermasalah fer?
ap16___,@opettyy hah🤔,0,0,1,ap16___,ada kepentingan pribadi apaan kira” dukung yg banyak yg bermasalah fer?
ap16___,@spallspill.disini contohnya elu atau gimana🤔,0,0,1,ap16___,ada kepentingan pribadi apaan kira” dukung yg banyak yg bermasalah fer?
ap16___,@dheaalivia3 ketikan gue? scroll aja drtd ketikan yg ngebales gue yg memalukan contoh nya juga elu ga sih? wkwk,0,0,1,ap16___,ada kepentingan pribadi apaan kira” dukung yg banyak yg bermasalah fer?
ap16___,"@abcd.xyl2 allhamdulillah baik, akal sehat mas bilang?🤔 patut di pertanyakan buat diri sendiri dulu ga sih? wkwk",0,0,1,ap16___,ada kepentingan pribadi apaan kira” dukung yg banyak yg bermasalah fer?
ap16___,@aualapp rendah juga ya tau pendidikan cuman dr ketikan🤔,0,0,1,ap16___,ada kepentingan pribadi apaan kira” dukung yg banyak yg bermasalah fer?
ap16___,@rdthrh18 Alhamdulillah Human🥰,0,0,1,ap16___,ada kepentingan pribadi apaan kira” dukung yg banyak yg bermasalah fer?
ap16___,@eceewbi kolerasinya apa ya🤔,0,0,1,ap16___,ada kepentingan pribadi apaan kira” dukung yg banyak yg bermasalah fer?
ap16___,@aualapp ngeri nya dimana ya? drtd kan gua juga ngetik bukan ngomong uwuwuwuwuwuwuwu🥰,0,0,1,ap16___,ada kepentingan pribadi apaan kira” dukung yg banyak yg bermasalah fer?
ap16___,"@rahmatulkhasanah__ zalim ngebuat sakit hati?🤔 , jelas karma akan balik lagi but gua akan pertanggung jawabkan, dr judul aja gua bertanya kenapa jadi pada sakit hati🤣, Nangis X Dawai kah? maksudnya?😭😭😭😭",0,0,1,ap16___,ada kepentingan pribadi apaan kira” dukung yg banyak yg bermasalah fer?
ap16___,@rahmatulkhasanah__ drpd disekolahin gatau rasional wkwk,0,0,1,ap16___,ada kepentingan pribadi apaan kira” dukung yg banyak yg bermasalah fer?
seserapunzl,@ap16___  balesin komentar orang gila memang ga ada habis nya,0,0,1,ap16___,ada kepentingan pribadi apaan kira” dukung yg banyak yg bermasalah fer?
seserapunzl,"@ap16___ Ketikan kamu tadi menyakiti hati orang lain, kamu ga sadar itu?",0,0,1,ap16___,ada kepentingan pribadi apaan kira” dukung yg banyak yg bermasalah fer?
abcd.xyl2,@ap16___ Rasional? Kamu tau apa ttg rasional?,0,0,1,ap16___,ada kepentingan pribadi apaan kira” dukung yg banyak yg bermasalah fer?
abcd.xyl2,@ap16___ Sosmed aja digunakan untuk komentarin org,0,0,1,ap16___,ada kepentingan pribadi apaan kira” dukung yg banyak yg bermasalah fer?
eceewbi,@ap16___ kalau kamu muslim harus nya kamu takut ya sama ketikan kamu yg nyakiti hati org lain,0,0,1,ap16___,ada kepentingan pribadi apaan kira” dukung yg banyak yg bermasalah fer?
ap16___,@rahmatulkhasanah__ iyaa doain aja mbak🙌🏽,0,0,1,ap16___,ada kepentingan pribadi apaan kira” dukung yg banyak yg bermasalah fer?
ap16___,@rahmatulkhasanah__ Iyaudah iya doain aja saya yaa🥰,0,0,1,ap16___,ada kepentingan pribadi apaan kira” dukung yg banyak yg bermasalah fer?
ap16___,@rahmatulkhasanah__ gue pun sedang mencari kesalahan gua🤔,0,0,1,ap16___,ada kepentingan pribadi apaan kira” dukung yg banyak yg bermasalah fer?
ap16___,@seserapunzl dimana nya? coba?,0,0,1,ap16___,ada kepentingan pribadi apaan kira” dukung yg banyak yg bermasalah fer?
ap16___,@abcd.xyl2 emang lu tau rasional?,0,0,1,ap16___,ada kepentingan pribadi apaan kira” dukung yg banyak yg bermasalah fer?
ap16___,"@eceewbi Allhamdulillah muslim, gue pun sedang mencari ketikan gua yg menyakiti yg mana ya? bahkan gua di maki maki drtd liat aja scroll ya komennya gua selalu doakan yg baik baik juga🥰, intinya simple kalo ga merasa ya gausah masuk dalam argument🙌🏽",0,0,1,ap16___,ada kepentingan pribadi apaan kira” dukung yg banyak yg bermasalah fer?
mirnasellena512,"@ap16___ semua orang berhak memilih tidak usah saling mencela,salam damai ✌️",0,0,1,ap16___,ada kepentingan pribadi apaan kira” dukung yg banyak yg bermasalah fer?
ap16___,@mirnasellena512 yess betul lebih tepatnya jangan bergabung ke dalam argument jika tidak merasa🙌🏽,0,0,1,ap16___,ada kepentingan pribadi apaan kira” dukung yg banyak yg bermasalah fer?
aanilhamh_,@ap16___ sirik amat,0,0,1,ap16___,ada kepentingan pribadi apaan kira” dukung yg banyak yg bermasalah fer?
ap16___,@aanilhamh_ sedang mencari siriknya dimana🤔,0,0,1,ap16___,ada kepentingan pribadi apaan kira” dukung yg banyak yg bermasalah fer?
veronica.regina1,"@ap16___ lu gak baca tu caption nya welcome home? Artiny itu udah jelas sekampung🤣 nah, kalo ada capres dari kota yg sama. Kenapa harus milih yg laen? Sorry yeee.. SULAWESI UTARA ALL IN PRABOWO GIBRAN",0,0,1,ap16___,ada kepentingan pribadi apaan kira” dukung yg banyak yg bermasalah fer?
ap16___,@veronica.regina1 hah? dibaca dulu gua komenya apa,0,0,1,ap16___,ada kepentingan pribadi apaan kira” dukung yg banyak yg bermasalah fer?
riniiynt_,"@ap16___ apa sih mslah Lo sbenarnya,milih ya terserah org aja nggak usah heran smpai bingung,gue juga heran knpa smpai pendukung 01 serendah ini ngehina org,ingatt tiap org punya kekurangan,Lo pikir capres pilihan Lo nggak ada kekurangan ,cek Google deh kalo nggak tau,laki mulut nya lemesss bangett,biarpun Lo ngerendahin bagaimana juga tetap suara vote terbanyak ada di 02,panasss????",0,0,1,ap16___,ada kepentingan pribadi apaan kira” dukung yg banyak yg bermasalah fer?
lu_ay20,@ap16___ panas 😂,0,0,1,ap16___,ada kepentingan pribadi apaan kira” dukung yg banyak yg bermasalah fer?
ap16___,@lu_ay20 di jakarta lagi ujan sih bang,0,0,1,ap16___,ada kepentingan pribadi apaan kira” dukung yg banyak yg bermasalah fer?
ap16___,"@riniiynt_ emosian kayak junjungannya, dibaca pelan” komenan gue baru komen, ngetik panjang lebar gaada kolerasinya duh",0,0,1,ap16___,ada kepentingan pribadi apaan kira” dukung yg banyak yg bermasalah fer?
inke_putri0410,@ap16___ yg bermasalah otak lu LOL🤣,0,0,1,ap16___,ada kepentingan pribadi apaan kira” dukung yg banyak yg bermasalah fer?
ap16___,dengan senang hati saya menjawab baik baik saja🥰,0,0,1,ap16___,ada kepentingan pribadi apaan kira” dukung yg banyak yg bermasalah fer?
dahlia_fashion12,@ap16___ salah lapak lw. Sono balik kandang lw aj deh,0,0,1,ap16___,ada kepentingan pribadi apaan kira” dukung yg banyak yg bermasalah fer?
riscaucan,"@ap16___ coba tolong sebutkan masalahnya satu2 bang, sudah validkah pernyataan anda, coba tag yg bersangkutan langsung , sapa tau lsg di pinned",0,0,1,ap16___,ada kepentingan pribadi apaan kira” dukung yg banyak yg bermasalah fer?
riniiynt_,"@ap16___ Lo ajaa kali yg emosi baca nya,gue mah pdhal biasa aja ngetik fakta,pendujung nya nggak beda jauh sama capres nya suka nyindir,disindir balik malah bilang org emosian",0,0,1,ap16___,ada kepentingan pribadi apaan kira” dukung yg banyak yg bermasalah fer?
ap16___,@riniiynt_ emosinya dr mana ya🤔,0,0,1,ap16___,ada kepentingan pribadi apaan kira” dukung yg banyak yg bermasalah fer?
ap16___,"@riscaucan contoh pendukung 02 emang ga rasional ya gini wkwk, hp doang smart orangnya engga chuaksss🙌🏽",0,0,1,ap16___,ada kepentingan pribadi apaan kira” dukung yg banyak yg bermasalah fer?
riscaucan,"@ap16___ ditanya masalahnya apa lsg bilang ga rasional 😂😂 coba kan situ si paling tau segalanya, tolong dong sebutin fakta fakta nya.. valid apa engga nih.. bisa dong langsung tag orangnya",0,0,1,ap16___,ada kepentingan pribadi apaan kira” dukung yg banyak yg bermasalah fer?
ap16___,@riscaucan lah komenan gua emang ga langsung ke akunnya? kalo ngetik diutamakan berfikir ini lagi di akun siapa🤔,0,0,1,ap16___,ada kepentingan pribadi apaan kira” dukung yg banyak yg bermasalah fer?
riscaucan,"@ap16___ lah niat lu kan nyindir , dah kebaca kok.. makanya pen tau  bermasalah nya apa aja",0,0,1,ap16___,ada kepentingan pribadi apaan kira” dukung yg banyak yg bermasalah fer?
ap16___,@riscaucan nyindir drmananya ya🤔,0,0,1,ap16___,ada kepentingan pribadi apaan kira” dukung yg banyak yg bermasalah fer?
riscaucan,"@ap16___ iyaiya si paling pintar, si paling tanpa masalah",0,0,1,ap16___,ada kepentingan pribadi apaan kira” dukung yg banyak yg bermasalah fer?
ap16___,"@riscaucan siap makasih atas pujiannya, besok besok kalo komen di baca dulu ya baru di ketik, jadi nya biar ga malu hehe🙌🏽",0,0,1,ap16___,ada kepentingan pribadi apaan kira” dukung yg banyak yg bermasalah fer?
inke_putri0410,"@ap16___ mampus ko kan kenak buli di koment😂😂,makannya punya mulut dijaga",0,0,1,ap16___,ada kepentingan pribadi apaan kira” dukung yg banyak yg bermasalah fer?
ap16___,"kena bully? wajar sih kan emang kalian begitu junjungan emang akan menularkan sikap kepara pendukungnya, mulut? gua ngetik make tangan bukan mulut👍🏽",0,0,1,ap16___,ada kepentingan pribadi apaan kira” dukung yg banyak yg bermasalah fer?
sarie.miela,@ap16___ hati luh tuh yg iri liat bapak prabowo di cintai banyak orang,0,0,1,ap16___,ada kepentingan pribadi apaan kira” dukung yg banyak yg bermasalah fer?
kartikashr_,"@ap16___ terserah dia lah, lu siapa ngatur2",0,0,1,ap16___,ada kepentingan pribadi apaan kira” dukung yg banyak yg bermasalah fer?
ap16___,@kartikasarr_ siapa yg ngatur🤔,0,0,1,ap16___,ada kepentingan pribadi apaan kira” dukung yg banyak yg bermasalah fer?
damerlog,@ap16___ daripada dukung 01 penghianat😭,0,0,1,ap16___,ada kepentingan pribadi apaan kira” dukung yg banyak yg bermasalah fer?
maria_riany,"@ap16___ klo kmu mw nanya jalur DM lngsg,, Krn prcuma kmu nanya jalur komntr kyak gini yg ada kmu akn kena mental Krn yg BCA prtanyaan kmu itu publik yg nota Bene Pro 02 smua. Jdi mikirlah👌slm waras✌️🔥😎",0,0,1,ap16___,ada kepentingan pribadi apaan kira” dukung yg banyak yg bermasalah fer?
ap16___,@maria_riany udah gasibales,0,0,1,ap16___,ada kepentingan pribadi apaan kira” dukung yg banyak yg bermasalah fer?
udaaroon,"@ap16___ yg bermasalah pikiranmu, otakmu, error",0,0,1,ap16___,ada kepentingan pribadi apaan kira” dukung yg banyak yg bermasalah fer?
ap16___,@udaaroon alhamdulillah normal🥰,0,0,1,ap16___,ada kepentingan pribadi apaan kira” dukung yg banyak yg bermasalah fer?
inke_putri0410,@ap16___ ya dibuli lah karna ketikan kau GK ada etika ccok sih orang kek kau dibuliii sifatnya bnyak iri,0,0,1,ap16___,ada kepentingan pribadi apaan kira” dukung yg banyak yg bermasalah fer?
ap16___,dibuli? kan kalian memang begitukan?,0,0,1,ap16___,ada kepentingan pribadi apaan kira” dukung yg banyak yg bermasalah fer?
fajarrider017,@ap16___ kasihan punya penyakit hati😂,0,0,1,ap16___,ada kepentingan pribadi apaan kira” dukung yg banyak yg bermasalah fer?
ap16___,@fajarrider017 hepatitis maksudnya?🤔,0,0,1,ap16___,ada kepentingan pribadi apaan kira” dukung yg banyak yg bermasalah fer?
tadeludji,@ap16___ ga suka ya skip bacot banget,0,0,1,ap16___,ada kepentingan pribadi apaan kira” dukung yg banyak yg bermasalah fer?
ap16___,@jheeeeeeeeeeeefghijkl gua lebih gasuka sama lu sih,0,0,1,ap16___,ada kepentingan pribadi apaan kira” dukung yg banyak yg bermasalah fer?
apri_grip,@ap16___ inti nya pilihan orang beda beda.masing masing punya pilihan.urusan salah atau bener terserah yang milih.elu knpa mau gua ikut pilihan lue.,0,0,1,ap16___,ada kepentingan pribadi apaan kira” dukung yg banyak yg bermasalah fer?
moonkey_d_faz,@ap16___ cuan besar,0,0,1,ap16___,ada kepentingan pribadi apaan kira” dukung yg banyak yg bermasalah fer?
wldays.1212,@ap16___ hati lu yg bermasalah,0,0,1,ap16___,ada kepentingan pribadi apaan kira” dukung yg banyak yg bermasalah fer?
aftr.sesh,@ap16___ jakarta udah gak diboongin dgn janji manis jadi dingin yg panas udah satu negara 🔥,0,0,1,ap16___,ada kepentingan pribadi apaan kira” dukung yg banyak yg bermasalah fer?
edowrblx,@ap16___ ada uang ada dukungan artis receh,0,0,1,ap16___,ada kepentingan pribadi apaan kira” dukung yg banyak yg bermasalah fer?
404notfound.en,@ap16___ ya cuan la😂,0,0,1,ap16___,ada kepentingan pribadi apaan kira” dukung yg banyak yg bermasalah fer?
tadeludji,"@ap16___ idih najis , gue lbih ngak suka lu ? 😂😂😂😂",0,0,1,ap16___,ada kepentingan pribadi apaan kira” dukung yg banyak yg bermasalah fer?
ap16___,@wicayadew siapa yg nipu?,0,0,1,ap16___,ada kepentingan pribadi apaan kira” dukung yg banyak yg bermasalah fer?
ap16___,@wldays.1212 hati hati dijalan,0,0,1,ap16___,ada kepentingan pribadi apaan kira” dukung yg banyak yg bermasalah fer?
ap16___,@moonkey_d_faz 🫣🫣🫣,0,0,1,ap16___,ada kepentingan pribadi apaan kira” dukung yg banyak yg bermasalah fer?
yen_agustd,@ap16___ serrah fero lah mo pilih siapa😂waelaah luuu bang🤣🤣🤣,0,0,1,ap16___,ada kepentingan pribadi apaan kira” dukung yg banyak yg bermasalah fer?
aldaraharun,@ap16___ IRIII IRIII,0,0,1,ap16___,ada kepentingan pribadi apaan kira” dukung yg banyak yg bermasalah fer?
ap16___,"@tukesihyenti lah emang terserah dia, emg ada perketikan gua yg memaksakan pilihan😩",0,0,1,ap16___,ada kepentingan pribadi apaan kira” dukung yg banyak yg bermasalah fer?
yen_agustd,@ap16___ lah terus ngapain lu nanya bgtu Ama Fero🤪 salah lapak tau gak?🤣,0,0,1,ap16___,ada kepentingan pribadi apaan kira” dukung yg banyak yg bermasalah fer?
rizkymutiaras,@ap16___ idupluuuu yang banyak masalah. Paylater tuh bayar,0,0,1,ap16___,ada kepentingan pribadi apaan kira” dukung yg banyak yg bermasalah fer?
ap16___,@tukesihyenti apaansih?,0,0,1,ap16___,ada kepentingan pribadi apaan kira” dukung yg banyak yg bermasalah fer?
ap16___,@aldaraharun IRI nya dimana🤔,0,0,1,ap16___,ada kepentingan pribadi apaan kira” dukung yg banyak yg bermasalah fer?
ap16___,@rizkymutiaras bisa kepikiran paylater? langganan mbaknya?🤔,0,0,1,ap16___,ada kepentingan pribadi apaan kira” dukung yg banyak yg bermasalah fer?
prasationirwan33,@ap16___ ada berapa duit bang biar bisa nyampah di akun orang 😂 bagi bagi lahh...,0,0,1,ap16___,ada kepentingan pribadi apaan kira” dukung yg banyak yg bermasalah fer?
bbysyilaa_,@ap16___ yg bermasalah hidup lu hobi nyinyir😂,0,0,1,ap16___,ada kepentingan pribadi apaan kira” dukung yg banyak yg bermasalah fer?
ap16___,@cilanyakamu sedang mencari letak nyinyirnya dimana🤔,0,0,1,ap16___,ada kepentingan pribadi apaan kira” dukung yg banyak yg bermasalah fer?
ap16___,@prasationirwan33 kenalin Relawan Rp.0-,0,0,1,ap16___,ada kepentingan pribadi apaan kira” dukung yg banyak yg bermasalah fer?
xysf.mln01,@ap16___ yaudah brati yang bermasalah otak lu😂karena lu ngetik juga di kontrol oleh otak😂,0,0,1,ap16___,ada kepentingan pribadi apaan kira” dukung yg banyak yg bermasalah fer?
alif_fauziansyah19,"@ap16___ banyak ngomong lu bro,, sok iye sok bener,, Semua orang punya hak buat meilih ga ush sok si paling ngerti politik,, hargai aja pilihan masing2",0,0,1,ap16___,ada kepentingan pribadi apaan kira” dukung yg banyak yg bermasalah fer?
ap16___,@alif_fauziansyah19 mendingan banyak omong dari pada banyak joget👎🏻,0,0,1,ap16___,ada kepentingan pribadi apaan kira” dukung yg banyak yg bermasalah fer?
alif_fauziansyah19,"@ap16___ banyak omon klo kerjanya nyata gpp,,gagasan yg terkadang tidak masuk logika eh ternyata itu hanya Kampanye,,😂😂",0,0,1,ap16___,ada kepentingan pribadi apaan kira” dukung yg banyak yg bermasalah fer?
ap16___,@alif_fauziansyah19 emang kerja nyata prabowo apaan bang?,0,0,1,ap16___,ada kepentingan pribadi apaan kira” dukung yg banyak yg bermasalah fer?
alif_fauziansyah19,@ap16___ minim literasi ya anda??,0,0,1,ap16___,ada kepentingan pribadi apaan kira” dukung yg banyak yg bermasalah fer?
alif_fauziansyah19,"@ap16___ atau pura2 ga tau, atau mau ngetes ?? 😂😂",0,0,1,ap16___,ada kepentingan pribadi apaan kira” dukung yg banyak yg bermasalah fer?
ap16___,@alif_fauziansyah19 ngebacain diri sendiri?,0,0,1,ap16___,ada kepentingan pribadi apaan kira” dukung yg banyak yg bermasalah fer?
ap16___,@alif_fauziansyah19 gass kalo mau di tes,0,0,1,ap16___,ada kepentingan pribadi apaan kira” dukung yg banyak yg bermasalah fer?
alif_fauziansyah19,"@ap16___ liat dlu di medsos anda liat berita, jgn mantengin sosmed buat ngomentari orang mulu,, tpi  diri anda tidak tahu apa2 😂",0,0,1,ap16___,ada kepentingan pribadi apaan kira” dukung yg banyak yg bermasalah fer?
ap16___,"@alif_fauziansyah19 nah tanemin kediri sendiri dulu yaa, baru bisa bilang “cuman omon2 gabisa kerja” , kalo ujung”nya suruh cari sendiri. kalo nyari ya nyari tapi gua pengen tau nih, junjungan lu gimana. yuk silahlan di mulai",0,0,1,ap16___,ada kepentingan pribadi apaan kira” dukung yg banyak yg bermasalah fer?
ap16___,@alif_fauziansyah19 sedang mencari iri dan dengki nya gua dimana soalnya banyak yg komen gini tapi ga nemu nemu🤔,0,0,1,ap16___,ada kepentingan pribadi apaan kira” dukung yg banyak yg bermasalah fer?
alif_fauziansyah19,"@ap16___ makanya benerin diri lu dlu dari iri hati dengki,, komentar lu cuma bisa ngablik2in doang conter nya mana ?? Kosong kaya botol kosong yg udh kusem😂😂",0,0,1,ap16___,ada kepentingan pribadi apaan kira” dukung yg banyak yg bermasalah fer?
ap16___,"@alif_fauziansyah19 sedang mencari iri hati dan dengkinya itu dimana soalnya banyak diatas yg bilang gini tapi ganemu”🤔. counter kalian template jadinya gampang termksud elu sama aja ternyata, 02 dua duanya kosong",0,0,1,ap16___,ada kepentingan pribadi apaan kira” dukung yg banyak yg bermasalah fer?
alif_fauziansyah19,"@ap16___  makanya sadar diri renungkan biar lu nemu,, beneran ga ngarang saya ,, 😂😂",0,0,1,ap16___,ada kepentingan pribadi apaan kira” dukung yg banyak yg bermasalah fer?
ap16___,@alif_fauziansyah19 harusnya elu ga sih yg sadar? disadarin sama orang yg kesesat wkwk,0,0,1,ap16___,ada kepentingan pribadi apaan kira” dukung yg banyak yg bermasalah fer?
2nd_account.id,@ap16___  siap2in mental lihat prabowo dilantik jadi presiden ya😂,0,0,1,ap16___,ada kepentingan pribadi apaan kira” dukung yg banyak yg bermasalah fer?
ap16___,@2nd_account.id presiden yordania👍🏽,0,0,1,ap16___,ada kepentingan pribadi apaan kira” dukung yg banyak yg bermasalah fer?
2nd_account.id,@ap16___ 😂😂 yg pnting mah jgn bnyk alesan klo jagoanmu bakal kalah😂,0,0,1,ap16___,ada kepentingan pribadi apaan kira” dukung yg banyak yg bermasalah fer?
ap16___,"@2nd_account.id gaheran sih kalo kalah, isi parlementnya aja udah bobrok. yg menting gue gasalah pilih",0,0,1,ap16___,ada kepentingan pribadi apaan kira” dukung yg banyak yg bermasalah fer?
senjaftaran,@ap16___ semua bermasalah kak. Tapi yang lebih bermasalah itu orang yang cuma bisa ngehate kan ?,0,0,1,ap16___,ada kepentingan pribadi apaan kira” dukung yg banyak yg bermasalah fer?
ap16___,@elsaaftt sedang mencari hate nya dimana🤔,0,0,1,ap16___,ada kepentingan pribadi apaan kira” dukung yg banyak yg bermasalah fer?
senjaftaran,"@ap16___ ""bermasalah"". Mau playing victim kak ? Atau kalau lupa itu kalimat kakak negatif tone loh.",0,0,1,ap16___,ada kepentingan pribadi apaan kira” dukung yg banyak yg bermasalah fer?
ap16___,@elsaaftt oh nyadar? allhamdulillah selamat telah menguliti dengan sadar👍🏽,0,0,1,ap16___,ada kepentingan pribadi apaan kira” dukung yg banyak yg bermasalah fer?
senjaftaran,@ap16___ oh bangga ? Alhamdulillah selamat sedang mengumulkan pundi-pundi sombong yang lebih berat dari zarrah,0,0,1,ap16___,ada kepentingan pribadi apaan kira” dukung yg banyak yg bermasalah fer?
ap16___,@elsaaftt sedang mencari letak bangga gua dimana🤔,0,0,1,ap16___,ada kepentingan pribadi apaan kira” dukung yg banyak yg bermasalah fer?
senjaftaran,@ap16___ yaudah sih berarti kakak ga cerdas. Krna ketikannya harus saya tunjukin terus pick up wordsnya. Gapapa kak dilanjut aja kemunafikannya,0,0,1,ap16___,ada kepentingan pribadi apaan kira” dukung yg banyak yg bermasalah fer?
ap16___,"@elsaaftt kemunafikan junjungan lu? siap mereka memang akan melanjutkan dengan berbagai cara, lanjutkan dukungan kalian terhadap kemunafikan👍🏽",0,0,1,ap16___,ada kepentingan pribadi apaan kira” dukung yg banyak yg bermasalah fer?
senjaftaran,"@ap16___ nggeh nggeh, silahkan semoga ga libur kak ber""suara""nya, alhamdulillah Allah gak tidur, malaikatpun ga ada libur",0,0,1,ap16___,ada kepentingan pribadi apaan kira” dukung yg banyak yg bermasalah fer?
ap16___,"@elsaaftt gua, civitas dan guru besar pun selalu bersuara, allhamdulillah allah gaj tidur dan malaikatpun juga tidak ada libur, semangat memperjuangkan walau sudah banyak yg bersuara atas demokrasi di bangsa ini🙌🏽",0,0,1,ap16___,ada kepentingan pribadi apaan kira” dukung yg banyak yg bermasalah fer?
senjaftaran,@ap16___ iyaa kak iyaa sehat-sehat ya,0,0,1,ap16___,ada kepentingan pribadi apaan kira” dukung yg banyak yg bermasalah fer?
nanisuyani,@ap16___ duit lah😂,0,0,1,ap16___,ada kepentingan pribadi apaan kira” dukung yg banyak yg bermasalah fer?
yani.tea.1865904,@ap16___ endors kwenceng 02 mah😂😂😂😂,0,0,1,ap16___,ada kepentingan pribadi apaan kira” dukung yg banyak yg bermasalah fer?
ap16___,@dannindss_ allhamdulillah gaada nih coy,0,0,1,ap16___,ada kepentingan pribadi apaan kira” dukung yg banyak yg bermasalah fer?
dheaaclara_xyz,@ap16___ kalo banyak masalah knpa bisa calon jdi perisiden bambak,0,0,1,ap16___,ada kepentingan pribadi apaan kira” dukung yg banyak yg bermasalah fer?
novi.yanto.33046736,@ap16___ emang tau dari mana banyak masalah... Sotoy lu,0,0,1,ap16___,ada kepentingan pribadi apaan kira” dukung yg banyak yg bermasalah fer?
rayashop029,"@ap16___ mksa goblok ,,pilih punya Lo aja sendiri 😂",0,0,1,ap16___,ada kepentingan pribadi apaan kira” dukung yg banyak yg bermasalah fer?
ap16___,@rd_suplly sedang mencari letak maksa nya dimana🤔,0,0,1,ap16___,ada kepentingan pribadi apaan kira” dukung yg banyak yg bermasalah fer?
ap16___,@dheaaclara_xyz emang boleh berpikir sepolos seperti ini🙄,0,0,1,ap16___,ada kepentingan pribadi apaan kira” dukung yg banyak yg bermasalah fer?
ap16___,@yantoo_2411 punya HP punya TV gapernah liat berita atau gimana nih?,0,0,1,ap16___,ada kepentingan pribadi apaan kira” dukung yg banyak yg bermasalah fer?
dika.dip,"@ap16___ emang salah apa Prabowo Gibran sama Lo,kaya benci banget.",0,0,1,ap16___,ada kepentingan pribadi apaan kira” dukung yg banyak yg bermasalah fer?
ap16___,sedang mencari gue bencinya dimana🤔,0,0,1,ap16___,ada kepentingan pribadi apaan kira” dukung yg banyak yg bermasalah fer?
doniii0371_,"@ap16___ tong kosong nyaring bunyi nya,keliatan bnget dungu nya ni bocah",0,0,1,ap16___,ada kepentingan pribadi apaan kira” dukung yg banyak yg bermasalah fer?
dika.dip,"@ap16___ lupa ya,ingat ga?,tuh komen komen Lo nunjukin kebencian banget,udalah ya ,anda dengan pilihan anda,kami dengan pilihan kami ok.",0,0,1,ap16___,ada kepentingan pribadi apaan kira” dukung yg banyak yg bermasalah fer?
ap16___,"engga lupa, tapi letak kebenciannya itu dimana. Scroll up until down",0,0,1,ap16___,ada kepentingan pribadi apaan kira” dukung yg banyak yg bermasalah fer?
prabowo1941,"@ap16___ apaansi norak, setiap org pnya hak memilih",0,0,1,ap16___,ada kepentingan pribadi apaan kira” dukung yg banyak yg bermasalah fer?
ap16___,@prabowo1941 ya emang semua orang punya hak terus kolerasi nya apa ya🤔,0,0,1,ap16___,ada kepentingan pribadi apaan kira” dukung yg banyak yg bermasalah fer?
prabowo1941,"@ap16___ nah ini contoh SDM rendah, lu mengeluarkan pertanyaan ""ada kepentingan pribadi apaan kira² dukung yg banyak bermasalah fer?"" Dan lu masi nnya kolerasi komen gue semua org pnya hak?😂 Katanya cerdas",0,0,1,ap16___,ada kepentingan pribadi apaan kira” dukung yg banyak yg bermasalah fer?
prabowo1941,"@ap16___ kata ""dukung"" yg kluar dari ktikan itu brrti org yg lu maksud itu memilih paslon dukungan dia",0,0,1,ap16___,ada kepentingan pribadi apaan kira” dukung yg banyak yg bermasalah fer?
prabowo1941,@ap16___ yg artinya hak pilihan/dukungan dia ke paslon 02,0,0,1,ap16___,ada kepentingan pribadi apaan kira” dukung yg banyak yg bermasalah fer?
prabowo1941,"@prabowo1941 daripada nyampah disini, mending anda urus paslon dukungan anda aja sana",0,0,1,ap16___,ada kepentingan pribadi apaan kira” dukung yg banyak yg bermasalah fer?
ap16___,@prabowo1941 sedang memaparkan yg tidak bekolerasi ya? jadi siapa yg SDM rendah ya🤔🤭,0,0,1,ap16___,ada kepentingan pribadi apaan kira” dukung yg banyak yg bermasalah fer?
ap16___,@prabowo1941 hadeh abang ini lupa ya dengan hak berpendat? ternyata seperti ini sdm rendah yg seharusnya🤔,0,0,1,ap16___,ada kepentingan pribadi apaan kira” dukung yg banyak yg bermasalah fer?
prabowo1941,"@ap16___ kayanya lu yg SDM rendah 😂 jelas² dikomenan lu ngeluarin kata ""dukung"" yg artinya lu mempertanyakan kenapa hak dukungan bang @fero_walandouw  ke 02. Lawak bgt si kaum cerdas",0,0,1,ap16___,ada kepentingan pribadi apaan kira” dukung yg banyak yg bermasalah fer?
ap16___,"@prabowo1941 lagi dan laki sedang memaparkan ke tidak korelasiannya lagi, semangat mengulik diri sendiri sdm rendah yg sesungguhnya",0,0,1,ap16___,ada kepentingan pribadi apaan kira” dukung yg banyak yg bermasalah fer?
prabowo1941,"@ap16___ iya hak berpendapat, trus urusan apa lu mempertanyakan org lain knpa dukung 02?",0,0,1,ap16___,ada kepentingan pribadi apaan kira” dukung yg banyak yg bermasalah fer?
prabowo1941,"@ap16___ terserah org lain mau dukung 02, 01 atau 03, kok anda sewot",0,0,1,ap16___,ada kepentingan pribadi apaan kira” dukung yg banyak yg bermasalah fer?
ap16___,@prabowo1941 harus gua jawab? penting kah buat lu🤔,0,0,1,ap16___,ada kepentingan pribadi apaan kira” dukung yg banyak yg bermasalah fer?
ap16___,@prabowo1941 sedang mencari sewotnya dimana🤔,0,0,1,ap16___,ada kepentingan pribadi apaan kira” dukung yg banyak yg bermasalah fer?
prabowo1941,"@ap16___ iya deh yg SDMnya tinggi, paling tinggi pokoknya",0,0,1,ap16___,ada kepentingan pribadi apaan kira” dukung yg banyak yg bermasalah fer?
ap16___,@prabowo1941 siap terimakasih atas ucapannya wahai sdm rendah versi ORIGINAL nya🙌🏽,0,0,1,ap16___,ada kepentingan pribadi apaan kira” dukung yg banyak yg bermasalah fer?
prabowo1941,"@ap16___ lucu bgt jawabannya bgtu mulu 😂 susa emg ngeliat pendukung kubu sebalah ada yg dukung 02 kaya lg dibakar, kepanasan",0,0,1,ap16___,ada kepentingan pribadi apaan kira” dukung yg banyak yg bermasalah fer?
ap16___,"@prabowo1941 lucu juga ya yg mulai drngan kata” itu di balikin lagi perkataanya dan di bilang “lucu” , berarti seakan akan menilai diri sendiri ya? selamat sudah menguliti disir sendiri🙌🏽",0,0,1,ap16___,ada kepentingan pribadi apaan kira” dukung yg banyak yg bermasalah fer?
prabowo1941,@ap16___ ganti nama bio ente 😂 ga malu jelekin nama sendiri?,0,0,1,ap16___,ada kepentingan pribadi apaan kira” dukung yg banyak yg bermasalah fer?
prabowo1941,@ap16___ udah blm? Ada yg mau diucapkan lagi?,0,0,1,ap16___,ada kepentingan pribadi apaan kira” dukung yg banyak yg bermasalah fer?
ap16___,@prabowo1941 udah blm? tanya aja kediri sendiri🙌🏽,0,0,1,ap16___,ada kepentingan pribadi apaan kira” dukung yg banyak yg bermasalah fer?
prabowo1941,@ap16___ 🤣,0,0,1,ap16___,ada kepentingan pribadi apaan kira” dukung yg banyak yg bermasalah fer?
dika.dip,"@ap16___ ini benar firma ALLOH, belum nyadar ya,artinya sudah SUMUN BUKMUN UMYUN FAHUM LAYARZIUN.",0,0,1,ap16___,ada kepentingan pribadi apaan kira” dukung yg banyak yg bermasalah fer?
ap16___,ngomongin diri sendiri?,0,0,1,ap16___,ada kepentingan pribadi apaan kira” dukung yg banyak yg bermasalah fer?
_capri1596,@ap16___ dih suka2 lh ..,0,0,1,ap16___,ada kepentingan pribadi apaan kira” dukung yg banyak yg bermasalah fer?
ru.na5443,Sehat2 semuanya🔥🔥💙💙,24,0,0,,
wasis9880,🔥🔥🔥🔥,2,0,0,,
mishaelsandrina_mse,Kawan ✌.... gaaassss poooolll,8,1,0,,
ajie_abdullah,@mishaelsandrina_mse torang gassssss 🩵✌🏻,1,0,1,mishaelsandrina_mse,Kawan ✌.... gaaassss poooolll
nisrina203,Ok Gassss🔥,10,0,0,,
vivi_sumampouw,manado ini kang?,0,2,0,,
lindatinnypalit,"@sumampouwvivi_ Iyo ya, ini hari tadi soreh tgl 5... Itu di lapangaan KONI... Tadi pagi di lapangan SWARZ Langowan",1,0,1,vivi_sumampouw,manado ini kang?
vivi_sumampouw,@lindatinnypalit artis manado musti dukung calon dari manado❤️,0,0,1,vivi_sumampouw,manado ini kang?
mikehope._,Kaseh biru Sulut ❄️❄️,26,0,0,,
prczalt,Absen yang All pak Bowo dan mas Gibran--------->,2077,21,0,,
sahrulmahesa22,"@prczalt Sudah tua masih serakah kejar jabatan sampai rela langgar konstitusi untuk meloloskan bocah ingusan, setiap hari semir hitam rambut dan joget supaya terlihat muda. PASANGAN KADALUARSA DAN MENTAH INI 0 PRESTASI, kampanye menggunakan uang NEGARA. padahal ada pasangan AMIN yang MUDA, GAGAH, CERDAS, TEGAS, JUJUR, ADIL, SANTRI, BERAKHLAQ, TERBUKTI, CUCU PAHLAWAN NASIONAL DAN BUKAN KALENG-KALENG",9,0,1,prczalt,Absen yang All pak Bowo dan mas Gibran--------->
khdjaahrp_,@sahrulmahesa22 Penyakit hati akut memang susah disembuhkan,8,0,1,prczalt,Absen yang All pak Bowo dan mas Gibran--------->
aurasyahnaz,"@sahrulmahesa22 ngomong mu sembarangan... Beda pilihan jgn ngotot belaain c omon pake fitnah org dengan pakai uang negara... Ra urus klo kau pilih c omon GK usah coba menjatuhkan orang lain,, sekali saya Prabowo Gibran tetap yeee sorry GK ngaruh fitnahan yg bertubi-tubi makin yakin sy ke Prabowo Gibran ✌️❤️",7,0,1,prczalt,Absen yang All pak Bowo dan mas Gibran--------->
aurasyahnaz,@khdjaahrp_ Haha betul 😂,4,0,1,prczalt,Absen yang All pak Bowo dan mas Gibran--------->
khdjaahrp_,"@aurasyahnaz Biarin aja mba. Ketua sama kubu nya mah emang suka gitu, suka menjatuhkan orang heum mirisss",5,0,1,prczalt,Absen yang All pak Bowo dan mas Gibran--------->
muhamadrizki25063,@prczalt sory gak ikut,0,0,1,prczalt,Absen yang All pak Bowo dan mas Gibran--------->
audilla_aulya,@prczalt MKMKMK,1,0,1,prczalt,Absen yang All pak Bowo dan mas Gibran--------->
vergaa_5,@sahrulmahesa22 Andai keputusan MK memang dianggap pelanggaran maka yang paling berdosa adalah pihak yang mengajukan. Saat itu mas gib kader PDIP. Bearti pelakunya adalah....,1,0,1,prczalt,Absen yang All pak Bowo dan mas Gibran--------->
sahrulmahesa22,@vergaa_5 raja kodok,0,0,1,prczalt,Absen yang All pak Bowo dan mas Gibran--------->
_gethuklindri,@prczalt 💙,0,0,1,prczalt,Absen yang All pak Bowo dan mas Gibran--------->
muharlta,@prczalt ✋🤟🤟🤟,0,0,1,prczalt,Absen yang All pak Bowo dan mas Gibran--------->
aldi_heryanto20,@prczalt mkmkmkmkmk,0,0,1,prczalt,Absen yang All pak Bowo dan mas Gibran--------->
dzakir_0502,@prczalt oke gas oke gas tabrak semua aturan gas 🔥🔥🔥,0,0,1,prczalt,Absen yang All pak Bowo dan mas Gibran--------->
mochammad.sahroni,@prczalt muncul mulu dek.. udah belajar sejarah sama PKN belom.. cari tahu sama gurunya kasus semanggi 98,0,0,1,prczalt,Absen yang All pak Bowo dan mas Gibran--------->
syerli036,@khdjaahrp_ betul Bun klo penyakit hati susah disembuhkan,0,0,1,prczalt,Absen yang All pak Bowo dan mas Gibran--------->
septa3467,"@prczalt Ini lah sasaran kubu 02 anak2 mileniel yg brSdm rendah,mreka yg bru kenal politik baru tadi sore dan hnya viral lewat tik tok..mreka mmbuat tinggi artis2 trnma dari kota dan daerah2 untk mnjadi influncer mmbdohi2 pemuda yg baru kenal politik.. tapi jika mreka mmhami politik dari 10thun blkang pasti milih Anis...",0,0,1,prczalt,Absen yang All pak Bowo dan mas Gibran--------->
syahrulbakhtiaar,@prczalt mkmk,0,0,1,prczalt,Absen yang All pak Bowo dan mas Gibran--------->
robbyrhmnd,"@prczalt heran, ko malah ngedukung naik pajak +naikin gaji pejabat",1,0,1,prczalt,Absen yang All pak Bowo dan mas Gibran--------->
nikosptra41,@sahrulmahesa22 luu ngentot bang,0,0,1,prczalt,Absen yang All pak Bowo dan mas Gibran--------->
kiky_260981,@prczalt 🤢🤢🤢🤢🤮🤮🤮🤮🤮,0,0,1,prczalt,Absen yang All pak Bowo dan mas Gibran--------->
aliya_formosagirl,😍😍😍love you bapak 😍,72,0,0,,
nurhaeni_026,Semangat bang 02 🔥🔥🔥,13,2,0,,
sumi.sudi,@nurhaeni_026 Bismillah 02 🤲🤲,2,0,1,nurhaeni_026,Semangat bang 02 🔥🔥🔥
nurhaeni_026,@sumi.sudi yes jg Bun 02,2,0,1,nurhaeni_026,Semangat bang 02 🔥🔥🔥
denicandra160499,📌 14 0️⃣2️⃣ 2024 Oke Gas Dukungan kita kepada Prabowo-Gibran RI 1 🇲🇨 ==========++++>,51,0,0,,
marliaajah,Pokoknya dukung prabowo gibran gemoy,36,0,0,,
